"storage_id","extension","id"
"ebc10d1a86fe44ad10a6408ab5549ae62933134c","flac",NULL
"f3411b50667acdadab62d3323b77dba1df1511fd","flac",NULL
"47d560da4bdefbc73438a6924290a44784e3f64c","flac",NULL
"fa250cc2fc2608de7e03284488a26d18c8506ad5","flac",NULL
"d2299b50aa9e5f12e31f78de7e66b780eb4f05c3","flac",NULL
"543694f047d86fb5c027cbce703fdf851e582388","flac",NULL
"f1f31f4cc230b911e7890100607566c7476635fd","flac",NULL
"5ec1234c5201b7e3d0c00e287ba332bafbd5868e","flac",NULL
"6e7f52ce2d9fb59ee18763b69338acfb15602a62","flac",NULL
"a6bec37e2d909e44be3f7bd7827751f8d64f4da4","flac",NULL
"fce18e4cb59339f481cb2dcc09ddbf615f4ce6f5","flac",NULL
"7bd26ad96a8f024bdf3542ce2de1fd257ad085cb","flac",NULL
"5cd35dfded53b71788d26c29d116c5f14a52a114","flac",NULL
"dd38c905d4e734e9b0720d3cbd938643c418b41b","flac",NULL
"2a40c5d45ee87ca3d7e9e0708cb6d45ee7e9bfc6","flac",NULL
"5fef25c2a2f10011080f16dfa6289cc06b33a056","flac",NULL
"19e84582dd2ad8799945cae7e5bf441131e6dc02","flac",NULL
"912c398d6dd2d7895c388aaa320585f7bf0a07d9","flac",NULL
"fa50cd32d9caa782c66a556bfb29af29f9e2c6ca","flac",NULL
"ce4cd52edeb0a00d2c10faafe18441d7a06eb953","flac",NULL
"3abd8bf2b2cc16fbec22c8440edb539fbc929be2","flac",NULL
"e3a1f7e6c3395fbe1671efea87009b0831f1e191","flac",NULL
"14b5a2c7e7786eebccf81cb711c862c0314911b8","flac",NULL
"e58d375fc84a8eddebbe81a5840aa54792c84914","flac",NULL
"e428f8a24ec3344cf7b2374d0c0f83b55d357161","flac",NULL
"63f17b2bb4492493873b93d4b6474c0223235d0d","flac",NULL
"8d9fc2bf9f3333e1ea3f588b5cf9000068c9a32d","flac",NULL
"fe2b30b778dd4866cdd7fad335c5e1c04a62f2cc","flac",NULL
"0df62d06b76cb82dd957250c6434196210de9957","flac",NULL
"dd2c29869ce94956c8004df66af7e7265ad14968","flac",NULL
"46e8daa10105cac9cb4b7ab633769044c1fe27a9","flac",NULL
"fd8a25306e5c108649c4b4a78d607c2738219c67","flac",NULL
"e2c2ab54f5fa68aca4aa2893f9a149aff9232315","flac",NULL
"8e77b9fe2594fd9887a9c6bcb4251245c52cfff3","flac",NULL
"9c7747efc938dd7c1f7a06fef478539386a67614","flac",NULL
"1c61cda80126fda8ba6b6dd8f5a8d37a2b7161d7","flac",NULL
"e6c54749525a073a582d7e53da1d04590f3d3de7","flac",NULL
"7090f913457c63d8ff3001f1708b5d603d9b343f","flac",NULL
"e8e2f156c9d61c5a53139000e9abbe8ddba52154","flac",NULL
"1e518d9b71b449abe437817d02fa7311dc183d26","flac",NULL
"392c3f80cd7ab56ec8e1d770e4084f76090f2391","flac",NULL
"37f61359e87bda6aeeaee1bd8aef6b5b9fd34f37","flac",NULL
"34d868b7f02029c920b9274299571f82c4441595","flac",NULL
"9d92b3c422387872e86e6344819a8cbb3e846727","flac",NULL
"be45ea4982236cc31e6a59ccd757f1854625023b","flac",NULL
"4e9fbe2b3b9738dc5b0938342d0c094649150aa4","flac",NULL
"0b005c823cab6fcb6d5eea4eeac10982ecb21539","flac",NULL
"9425127fd9d32c332b4fd9e01f712921ba6d7097","flac",NULL
"98536f8ea458c15992761ed8615cbdbc8fe99025","flac",NULL
"b61412ac0a256a81e5c4a3b7e03fa5ab9fe02d90","flac",NULL
"ec5949d2b7efd3b7dcc7f6ae8d085c4b825cf27e","flac",NULL
"19fbc15d56ad1f2f4247820f2869666df388388b","flac",NULL
"ef7964ebff12e4533c938374574aec3ffcc2fff8","flac",NULL
"98264d5c48ec83001e5592c824c5f0396ed24910","flac",NULL
"bf6c79eb2ff7f83abe6457281fd87ad45e205180","flac",NULL
"e3c7f1e412e295c1c9582a433897328df3cb6c97","flac",NULL
"5397ba6677206b7fa9e8ee37b07c720da1581f4a","flac",NULL
"917c357d54f5cbf30d846aa100dc32f2cbc072fc","flac",NULL
"9668a0a62962e486c26b3df646c07f790298b456","flac",NULL
"2457c4b9b181ea0a207c502aa77778103cc3f440","flac",NULL
"a1bf18ea717a2607993b5f3dd5b8d4c33d1b18c3","flac",NULL
"e28af3b1e65bf28f0ab59f31470c3d05edf4a25d","flac",NULL
"1ef84948871eaa6b8d7bc7c1b88a50c3d54c792c","flac",NULL
"d6c976441f253448dde15db13053dba511e89868","flac",NULL
"14d699a1e3c73493e4b1979945bb1a82c2f04661","flac",NULL
"3d57ca859fb2219912981c5498a97e0ba6e73c32","flac",NULL
"02b3aadeb1109b3bd4b2c1dcf4191567897df88a","flac",NULL
"0fa723e4e98218159a1ed960634ad3e1d164c7d7","flac",NULL
"20527d18b02453bb1a3d2d6f6e28be387546ed15","flac",NULL
"838be2b6705aed2e49cb5690ae2e6f1c23d15b63","flac",NULL
"0bfe242c09f8dfc97139b4d127bf7e2f359f0247","flac",NULL
"ca2138169fef3b9a0776858ecb49757bc66c1569","flac",NULL
"300dda4b5f24a8409d9b36db87a4ea57f43200a6","flac",NULL
"bf5500bfc32ee35fe12db183940d1398425471aa","flac",NULL
"554651c8edd13ec4a46235cb60be7a1c7c19d308","flac",NULL
"34349279771f83c913974c4aa0a95e28d3e83ada","flac",NULL
"f3abaf595e3bbee84361eb7f95dd48a20ccf173b","flac",NULL
"22a008311881100d5af2f38d3e376161f1bf6ad9","flac",NULL
"495c217337777448d018041bff6224a2057b48a9","flac",NULL
"a67d25c80b2a6fb6910a1f56c3891e66fddca928","flac",NULL
"5e6147dee1ea71ead2f6e4a8ac5b97dd81b42936","flac",NULL
"86b83cdb0798ebcb2db4cea05ba597054f877158","flac",NULL
"996bcb0da6edf1ce5f3727fc65c836119197549a","flac",NULL
"859b49ad3915c16853f98b9eb6b36a3a71f0654f","flac",NULL
"05b5c12419a0184035014f18c93fe18050a702f9","flac",NULL
"93d84c5414d295d44d583466eb8ef50366ff3a0d","flac",NULL
"f702d49716d037e0106e46fbec383ad878d00916","flac",NULL
"092fe42852c37416717fddfc001b0edde7ad4360","flac",NULL
"833790029a21df5e4fd014d607a1f36269b0bd69","flac",NULL
"58683d9c41392ad949954b069812a27e5d9253aa","flac",NULL
"e2ce882530af605a462b1d41f8557aec2d41ff31","flac",NULL
"7f5dfdbcf204c317d8d15b9dfef6524e818ad2e4","flac",NULL
"df585a235af4b1290a576337e5acdb6af8fa9823","flac",NULL
"20bd9d20d7f7a5266d88fbff98952004cd9ddd4f","flac",NULL
"3fac6686eef0f7b7d695092f16c0c80bb5a5d973","flac",NULL
"f31e2e42684dc79ccb67ed27ad3d46b1290de879","flac",NULL
"a577303388d995d844c8325217a7f6c468fe6b98","flac",NULL
"6f685db6e04161ae1332162ba3446e56d2d656e0","flac",NULL
"d3ba4a4fa91510edf2697a28814b7efff7b6d6cd","flac",NULL
"4e04f8731a9c52153fe97ba36dd7c13dceac339e","flac",NULL
"50edb5db9d2b6806e582ddfdc326779070977ddc","flac",NULL
"d36278ef5c09d9c61c0f18ce4723ef3e1d033769","flac",NULL
"54fa275163aa2d614d8bfe360fdf9d092c224450","flac",NULL
"a9441dc480e94627688ff05c90c2bc41e591291e","flac",NULL
"77eb565be37dce753c82574ec76b1c2835f64d9f","flac",NULL
"b0e3cf8eaec82fd6c4772f7e48a2393b74cb00ac","flac",NULL
"2d8b59e441deb55cc5893f70c4c28828b1ccd007","flac",NULL
"d65aa3a7212df76a1c6771a38500238ab0a1e198","flac",NULL
"a99ad41701879cb2b8384fc7c52ee19d6a327d65","flac",NULL
"2e24e503e550d65ced23d07d434df869a4bf11a0","flac",NULL
"97be2e37959edbba1db5a87ab05cde20bda577e8","flac",NULL
"64d1d2104feaac1892a788bad6e8f94a7174c975","flac",NULL
"cbf622665263c11e69755a0534dc0fd95f570cb6","flac",NULL
"44b4dabb1bb0df204f8042d7365ed9fe782b1e63","flac",NULL
"acda33e4de606d47dcd5c27ec41406a8bb7aac3a","flac",NULL
"8092592f57b63284e28fe02a78482e6b33f937d5","flac",NULL
"1900dae59b39ddccb257d70a058b18d263fce1c7","flac",NULL
"a0f953008878e22bda25eff2077325931f7b4546","flac",NULL
"0e2103ccbf847f72b93a0d6009a3488f9dad26c4","flac",NULL
"8fefdeb174326e51f92d4d9fa731be8424ba2218","flac",NULL
"5652e6fe0f01b2b2cad25349463bc77ad57514ea","flac",NULL
"bcf6fd592353a16984d1e31438d5f03170d600b2","flac",NULL
"24519c28aef3eba36a80ff66fdbb94a39f7d0d9a","flac",NULL
"2ee6ff487eff34fed563e289a455a5a60c0a9129","flac",NULL
"6b76d70e34a3ef6c4f2287af9eb4c84eec588242","flac",NULL
"55deff5658b58e830e1201797358609b3a09aeb0","flac",NULL
"fc3334710f96e3f6ef44ebcaac6ef95f3aa08b32","flac",NULL
"27365f56819fb3995436725a6d87cf87cd1b090f","flac",NULL
"573e8d2cb57a63cd19e527fad2a081123c837e21","flac",NULL
"b88fc560126524458288ea5ca35550aa7f0aea9a","flac",NULL
"40e529b82789b97c4f52d2e6e1fed98cfd151ad9","flac",NULL
"fb7822949be9351174b2258d4f9d00b6a265ff6a","flac",NULL
"ba31b0a44439e5b0ae601c6517b2f8b84b63c2c3","flac",NULL
"e50452c155b84cd1c4089ca5d2728be79272c72a","flac",NULL
"76d1ef15a7ab65ef6450e85d7b570e45018ecfbd","flac",NULL
"943668cf4b15808833bba65f01932931a86e29a7","flac",NULL
"868f2df3a0da8127892673ed2889b13bf8c98919","flac",NULL
"4d8beec70b77f75dc573f734501027659c312bdc","flac",NULL
"f721fd1c8c8711397924264dc96fbef037dcf14a","flac",NULL
"07943537724b0a89cb2bc1e514847881a06d6753","flac",NULL
"57b9d678bb08e2454ffa3979c3ffd1980de881bb","flac",NULL
"51ceed002f2c822bf72b27f5fd93b1524add6646","flac",NULL
"0b36fbc182033a69ec86c9af96c684bc9b0bd86b","flac",NULL
"bb9a319f518c2cb3c019931768926e84a0e59a17","flac",NULL
"eda5b634f0388fd98b0d63a9a487fd923248baeb","flac",NULL
"ed7cff246d4c5250c5e3dbcf6b156816f2442b91","flac",NULL
"c670198d433f2a6800cdbb372624bb5a7b204f37","flac",NULL
"748e1e21f54e8f53bac9a339a1d6dc26d34983e4","flac",NULL
"15c47e8dc9056f176b1ff14876dc3c430a215b13","flac",NULL
"3b87b6f7345af7f7115515c1a9872734e21930af","flac",NULL
"5bbb9b48effe1fa104297b256d3761a49a9e6748","flac",NULL
"c77e7dfa82ce692187b4b2c1fa7ad3fc6aac00fb","flac",NULL
"bed8f32a1e94a759a24ba8968793ea415df82566","flac",NULL
"e4b1462ce7e7a058fb9554946b38a007ce4bd7c1","flac",NULL
"35737fd3868db4b87c665a43e9006ebb37304631","flac",NULL
"22553239c392e54a2477f4149c7873c5861de1fc","flac",NULL
"a7003ee0d2f3936556a3829ec60117f7cf12eefc","flac",NULL
"93ccaf0e9c8b3305edd47f3195979d617685a23f","flac",NULL
"b0bd7b0a7c3e2e2e6f8d36b6fa362d859a78c6dc","flac",NULL
"b38334e236259e83b49ce519ff9042f292254925","flac",NULL
"48861e6fdb15524d9b32e3ec371f20ec6879f96d","flac",NULL
"23fc85d34465e95658d13671b613d4378d7939d0","flac",NULL
"5fdd989a73f386fc563135b4d0734df35c459ba5","flac",NULL
"ea98b90a952b9dc473f519b8c09dac0eacd771a8","flac",NULL
"8b34b81f8a9ac64929a9c220008b6875681868fb","flac",NULL
"729180b6aa0f9c904dc2a384d82c8bc2815242e2","flac",NULL
"b76e2efc21ac4f3b9502e7154c98a3f1e6efc35c","flac",NULL
"cf516c97f7e2819eb9698ee8b872e1ff4ac04a78","flac",NULL
"0b9432fa63fdbc2204ce1ee77c88b04131af0614","flac",NULL
"ab9caaa66b23a8df1ac6bf67e454d1e002dc0ff4","flac",NULL
"c4b9e751107b4d207762a1a1c4a775cafd9beb13","flac",NULL
"43c8a1a9db6feba68aebc511ed374710360c3bc8","flac",NULL
"0693420f496bcb93ae0ebf5d3bacc21bfe437733","flac",NULL
"324a199a738b1c5449c3d6f82f390c356da19d5f","flac",NULL
"2e7d9be89add7859049094c9ef8e5506477ce908","flac",NULL
"71f9dd0c5fd1c33311631ef4d37bfe4cc8b7e3ea","flac",NULL
"4e4a60ef1ed0048500aee712418b6b7226023647","flac",NULL
"ecca678c75494bd8dcadfda720ae17a0212c514d","flac",NULL
"2d5c055a1982dc3e146da350017e58269027a01d","flac",NULL
"5a404f52b2c444e4c89b1bd17ac1d25721965150","flac",NULL
"cc621c51367ca5cbb55ce21c56cccf5172272861","flac",NULL
"f83c6206e991f01b401a932cf4fc73805362ca0c","flac",NULL
"6755d9068547e7bdf9ae8cba4cb1dc3eb1878251","flac",NULL
"e6d533882e79ea104a29a9d2f9b1a91e9fab2641","flac",NULL
"5a03ac77cb5d934b708f8b8cf3e1fac825598b34","flac",NULL
"832656f1c2f73ca584818c982a85e9d123da8ff0","flac",NULL
"d5e41336673cf818fc84ec5df16fc3e9bc943791","flac",NULL
"56c0a832cb087ba65b6c92a2e81a9259a0a98a37","flac",NULL
"5c77f12b1e2824cf26b29aaabc432c98554e478f","flac",NULL
"770546caf5f99d6ffe281b728beb9c990f194efe","flac",NULL
"35fb9f84761275f7086d02e2bf5ca7ab1354da1b","flac",NULL
"71b62b076b32eeb721c52d8d1501a1a7243df33c","flac",NULL
"f3c0f599e483e3c00b8b12f45b943c374cb20719","flac",NULL
"70d718872158eeb07421947a80b4e76eedefbf2a","flac",NULL
"a111b6de2086745e859b08298a841764358a7347","flac",NULL
"16328c00de4a06342a5ec0f1d743ab04a627dc69","flac",NULL
"0aafd59d0fdbeceb984234cf0367816f55ab0c74","flac",NULL
"3eb4193bcdc94cb6062ea2862435c7bb014997cb","flac",NULL
"f9dbd3d59963393c0973d8a920835d5b235d8716","flac",NULL
"98be2963e61b7757e97f7fd84be8b84e5778e9a7","flac",NULL
"569853e9c31d9e7d555eeb3a2911c63ae1867370","flac",NULL
"5aadbda2b2ea5c11969e336402842fef86a50543","flac",NULL
"1cf3d776bc17708670e6bc0b0422bd763c8f4d81","flac",NULL
"f59151d7e9d387c4e5242eb3be32aa2df29515d6","flac",NULL
"53d0504612449cf52ab7fd9e0701c0baefb284cc","flac",NULL
"60bd67e8229e13f953c1d89fa9d0848dfee2e99d","flac",NULL
"86c25739ec33cbad486805a2582304b360d85a13","flac",NULL
"ba38baec967d1a17e88b53ad9162b1d4a13a770f","flac",NULL
"1c36e6395192556cbb4e822ec4411fcd6f5433df","flac",NULL
"78750d8ac417af45e5568703dbb7c2f55fba74e4","flac",NULL
"ad032cae4e6e5dfe812f5dccb25d37b29d19e5d1","flac",NULL
"24bb5d8bbe536c85d3b82edb19c1725a8dddc50a","flac",NULL
"94d83b952e224728c697830bae5de5f8a53252fc","flac",NULL
"8f633cb7d78c9d305d49405068fda89a038fe49c","flac",NULL
"85407fe808128a7c0075822e5d08043c2c7a03c3","flac",NULL
"be603cdef66a73b71a201794df10032cb434cab6","flac",NULL
"cb7acff50db5c86c7b2815da072e2367bcdd7ec5","flac",NULL
"6a4a9dfc380a621257c0876e8618af69f12be34b","flac",NULL
"b773774cf9bb44c252671311d705a5dfe30177b9","flac",NULL
"48a58835d9d13f71cccf86db0d5b3b18b28e27f1","flac",NULL
"8e84d0b8d00d0db48f3165ee16f8449477a48d13","flac",NULL
"797422d1f632dbeb7f36f9631366ef722986aa3f","flac",NULL
"67da36014780ee7a492f24387f8f32091941128b","flac",NULL
"77186e6e274efd1ba7d8600f1f7d4f56b2d5bcf5","flac",NULL
"50322b8f66dc4590b1ef944a3e0f93bdd8c7286d","flac",NULL
"36156f470e5e31a48c7321507982bd0ec79cacf0","flac",NULL
"7b18d113a94deeda92913b94ba51ec56533efe02","flac",NULL
"dd7a356c02b45c6a2177a61ed295bf7aa46111c1","flac",NULL
"a1c11efc7238ca31165a2c363b5ca9892690aa77","flac",NULL
"a33f424b6d5c438b31f6f45855d96cd1ee796e1c","flac",NULL
"374faa21ce509cf950ad9f87d5ee6d127e37ac44","flac",NULL
"f2c9dc8e19733bc3e9383596cdb8d69578f57444","flac",NULL
"a24527d80da641b3552fc95654c1416cdc853ca8","flac",NULL
"62eb10cb3c2fb843d23835ececf6cb92649e64aa","flac",NULL
"2bfa53d86729fc81af3620dcfb672d854901d42b","flac",NULL
"73ddb7e9f9e2593c1250a672d70892f527d4dfe2","flac",NULL
"1e8d629320e617be60f44a56291d9ee67f07f751","flac",NULL
"bb9ab11c03e36d12cebc01cf3d206d888a515444","flac",NULL
"24dbf39f68519931c09512e04edba33b06df592a","flac",NULL
"bd1044718dd1536267c852840548398336e4c6ca","flac",NULL
"f4844f5a8399e90bac8306d494fc15eb355766b8","flac",NULL
"7191ec252b2a478039aaebca5b8bf2f7b59be618","flac",NULL
"873110399aa2f3f2d7e707fdc987f74cb0e91101","flac",NULL
"57a64ae7a32913fe9d2cd5bcd02e7a17bd98bc00","flac",NULL
"2571c9d7879a9168bf2005df928b987eefa7f30c","flac",NULL
"46b4af21f42a6545c47e81ee0d442481fb224b45","flac",NULL
"6e600c0a8f870add7c627a7ab57acd93e9826ad6","flac",NULL
"b4e27076a6d176899bba1d7d8a19fd05fe43b3be","flac",NULL
"7a051a6163de8d4a7ddd0fc2babc80367c37af33","flac",NULL
"a98556cd1a8648e9781a6334fcacd7d708c826b1","flac",NULL
"e969cd7189da3eb7fa1cc96785f3d0b1d6cfa444","flac",NULL
"98c237ffbb44693fc50d2b539bc4daa7e89cc2b9","flac",NULL
"240b303e8134406504b809af88d194e05f51c92f","flac",NULL
"00d8a728f57f54b78ce6bb5a9260fefa690a1256","flac",NULL
"6a2b3d14298d5cdd2093c5b840af31dac5c3f4e7","flac",NULL
"edf8603841f396d6bd6f889250bb98f6a9a91e5e","flac",NULL
"6e61e84b05eac3c2db135df26af10c8f94ed97a4","flac",NULL
"b32bf70995898020c6bb613dd0b774bf6a58bdd8","flac",NULL
"6320d6905051f3028cc7a0cb384fbac72b6b40d4","flac",NULL
"ff0f6edd7560fdb11340f9ea0fa10d76bbb256fd","flac",NULL
"b1e7fef5c531e231d3fbaf04f41ef61defd893c0","flac",NULL
"b5df884f0c7a4a920ea96ba23a5502ab1030d76d","flac",NULL
"9712a7a2fa7d07813fbb8eeffd647f00d53e9064","flac",NULL
"88a1e8c4bc37a2e055e5344f1ca1fc2c5f7c07f3","flac",NULL
"50570c1b9e4ffd62c161dc09fbeefbac070c4f15","flac",NULL
"49f4c257600a950f9e1890e836f4897908e700af","flac",NULL
"f7138ef5b022c92e72157719d5b491e4e41ccaf2","flac",NULL
"cf2a2bebbf209baff92d97933c36dfbd3da7543b","flac",NULL
"52a4c33d30b440a95c08d04ed6bcc6d9074430bc","flac",NULL
"5cbc997738fabcf7528bad714b75688e4c59ce81","flac",NULL
"4dd41a7c8b0379ecc00766195344724f58534594","flac",NULL
"3cf3564262f6e213447a9262fdb78484a7d639a9","flac",NULL
"666c16a1bd057661cede8af5c3e92f9061d88f8b","flac",NULL
"c90347ea0bb46cf8e47abc9ec56f99113a5e6a1b","flac",NULL
"736bb72fdd318cec0a804d5a25df6669dab038ca","flac",NULL
"a6fca8cf32110a56eeab619cdab8cea83a3a14c3","flac",NULL
"f45e20ab3df7a723df81a3e4c6fd6df21ff984ad","flac",NULL
"36f8229ccf91eab131eb06a9d01b2682bba2fb23","flac",NULL
"ad95d0c83ff41a65f39611496244d2c27b7463dc","flac",NULL
"7879ec5729a0473a697a7f43381ed4834e4bf374","flac",NULL
"6ea837985ee7ebed98664f00be646d364393a4f0","flac",NULL
"b14d81673fb6f974fdb39512f99745e87f7582b3","flac",NULL
"0fa93b1325f09e6cfae588c32ff230310251fe64","flac",NULL
"5824f12335ae3456e22f86d24580e1e74f7fb3f2","flac",NULL
"e0cd55d255c9abc9195b381ace1bad1bd9cec2f5","flac",NULL
"f6efdcd89235ba16fd9d5d69ffeb533246c3eae9","flac",NULL
"75bc54e00c4a39b6894f0ffec40285d1854bdb1b","flac",NULL
"41f1861c971254adc2c820005fee9fd5ac874260","flac",NULL
"7a01a9d10b1dbc14013ec0c8613eadcf84f36799","flac",NULL
"32187f541c730e4cfb688b618c6c2d735ef83a1e","flac",NULL
"fe7890cb4f0e12caea5e41e2eb80880856df76a5","flac",NULL
"39c25bbd01ed3fa74f8ce406f922ff9a811aa016","flac",NULL
"001587281297fc0a815afd4cbed45e3166510af7","flac",NULL
"194ec3815cc3cd49cd521c84a67f23853d9fbf02","flac",NULL
"278bb879251c6ffd56de3552564ef56d708216ac","flac",NULL
"0dc501cb086836fc7a573a9e053000701f105620","flac",NULL
"ffb3a467733a95859d381bf6452e8e1b397b0204","flac",NULL
"4c45c351472b3d4d009738fe2860dbbe21352396","flac",NULL
"a9723ebd9fe12787810762584458b19c93c0c6a1","flac",NULL
"ce02b74e4687a854b338dee8217659cc75791a5e","flac",NULL
"e4578fa230964abdd528a7f1f71e1b45bc69a99e","flac",NULL
"fd2515986063161a9451d330deea5e4340bc562a","flac",NULL
"61c09237f1922ec058e3e4cc7326f7dc30568688","flac",NULL
"7417349337e55aa80f682a1a1077075d2050baa1","flac",NULL
"27de7121c5bbefc1cfacf17f7170d914f855a15b","flac",NULL
"b987305f0d138e0c13c2106578d8f9f998ebdc78","flac",NULL
"e2af97b7bb9821e33a61fb3ec1566438aca0547c","flac",NULL
"88da2772c0645bcdc791fda6c85e9063ed0d31ba","flac",NULL
"b3c078278eead8385ee52d0b5eaa1df37d6494e3","flac",NULL
"868933596643c4d2b4d042322acc9cd05c84c062","flac",NULL
"a6b6a86a56ec3eddfe5045f84897f02db538acaa","flac",NULL
"0a898093697331f116ea0275b7b3bcbfafdc60e7","flac",NULL
"3af14bb65042a07b3e33862a60a8375a53fb3991","flac",NULL
"19a76d4a0f29ee7778434a936bd9cc318afe9b96","flac",NULL
"c4223ada79b5a4d592abecc59a16e5124b0577ec","flac",NULL
"91daf2270b2839845ce6faf97f5894ecde10e20e","flac",NULL
"d97a8c025974b8f684d9c477529cfd53a3d6d246","flac",NULL
"fdbf601508497905694786a3b1c34c406b2b7495","flac",NULL
"90263d1d269f57c1e7d8f86b253eb4f7bef41fe5","flac",NULL
"0540a414ef2bd1760627e0b64e577966697b6313","flac",NULL
"9f6ff59060564701b210ece9a7c5b8eb889860ee","flac",NULL
"c8427b74b2422809fb07af1b27e62185e7a110f3","flac",NULL
"1a3915cf83b451eff65ad04c24949022f8582453","flac",NULL
"9bd6369b35522d07a13daf01d417a741f463fa44","flac",NULL
"6d0a21198a58dd606a905fffedb284184811b34c","flac",NULL
"b26ebf6d2451b7b20db1c0e6328c5cd6a8c7620d","flac",NULL
"b084660d0b9ec9a7f8cd808162b0b308f7b871e3","flac",NULL
"5c6a4c653148526ddb1d95c8f5085d01fdc87ea4","flac",NULL
"8338f968e5e980ea541151fe1c0fc1f9e0ac1b45","flac",NULL
"17375fc599ff5411f2c8294943cfc909ce782a94","flac",NULL
"f525b3aa980683c4314907356c1c920f677b19b2","flac",NULL
"5cf0f895d4f6861882fe09e7e3607d45449cab64","flac",NULL
"e53c4f9f2e1a6aaab060bbba6c58260669c4aa8e","flac",NULL
"4f3d6012e7134c52ee18ed7f78566c197ff3eb19","flac",NULL
"e6e21b7136df7578a169fefdc7524c1c33201ab4","flac",NULL
"d7da36e82b776e31c511699fd8e478001d6ce1cb","flac",NULL
"dee153dbfa7e55d54316b02e7606edd7e1f9b608","flac",NULL
"32aa94cbb0a6b3b12b0aa7fa69ed799ef92fa149","flac",NULL
"022c81f70f7ce27a3cdbbaf0f40c5de411d90a0c","flac",NULL
"87c043038fe72614246dcd518d14df870bc3bf71","flac",NULL
"bada983c8cf1c6575bcd99b21b185165022d256d","flac",NULL
"cd59abfd7557196ea3049c2a82129c26d77c2f87","flac",NULL
"135002c07a3c1084e658b67deac498198bdd53be","flac",NULL
"94d0b5414d8618c3bf54e667d3b43eb8b262684f","flac",NULL
"67638e53abcee018a4516ff886fb24754405cf67","flac",NULL
"8ff767d9b7015df64021c01a103fd0fc570ab197","flac",NULL
"55109a7a82d567dae7d74599b0fcf2d26a0c7649","flac",NULL
"0689968e84c42b9c1c30c36d0fe24699445fcc19","flac",NULL
"aa638c443e75dc824ae7bfaef69be0cd3e85d503","flac",NULL
"bd8077d0f41a8424612ab5e6dc3ddc642f067d00","flac",NULL
"d83733be70ac20cad595334a38e36ef65feb495f","flac",NULL
"aa677d300c423e1733a0a298f11acf0ed72b68d5","flac",NULL
"15c1d8fbd3df4bee9b855c980b9c2ff7786161b2","flac",NULL
"bfd5f2043a74483acd03ab4525d074274aee49b2","flac",NULL
"aede73e110b313dc5a59851d535577e853c90da4","flac",NULL
"c9432bf882225e8626859d1770c8a0128367c889","flac",NULL
"3c676dcbddb43db51f61088900263e877e060361","flac",NULL
"017c3edc79d5df544dd3049c948d19269e5a1724","flac",NULL
"b3538f4ff9ac2f11a119830785a777d4b566f167","flac",NULL
"86b10c5c1edc33dea8214a84168451c6d42303b9","flac",NULL
"07a800cedb649f3bf0c1b3fbc74a4a9fa2c9e1d6","flac",NULL
"93b959f5d1ad7f193aaae7d05ea5ae119a43b713","flac",NULL
"e05586f6b2b98a7517341d7def2e392d6a8c6a3a","flac",NULL
"8ebdbd490eb4868550849d725ae5d5cde4eff6e0","flac",NULL
"c977cfcf38d2279fc78537a57f4d8af30e0bfce1","flac",NULL
"530e65a7ee07f593564b670387e04fc0e2b1d605","flac",NULL
"c45f5c1cb39b0de8fe4cffbe7b5c324c704498db","flac",NULL
"e3fc278b7714e4c0207f1e386437f899f08257cf","flac",NULL
"2171da8f2f4b6d23efa6360b15ffbfcca6cd2622","flac",NULL
"6806d7f276f293dea145976c1ec4016c01322c82","flac",NULL
"5e4044310668fa02c666f5383c123ee903339147","flac",NULL
"609b6c290a0ab98d6fcddd72d047a1e4857afb4e","flac",NULL
"166a2126a6f985fcb00284ccd8540dd16c1e40a1","flac",NULL
"aa4439168a4f34fa4282ae1b3cc31886d00dc25e","flac",NULL
"aef92c6df11a42e3848f07ca5912a85fb6d2b3c0","flac",NULL
"12af3995a03a3910085ee6118faf8e803fd7915c","flac",NULL
"37124aeac650d3621ae9127065356ac72a626ce0","flac",NULL
"ba9127278c06428e037afd627a91aaba1e2289d4","flac",NULL
"e280ae9e8ca107943784d02dc9ef770e7fd8e507","flac",NULL
"438325fcd5d7e177ee22a592fa84b90e2c2fbced","flac",NULL
"2492f7ed086a117fdb2418efe3ef4581ff8b6b4d","flac",NULL
"2bfd8551382b4b87ed421c3e9464ac06c2b378f4","flac",NULL
"7f0bfde06d4b961482e297fb03c3cc1693b50b73","flac",NULL
"76604daef1562ddb26f1db6009b6279cfc15347e","flac",NULL
"c0ef9a07c8af287afcfaa19595d5658b999420d1","flac",NULL
"c7e6e774231e95334bb4b65d3b6626b6cd9eb6f4","flac",NULL
"17c31ab55f5804ab0465080a59b84b5ea891b65e","flac",NULL
"f35c77e66afd77d7725ba24ed07ff75640a6a812","flac",NULL
"bd5a3fd1b4a3434530b620b8d970fbb9e8c4eab2","flac",NULL
"3544a739ad3489d37c9f14c128845f792120ae75","flac",NULL
"3910bb15d80ef59165c9ee7cabbd7c287e68f65a","flac",NULL
"6fe95c0ef9000e59d0a5e9a64bab7995f93e6643","flac",NULL
"45343ec419d110ff4758e36e3859eeb2eac49255","flac",NULL
"0782a25920824b8dbdd5ed8cc42123eb31f0e886","flac",NULL
"d99601de5b3984ddfef865e54589ba37b363568f","flac",NULL
"c46a7c5072115ff0367abf0a76ac8f5363323f46","flac",NULL
"7bdc93ae1fecfcb5e124a9bd047ecfe0a00b73fd","flac",NULL
"132734eb3b27cf6a9f3e3af33e26a1c94de46ddf","flac",NULL
"f8a994c42865daae71f268dc2c3b92207024d36c","flac",NULL
"ecb84482f8ef0386d65a9ca400c53ca3e1b652c8","flac",NULL
"6f170ae803d56bde83db90f18dc357079415956a","flac",NULL
"ed31b248a1d7648546f4214bc6c9a7f5a57cf321","flac",NULL
"5444553b5e983453c18435c43b6f2d563acbd4f7","flac",NULL
"e54659794d8034383e49195b6911d4a776039907","flac",NULL
"526b648f4cb8f6dffdf5493127bf3999672f3a90","flac",NULL
"149f154b9b43fd13502cb34031a49ce4c8e2d4fc","flac",NULL
"bf0af55fa0da5a0e2a684b7384b98b676aaddd27","flac",NULL
"ce8d472e60f20584cbe6d766291cf95410ce39f6","flac",NULL
"3f2f0452feb54ab35b53ff16faed261f65b8c77b","flac",NULL
"fbb210ad1d3b3624ff9c31fa453261170f9b8560","flac",NULL
"9db4da65b73b3584c003ddee92637388297a72e5","flac",NULL
"2d3442c9aa04c054e08839d954b77fadda349658","flac",NULL
"b58140210fa712b13b68c14d13f4397fa6b15c74","flac",NULL
"5992b76ed8d053d1dc5412978860b7574576f3ec","flac",NULL
"6a337b21047121b95e93ffc773c95bb24a438f1a","flac",NULL
"e0210e50e33b8bda5962b154dde62dfae2ba809b","flac",NULL
"3c7fe01af30fde2bbb8b3e7e0328b0f831f0540c","flac",NULL
"3225df54da3c93f7aa59032118e02f4fd6080cea","flac",NULL
"5952852fc0eb4dc583a2efaef7ce9a9d29b8b083","flac",NULL
"71405e5503f36d6a6cefa3b83473b544083f582b","flac",NULL
"87ff841313d213530f2b28617f48bb8918c526a7","flac",NULL
"7967cd2662ef8d55ad3e622eb091ae190c073ad5","flac",NULL
"376bcfff0732d4dcf52bc5fe80c9783a01970773","flac",NULL
"eb0d6ccf9f60ac7a428c626bc406a14c8260067d","flac",NULL
"6c770a972f3c1c91b05d0c34469ad36a879d3826","flac",NULL
"cd85995897c5aa6abea450b38c3385a6e113944d","flac",NULL
"7225248063e992be0d528b705ab1a0b761388fe6","flac",NULL
"c9fd5f98d26da2bebf55cb23367471235a53c8e7","flac",NULL
"88ad931651174ca5005eee9da07a565e8ddd9c86","flac",NULL
"e9d2e7d5f9a4cba4bbb60efbcafc5c60c2b70dfc","flac",NULL
"3fd9c65ccec39f07fbd2a541729793e55b66dc6e","flac",NULL
"0fdad8b03070e89fd93c7304e8ed9d93d40fc98d","flac",NULL
"5bf4f37444fa440080029906300a0ebb9c0cad0b","flac",NULL
"ca855ce3189b13d9bd08f712de7e8078d4f7a457","flac",NULL
"b02280742dd33dc9c13925602fa591c404e09ce6","flac",NULL
"76aa42790e355cf787a9d1844f6562d0201f8d5c","flac",NULL
"71629b284a39cd5f811c49f44d0852f19b64cd59","flac",NULL
"9b01d93a5263fe7ff4aee8d1c30c7820a2ea85e8","flac",NULL
"aaf6dbda20a2d2d2a0ea2fcb633e7572a0a1e832","flac",NULL
"2a90ddd9b3b7210b52587d08bee136c8d9d85e2f","flac",NULL
"774752dcbe67889bd5ef34dcf84fccf298debeea","flac",NULL
"21e962032760e42afad0c20ca2edb6f6b7ecdbf5","flac",NULL
"9ed05335569c362aae78fe846deef4233857382b","flac",NULL
"e4bcad59b3c5215bc35c8401748bad2522e214fc","flac",NULL
"ed9437544e4ad4e648de13244f1ca49648b71d7a","flac",NULL
"5462e7b65a68e5e0c897ac85ead38c2fe3e04c2a","flac",NULL
"9dee259af5e643eaacb2d2122cb356b48a22d99b","flac",NULL
"4c5693ad8f59658932305033bd358c778c8e65b9","flac",NULL
"ae4dc10a89f34c5757aa9b32692559ee59ffe885","flac",NULL
"11e141e76b87a6cd66290b85c8979e05b7714799","flac",NULL
"c0ea2b32b753789a7e30d24e3386b515b399b6fc","flac",NULL
"b984158a343a4d83a2c87fe6d19b30d2928766c2","flac",NULL
"34f3d2615796ecc9aae92226b8e3e6dd1c810953","flac",NULL
"a907eec707d75b65fd16a0886cf116a21db012c3","flac",NULL
"d4a0854d089e54bd1ac77990e3b61c145ed88d78","flac",NULL
"1ce67dcb2446036cb49c077cb7c92fc3a28df410","flac",NULL
"7c06905a492eb9d4079ad3abf0288d472b09e49f","flac",NULL
"2211ce61ca0940de6b15bb2e74b18c5dd683aa30","flac",NULL
"2d973ab078ca015b581776747ab85e6e1e847b0d","flac",NULL
"1f1c8d6bd24ad2a3665a2c550a87e35ee8bcecbd","flac",NULL
"5e5126957031254760d30c6e92deb58779ba09a6","flac",NULL
"7567cb83f6aff165f746d923172081ce8041eff0","flac",NULL
"bb3e98f47c993ef804aba559a06503bd7ce805e7","flac",NULL
"3c988b3864c83d9f0a8845bb2f8be954043142b5","flac",NULL
"122d0fc999db0a2d3cb79cfa68397d016e5faca6","flac",NULL
"dabb99d1be354da2020d1ffa6c3d231891264ea3","flac",NULL
"18f70574b2f8f099f70683a57eadde8aeba9c02e","flac",NULL
"b6490cff1a87fd7e3e17f3cefc36321d2ebe6c87","flac",NULL
"d5a87f5fe245e9e2c877e829f3d65aadbf7b0a74","flac",NULL
"10ffffb4160652dfc35e72cf42c9fc8fe849d840","flac",NULL
"47372fd2c444c6999a4988baf52844dc23c5b536","flac",NULL
"079e310387d51111e94786fb118fb0a12e98010c","flac",NULL
"f25e99501250e864123cb5bca3ed9379686b4f9c","flac",NULL
"85eab62cc0a5f059bb38b04d6fb3b6da69aa7258","flac",NULL
"d6b9b558b0752964de57841b1252a00ca5b93ce4","flac",NULL
"0084413e51300141397f5752740041b5eda1423c","flac",NULL
"c2a0b7a6932654b21ab7be01b928dbc9ffb0d53b","flac",NULL
"41cb6dca00dc78bf3724e2315499a0a92b5c2a95","flac",NULL
"1638010b0fb195a6ac4511de4fb2381edf207aee","flac",NULL
"5ff6dc2c7f8189ef55ca4d13afae182352359c93","flac",NULL
"860515c23efcac1e3c01301d0de53615bfebf87b","flac",NULL
"72596ff9005872adc43a65b6a209422023a8e1a7","flac",NULL
"40eefbdd5b66109aa208e910ab7e5871ba1cb42c","flac",NULL
"db2ea03bb318b0c02e0f0899a4206af5a0e4e527","flac",NULL
"8b9553910600fa7dd083217c185c0615ee9e6601","flac",NULL
"b6e200fe4d915f4613ec7c6aad9d290ce1fd884b","flac",NULL
"a8d6a0a57fa05924509eef51714b80a194650ad9","flac",NULL
"147d062eac9be65e0988f6c663993e7763ab7715","flac",NULL
"5987bd8f2a9dc59b57b2c5e05942c6a41bc83249","flac",NULL
"d28e5f3d93c50866db7db9ede0fb84a67afa78eb","flac",NULL
"7eab0e2b4cceb4e4d754651896cd796dc5311f2c","flac",NULL
"25ebf6b463424334282fb1cbf41070657b1f9af7","flac",NULL
"a3110f234ee7c555d5513de44da399d2a8f1e58f","flac",NULL
"bad3401adaf5e753162805a6bca1ebe2a50dccb0","flac",NULL
"33934b1bff8ff0e49f872a87be67c72ac801b117","flac",NULL
"7d16accf3e699c208b39293ebedc1142ad020d96","flac",NULL
"d2e698138b07fb3a1ebe1ac3439abb103b37c1c3","flac",NULL
"0eec879a5cbdbee74137fb120f60245d5670ecb7","flac",NULL
"572fdb7ad2d3a686b42bc1db990ed70cf9fd1f1b","flac",NULL
"30f1628403cc3e62bdd464d3aee330e071f9053b","flac",NULL
"a10a2c470540b5b19d37ce6bd18201b54b1eabb3","flac",NULL
"6b888c82f7aea08a708601c657e615a6ac2a40df","flac",NULL
"87ec1bd7b1c1ef9c32029dd9466c1c46c73ec89d","flac",NULL
"84de817b55cfe66fa6790df23eea73f528f88a90","flac",NULL
"7ab3e00bb6fb16b7b548afa7577b0e4b9c57d6db","flac",NULL
"7c5e597ffb5cda215c1a6cb60c554488a91031eb","flac",NULL
"ac8022065950ecf2a8059f102045a392c86e032d","flac",NULL
"e2f8bcf84769c7ade187fce31b3b6caa6d01f575","flac",NULL
"1ea5f5c137f6ca84907a5b202e07543ca42667a6","flac",NULL
"54ce1060173d999e3ffde243ac9446df69146d91","flac",NULL
"2e9ff8ad6a15a70b0f7f51c820601ea1b1f4f482","flac",NULL
"0af33e462a9c144a7a01f70abc00a2a7fdcecae8","flac",NULL
"dfd4e621db9845058db81e8db98712978525cd67","flac",NULL
"959f5869c715bff7531c7fd337363db918ec7994","flac",NULL
"ec8c3b5157130e93ee4ea33d91e9cd0ce6bcf42c","flac",NULL
"14e66d79f94e218392ba0fa5b2b8e5868f092e19","flac",NULL
"214efff611df34905d02d2bf5d0ed9bfd3e40284","flac",NULL
"8c26acc7c3ce59fbfa717b4cea525b52362411df","flac",NULL
"f63da5a9462e33ff357db93ac7e32a8cc4f3f5f6","flac",NULL
"960e47915cd985d624b7f041fc54938c1b79b8db","flac",NULL
"87f0ff6821f006d3fa15c51b373a86232decc921","flac",NULL
"24e7cbcaba32122da29a9dd7ec2f227cdff10e2f","flac",NULL
"d583fa9154bd9fec1045e1254f3609b3db96d8c7","flac",NULL
"6186ea53e550d75a486cb768de87c365bd17164b","flac",NULL
"b8afe688b0e37032f9781a314e3c6598af1b037c","flac",NULL
"083e21d081b09d1d82511c2dac8b8eebee65175c","flac",NULL
"2bbaca40ea93bc682adcc2e36503effc2ed8c0d0","flac",NULL
"921145e411d371d914877492c31bdb1d23b4ba8d","flac",NULL
"e0ae42a00288b18252d66121bf120328bb24148f","flac",NULL
"049799001c03de0564141bc5b39aeedcaa37779d","flac",NULL
"a5a9ff1ed184c6131af1d04351c6df72c6159f3a","flac",NULL
"b097a78f7e6430f0873de40f5e298c12f4cfbdca","flac",NULL
"0876749a89cdaa2e7bf2c779e9434d9a6a7bdec9","flac",NULL
"6cb3254f2997fc9bc48dcbaa4ffef32f64fa5050","flac",NULL
"b000ed54420874346fd20a9e6caa0d372bd2303f","flac",NULL
"434f82b102563d3a435230fadb417754fb7fcab2","flac",NULL
"e18864b8f90e2140e028e141514e311c2c7968e4","flac",NULL
"f419a764238094a5daef8d72113add746bd8274e","flac",NULL
"f2f93cc2028553e7d2d14162d6890ef7d0f075dc","flac",NULL
"524b4633fa287e804097ab79414db07b258faa00","flac",NULL
"63518920e762a0165766531a5d8b93d0144b3bb1","flac",NULL
"134ba662093ae26f80cdd67f2f50981ac97009f3","flac",NULL
"d352ac96b13129674d6e5efd87d3f0f94bf3a5eb","flac",NULL
"23f8e8b3914205f0694ed25b00bf940173f72582","flac",NULL
"cf06d0d879ae26851d03d21256223692ec3760f1","flac",NULL
"48ca89af311012c08ecb7d4eb868773a1a261c3d","flac",NULL
"172d2c54ba2918d6559ca55db4253d02236d4ec8","flac",NULL
"3c67dbbab09d1501a9825da51bb3c6805a21da98","flac",NULL
"d7239b8c7b638cae76d1a895d6f311f972b013c0","flac",NULL
"b9f84125b899f95ea09fe88dd75a3194cfed59b0","flac",NULL
"8e2acd30255dd0b4f243a56b04c8e13ef3c1e609","flac",NULL
"9331d42743b9367a16a3e463a82f5ccf5215c87b","flac",NULL
"3a2dd62fff149f347cef280222a5d356ec9971f0","flac",NULL
"e0c9755d16e92f205442d6832412d27f81944d5b","flac",NULL
"f1c562ccca1c8d3ed469feeff04af4c428f16042","flac",NULL
"91220afdb8ac6be12ed72ebf46c007394c2dbe05","flac",NULL
"eacc88f90940eaf9f2ac0359b32186ce87282155","flac",NULL
"982dca8b290419a2f1116f59d63a20d03159715a","flac",NULL
"002887e8277da047af6fdae0812104eab8d90af5","flac",NULL
"fc1ee8c66161e5ecead73daf0d72628a163c35ef","flac",NULL
"130f8bf5b67d53a76ff846b96cfe25c21387b31f","flac",NULL
"9ca80cb64d832d6cfa9417917a72f867c8e2eb04","flac",NULL
"0d36dd083636676ba22b95c1b1cc8bf4d811513a","flac",NULL
"73c2aca2172af012d659658a750134469fb717d9","flac",NULL
"3ba04bd4f35f4346b0753e11c5974b80bb464d49","flac",NULL
"9bb13d4cbbafd38c6461d8eeda4505e0099d1b8f","flac",NULL
"a2329fc1375551b742b12629d3d695a05c98ba5c","flac",NULL
"fc1af8583bfafdc10d2c971e417a1147089bd943","flac",NULL
"c6b8998cd56294ffbe6d50ab961b36f8d94d3238","flac",NULL
"2b745f2277f944aecc44947b5869655c853812a6","flac",NULL
"735eb43facfa0aa2ee8bb46a3708870d6f057aac","flac",NULL
"19c738c1b0d8b15f3f8b6e24942ec49c42b72831","flac",NULL
"444d00a209a1c30d2ac654ed246fabc2927a7cc4","flac",NULL
"2bf46ee77c305eea5853ede4559264ade3610975","flac",NULL
"af378866c67c7072525d06d619bf42fd32f0fc9c","flac",NULL
"14a74af62527b21b8ee5c4db16e5da4ce02e9845","flac",NULL
"3c86c831b3b77ba1bbf38b31663df4b91fce086c","flac",NULL
"da38ba1cda1a2b36458d3dbc89c452bc4fece5d0","flac",NULL
"c5528c39dacfcd9e82adf36010954f0f19b06813","flac",NULL
"5dfccc69c73ead742c133903ea28829df72116e8","flac",NULL
"5cc629f05497ac9555445c463be1624f605b20bc","flac",NULL
"2261f1653da7e712effa58e3c6e1c1d77d763fdc","flac",NULL
"cf4d6d8e6f2fa39a2ee49ad15eba281584874c36","flac",NULL
"52af23ed750afb413452b75e79b2df6137aaddef","flac",NULL
"e99ab74478a43e34c11ee971dd9fbac266854530","flac",NULL
"0844be30f9b76818add504f8ad509590a1823a48","flac",NULL
"80870a64b1b292671484b4c97f7c75e7c0e509e0","flac",NULL
"1a449dbd655d51715ffab58cc709eeac881947f5","flac",NULL
"be15ad165e07ef0ca21ea1190bc0d1bc97b54208","flac",NULL
"05728d611ba2f4459ace89bb1e274a9c016def9b","flac",NULL
"1a03802c26c89c46c062b85d4c21e6527460d2dc","flac",NULL
"92d09854f8e5755e4da55eefc92889a8ab0faa35","flac",NULL
"4988708719187ceab3409dfb29e90a2f3fcd2b25","flac",NULL
"fc8477539894d15358c9ae67f67aec913383d16a","flac",NULL
"517e87a23b7a6e4666f4b9d5481bc2c77b327da9","flac",NULL
"eba530085096374cbd03e72048a85bb5207b4283","flac",NULL
"9f53610949619078dd0d22730c250754e6be9168","flac",NULL
"b0244483efb1b3a1fb62a8b639095c67c2a4de69","flac",NULL
"198a309a4a7df2884a80ac1447a6d089f4b4ac70","flac",NULL
"d48dc5c286079a4a36701ecb5819c65432110c23","flac",NULL
"ac66863e51476f4a3b07cd654c76785fb567abfd","flac",NULL
"6495ae16d5eee1ece90707c3792ed7eaa60a6a3c","flac",NULL
"20881077bf35061740182687add6f78c27cc4363","flac",NULL
"6de8fbec8146a63cd4d759292f1e4e9d11b723ec","flac",NULL
"60aba85e8c1fd5849b2d3733593d5cf57b7f0bc0","flac",NULL
"9e3414689323a01d59389ddfe27f8c62dd43f1b1","flac",NULL
"3326022d7c43dc9bf5840dc44cb06c287ea4335c","flac",NULL
"1ff3c826fdcfe0b363d125affe2b225fcf1cc6ec","flac",NULL
"8a41c2bde95d108961215e6759ce32303a465aa5","flac",NULL
"59f53b631bd64276800e743cde11a4b13b346a81","flac",NULL
"53090fe353cf9e160c62c77d9311b01a18b7af46","flac",NULL
"079a21bd5cf078a9543d113c1964073e50634165","flac",NULL
"aec69af6b1e03690c2f39b86fea021d20cb3d564","flac",NULL
"43bed8af71476b4d1cb1455c189a17fa82793d83","flac",NULL
"c3c744dd15f86a1c82b5ba486d5208b68539680f","flac",NULL
"368b3a0e36fc0d539224c0fca97fcbd373a06989","flac",NULL
"d45e7fe8121dd634aac7790aa07765eac8da443d","flac",NULL
"d92a4b1a4a5ed5f9c3c447e7128d553b8532c8c0","flac",NULL
"f7b0abe1d4369465e5d81b2db5921463cb6aeb02","flac",NULL
"930117bdd2505d1fb8b41fa19a0fb1bda760f45c","flac",NULL
"87b4f7d85c941e528d2014794014137d9b158c2a","flac",NULL
"c56294ef4da589cd43e219012f4df28a0b844ca2","flac",NULL
"14566ba5c074a897358b64fb0c8ab97647bd4521","flac",NULL
"12ff8223e5250e14ae843fa2ddaa8afe98a6361d","flac",NULL
"a10de27c4b5b0b9e0830b78d4f9a2e35940781f3","flac",NULL
"9d160c9749306449c93d7da1dc5b97826cf22915","flac",NULL
"8955027541dd76405c464fcc4069ea7702871c1b","flac",NULL
"fb11ca60228d0c7a4db96f3580d82bc8a3c01384","flac",NULL
"debdea2c6c9dc91e6dfe44768e4b81611e64474f","flac",NULL
"017e9eb470d95e3d082daaf2e4e8e5613c08f099","flac",NULL
"bb5e68935a9f6ef3aeef6c057237de7328421008","flac",NULL
"8d489534996e4bacf215bbbcbe1f02dfbdba9fe4","flac",NULL
"50f8c1329e3a9767f0765b918263c8f98b797e0b","flac",NULL
"1fe9e3468ab8ccd904e0719d34adb7bb3aa4f19b","flac",NULL
"028ecb8fc6cf5f04e3d82993e22ed19a4fce44ac","flac",NULL
"1d5927d0c4044a2196d995bbda3458fdb095d2d3","flac",NULL
"eeea8ca72d150638f3b223de696d59e4bc39017a","flac",NULL
"0119585311fa454f9f747fb11ee9d195dfeca9bb","flac",NULL
"11a67afc14d3cf35eea2abea97fec2621db6fdcc","flac",NULL
"aabed5abab0b8293904f5b016700a663cb61e0e9","flac",NULL
"4403318377c68e358f060fa273a1671b71b24ee9","flac",NULL
"9eda4d6b8ed30d494989ba74d7db33240943106f","flac",NULL
"e0758aaa196f37d6917367887d266310718bee2b","flac",NULL
"ecbe7328f3ab8333d7150e9ad83d221464321b12","flac",NULL
"c6da914a6a6a46ff08b41e33cedff9f0806c5b41","flac",NULL
"fbacc88c61525d5bdfec3238c04b5b9c6db44a96","flac",NULL
"280557a538f05d74117178b4f5869e1e0918f2eb","flac",NULL
"848cceeff7f6bf9eaeb4441093ff748e2df68312","flac",NULL
"b22c5f13a88f069617a0aae0aeec21fa485c9cc4","flac",NULL
"31449fea1f4bd7672bc23988eb6cfca49aa7cd14","flac",NULL
"3a3a55118d84dd690aa0718e8e5c1cffe6c01e88","flac",NULL
"aaebad7b1158005bb944bf3dbcc1df1e4d8d5ed7","flac",NULL
"7c88ced7694110efaa7cb9308565b2ac1dc1f54a","flac",NULL
"3a49c1be3fddcfd5fdf85f6995245d572900c9d3","flac",NULL
"df15c2c56f2eb222a1955e5692ae642dd3e74da5","flac",NULL
"30e4033a24aa18033f6a48cbda3a714a80049962","flac",NULL
"db37e447d09852f3261716d3f784a0f888182a37","flac",NULL
"b27a430d1ce0f09533adf7282d742eb6eb71364b","flac",NULL
"341357c0cd7ea92b7ac5ee21cd74371c2d4c0671","flac",NULL
"d16a9e91303964619e6226a3140cdc9d2f2b4663","flac",NULL
"c1a931275e764af37390f5526e3d3004b5c0072e","flac",NULL
"d0062ca210b7031aed6d1de569b51a959f5764f6","flac",NULL
"ff945a667710e7a58f1d959c332d3a5ef5785dab","flac",NULL
"c7273e3fa3b5d751ee20910e84806dc6a75d99f5","flac",NULL
"77ae60ffeaed54cfc5e98f0c0f9be7f918ac4464","flac",NULL
"489266defd38356aba9e897e591b1d3b345c75f0","flac",NULL
"2ec4f93e50e37b87d52fc871eb7f47cde33fe8a5","flac",NULL
"71806ab1240ad5997f497d978c70f10563a57219","flac",NULL
"6b37e7eeef6b7e23c8d72a92c77ad5c8f4c44aa1","flac",NULL
"f4355b4e70bb4b498e989d78c390f72b70d67696","flac",NULL
"e2c315188bb6ce62d50f9fd104f2ec8a160ba286","flac",NULL
"4bb822e2a243c34c1e584ac0bc0a2bf1d0661333","flac",NULL
"dd4f275133c0173b80be7e697a23954833abf101","flac",NULL
"32c215e3285fd6991558b874d461506684bc1634","flac",NULL
"07167e49f06487c7688b4372e749f5762a293810","flac",NULL
"23dd66bb7c410515cfe5c002f43dcb095d3945ec","flac",NULL
"dca6fee4762197063c99d7405e37a820ace0903e","flac",NULL
"76d8f101532a06344b7b7dcbff379f04d84133e8","flac",NULL
"47320f4bf89b81d462f8688b946ff27545bc0b91","flac",NULL
"ffdcc7bf5ac6c5070d4a5e32fbb69f9329fbc260","flac",NULL
"efed6adf8ddeca298529791a7b701a05dfb0ade0","flac",NULL
"05101d1396c9524cebea8a2dcd9cf882b3d811da","flac",NULL
"5ca6695536900c45b314e9c08814c0bfd7899f90","flac",NULL
"8d2a867c76f6a51c4ce7e8a9b1edc0e2dc6515b3","flac",NULL
"b3bbd818f6f39ce039f39f623799415a611b2f5a","flac",NULL
"e1d286b687d45f5b94ac45120707361afb319d81","flac",NULL
"b879edab767715b90beac5c38207b94450fe8068","flac",NULL
"0f3a0f30d51452b5b33f47c0c9298261ce230080","flac",NULL
"32d974d269249408b74348c56ddc094e291e0b39","flac",NULL
"57ec4d68c01ca97c1240090a96ad067847b5151b","flac",NULL
"bbe821883ba26dce1212af050122983d879b3e7c","flac",NULL
"f803975db648122fe67479b4f2eccc8f2c1c6979","flac",NULL
"6b8003aeb05c91bca2964dada8c862aab92512e7","flac",NULL
"cdebdd068870c7bfc778bb09789ddfdfa82367f6","flac",NULL
"41fb5812982937b19368060f20f5f36a4a5295bd","flac",NULL
"99686548661ba91a2cc45b1b9c277a6823ea5cba","flac",NULL
"6a40729b019c2efbcf13b67d532378214e4a20dc","flac",NULL
"a59d4ba8fd1b8f93c4ec8d364541a7ed92414427","flac",NULL
"596c313d293bc45e34c8f374700eb9e7f063a282","flac",NULL
"d1f0b1cfc22d0b44cd8587c7237591c54e6a58d9","flac",NULL
"f05baddd0e2176a91e5feae2137cba8b1b907c92","flac",NULL
"fedf64c6317e7b310a729a9d64e391b698d566cf","flac",NULL
"72970fd948f20aa4a5e7a2042ed05b4abb1f6b47","flac",NULL
"b973b4986cda1e5a4692021da7a6840ac06635ee","flac",NULL
"70187b7ea63e9759c47e6a97f6dc4dd03300e354","flac",NULL
"6b302b6cb5f1c8248c4a988a7ca7fc652c5028e5","flac",NULL
"02609058d1e1f9e0f954c1311b51471dcb1aa6e4","flac",NULL
"252a925fbd22fad3474a58a5496e56385857b7dc","flac",NULL
"42531a89cbf2c465d0eda9db2425d2111ae14b6f","flac",NULL
"7eb5b3215aceb01da9fe84c7a204e59ddbb932cf","flac",NULL
"32670c6a34c3ddefdc2ee6b86b1ea0383c0ed8e0","flac",NULL
"042895505793f152c10402cf224c988730967c69","flac",NULL
"58b34fbb5f582baaae919a81ca1b123f52a9fc76","flac",NULL
"1f8bd21fda00827510a9ff7dabf9adaebc4a51da","flac",NULL
"8eb31f78f2b7daa742f637eab631a8b8fe8892a2","flac",NULL
"37c706bd9f97199a67038bd2fdcc8037156be518","flac",NULL
"34b4dc2e030ab215304e4b0242effa44544214f8","flac",NULL
"05794911e70546c188dda35cc84996955bc8393a","flac",NULL
"e1f02dc6b69b159415f9811e28ae6e3f3dc63d12","flac",NULL
"189d5e5c602f7798712ba327956adee5276c02b5","flac",NULL
"6528b670fcb0e7befd3802ba2961b5904765253c","flac",NULL
"4739c471bb2d3576aae258e6456eaa29403934e3","flac",NULL
"27325b0e6abb3d1b425111fa73d1dc9904fbdcfd","flac",NULL
"99e50fb3ffa46f2b8f685d3db24d2e3479f760b2","flac",NULL
"8f088e46e4bcdf4916864f2d4e606f46ce676529","flac",NULL
"8914da6c2553e8ee33802e607fdcfbb0a69414f7","flac",NULL
"ce7048a65c40d9bd1ce18f11929faa3b4e8d4603","flac",NULL
"f821a1df989305c69e2f8a222fff7f426adbe229","flac",NULL
"2e20a3c6ac58050b6478357f02cc0d8cf1b33584","flac",NULL
"7b351c31cb2dad83f0e25c11228fd93df9fd7903","flac",NULL
"ce49bc3ad1de275cc4259b7a6ba4eea50f2ce112","flac",NULL
"0f0681972112eee71b92a74bb3a22ba92b50659d","flac",NULL
"f971d044f714655ce6fac31a53aa87f76f82b820","flac",NULL
"ffc4edd047aa389e133ca8a4681243f67773f110","flac",NULL
"f422223bc5f735b880cfc82cfbea8c20a167102d","flac",NULL
"4c8d683a00e0bfa828a6822e10bd4be5b8333d86","flac",NULL
"a358badf474897addffbb419ea73242f9d24ef31","flac",NULL
"c3c6d175206820d3f194d927dddac8b00be9a6dc","flac",NULL
"c035a4acc86583ffa1c2f7a3bf460f05cd3efb32","flac",NULL
"ae5f5651bed4e1f6c4481cea668fb54fe6f718fa","flac",NULL
"3a93ec7fab4788d40a28912836219ceced80a7ea","flac",NULL
"dddb06cd0b9852ce516e37db2d3e7315726b54d4","flac",NULL
"9e5940c1548eb2a085ed9f407043c50035d0b09d","flac",NULL
"cc97e3ab47d302e65c66edadab47f68f98f64f9e","flac",NULL
"85a1558763ef38473a431563481a6c6899b8b8de","flac",NULL
"0776ebc5adbba9296c5c489fc108ec00ee446f1d","flac",NULL
"2f4d81e23e507dfcb544ae16cb4b9371815b2c70","flac",NULL
"27e60e57b881ed90fe9b69831ced35b1f88bd523","flac",NULL
"7c813f676f780817f290fcef0869393e3028d94f","flac",NULL
"c294667d65484118e8ce85e712479d8e645520f7","flac",NULL
"4106ab9837fcc8b796d7c4d965f96c1a495fb7bb","flac",NULL
"061f11ae415ff935df5c5abc8ad035e1244d8260","flac",NULL
"30bba0600bb6237391c570fa78c9269f2942c5ef","flac",NULL
"2bfc1cf5b1e9d2f7be4c5b33af651a0be72dbe3a","flac",NULL
"86f525ea63a4e40a8b17bd2fd3687842d9f1ae26","flac",NULL
"b3ccc786b2d8db611472361cb0ff35a4a297c2ed","flac",NULL
"9cd6db6fb4dc5a73abc28fb6225cb7a29a7a3d4d","flac",NULL
"4950067ce7097262a55cd9604bded5f69b1c49e9","flac",NULL
"b0e2d53f19d2099e91344191b77f1e675d6410aa","flac",NULL
"a58a907d06bfc1de2f5be6b30a2530b504eefe2c","flac",NULL
"c7af26abd4d765b921b6cdba47bdf5a2bf90645e","flac",NULL
"42bfcd431fd768902439fa43664d46c413b8dc9f","flac",NULL
"fa9b96549cc94b8657dceaf30a7cb92b8b306473","flac",NULL
"f9e479f7fc271b7173039f2d1b2e151f648ccc97","flac",NULL
"67853a8ddb17ba7c905a7a0370b7fa6310b06885","flac",NULL
"d1e42929c546d65a89ae12356d1caf080956f6ef","flac",NULL
"9822a58d0e043000fd3e862bd155263d9e12c7d4","flac",NULL
"aa9a0ba3ab0242bf7c77c7f96f4ba2a732d58b2f","flac",NULL
"87f04641ed0dea2784ff0110e22a092df3fef897","flac",NULL
"ab0e04fda54caeee1c1777ff8b36a7bdf156c8a2","flac",NULL
"dca0f855ccccc6b27f07e7d43950da730527dedb","flac",NULL
"9bcf389ad02d2f5c337cad12d15c05d81b91b20c","flac",NULL
"94fffb643823f5e93da148b09cf013a6ab434b18","flac",NULL
"818ce82c3ad8b21ef19f15fe595c40e91ec4c2a4","flac",NULL
"e6abc956c8214e4c72dcc5a5fd616bded9c65a1a","flac",NULL
"18cf717c19a668d13f2e2fbb8db7e05de8d9b791","flac",NULL
"70bd86ba0bd7bb6fe8283ed3fd0dd3546a953de1","flac",NULL
"63fdddba89d870d9b0108353f1f121502dcc794d","flac",NULL
"941f8f5739c2b931bf940b03ef7320396582d16c","flac",NULL
"e540e251766961bd15aa65d3f1639ea7aa34d7b1","flac",NULL
"dac43514ba486d108bc3c4e5be3168395fdab83a","flac",NULL
"53d5427165ba429875989927d4bbfe89ce83db76","flac",NULL
"d18a7af2d3f2221e3ecf8c8d7465d0dc95ee48d6","flac",NULL
"0e39afc39b5ddfbf6243b7fef5b52b3e42c267d1","flac",NULL
"25716fb9301fbf9cbc01410363e9233073e91fc8","flac",NULL
"f384350569777816ef5c268fd347e7d048523254","flac",NULL
"ddb76ee953bc64ac6647a2c3926788ce214dea51","flac",NULL
"945724f39d46f7eed78afd6de6277fe8922a4b94","flac",NULL
"b6867f3e11429d30c94204ad4fab2c7eeb39af1f","flac",NULL
"c9fb90c51f4a2c8c6056ca810770ed3530c51fc5","flac",NULL
"e59e783ddc439e4472824e6a30dcb0cd6b750f49","flac",NULL
"7b884e43b3fd07d568fc58c8b07f7496a306cca3","flac",NULL
"b2ac85938f416a1d0e7df02731fdaf8a2a09558c","flac",NULL
"8a9e2910950fb368c610ac2bd59df958551bc157","flac",NULL
"bd0564cd4da60fbfe0c6d3d98dcc2d324862edcf","flac",NULL
"7e0ad66f3d55103d1d539a6448f83c088cad946b","flac",NULL
"b476674429a0675e3bfb8bde9512ab09e2fa0c1a","flac",NULL
"e4d77a072f33e09120c586583700a1269ad79430","flac",NULL
"09d3ae318d537d6afed1e605449ca74d019797ee","flac",NULL
"444afc54519ed59d92c720f26731f857f09d7d99","flac",NULL
"fdd85c73aac3244079992ef581dd193f1570d483","flac",NULL
"15bef5093ef5eaa3f007efa89f3b3e7454130be1","flac",NULL
"9263aa831e483efd4c7ff359e5f02e26a57fb824","flac",NULL
"1e28f788e824486e9e6adf0be39a91706f6e8252","flac",NULL
"5fb5620b83bc9351cc4b3ac0397606bde83761ee","flac",NULL
"97006c8e6b3460cb5a4695c3eeccb5be128e74cb","flac",NULL
"6b44450fcfcb367a35e16e7cf845348710240c57","flac",NULL
"93a1f278bc4574a9697034e6eac1250531fe3d41","flac",NULL
"73f5ed24c181e2c4398a72f8ab1cb3c978b0ea2e","flac",NULL
"71f21c36c301c34f67de1f4cd4aad4c7b72935c9","flac",NULL
"545319b0a8b1488e053e68748a5b1ff960342261","flac",NULL
"4b02dccc5ea875a2be604bc90c58456b8bfd636a","flac",NULL
"67e104850ec1b513be3b3007f4b4a2a38bc71f12","flac",NULL
"859ed832d08ae56a97ad7565f5058a14866c2e54","flac",NULL
"67cd623d5449e66226a4f68e35e18062994570b0","flac",NULL
"addd25709ca7c7f3c043af0693de89864cd7fc2b","flac",NULL
"43f9c73ad9c6ecd3f7ae786f3e45eb96fe02fe7e","flac",NULL
"49ea247c64c14c64708e6b703bc9696abc816364","flac",NULL
"506bfbc2956157554810f8fb30619d9735bb771b","flac",NULL
"bce5dc46b0048ce18b5899157d4d1409c9c5812e","flac",NULL
"8652970549d8f2978dd186e8976b3b820af3e985","flac",NULL
"247a2ede5b39252105e04c0d6b9367e903a4d942","flac",NULL
"e2d6edfcdd2aa5682378d2079ef2365d71b0f085","flac",NULL
"d18e869a3c1e8f18a93dacc18e422289f7bc7196","flac",NULL
"995e67715058fad94a6eee43e18a4bd1d498677b","flac",NULL
"5284e5a671b2a271c07cb1b602780cba0445ff3a","flac",NULL
"b6afaa2fb182fd025abcf3019fa1f567f041f6d3","flac",NULL
"4e4f98c9c3374290aa0efe2eccef8e3722603a64","flac",NULL
"009c0d176ad9cf1d911a2180f0dd8220b76690aa","flac",NULL
"695f96db0bfaac0db22fca9c8ebc6795e837b182","flac",NULL
"bdecb034ae4e18b19feb60654a15b9575820d26c","flac",NULL
"42ad5ba610d55a9ed5a2192ad2a63f5267e176f8","flac",NULL
"26d3e81edd21f19964c4ce62b5091b76068f127f","flac",NULL
"53231325c70565740a944be6678e1164af96a906","flac",NULL
"57dca27088fb1fab206582a20fe14dbe74958d3d","flac",NULL
"2ee0f9d96e1803304886cfb5e76c7385aa90ac09","flac",NULL
"d044e259cbf42a40e9d2762dea59c8131a3b33bf","flac",NULL
"7b5951c7b995fd803c858ffe421a72cef2a391d0","flac",NULL
"41deae468fc1ed4e1bd787e69a993272dc1bc31c","flac",NULL
"10c3c387730571c85f7b5455ac43184c1c61fa6c","flac",NULL
"f711943bb79521738c3e1bddd94cf420adfaf65d","flac",NULL
"169eded4d159c4e4bbb4d55cd59e9d88d5b4a780","flac",NULL
"a6489cb829981cd32220428d14aa3575bb76ad97","flac",NULL
"9a609552501b752b3050a778d712f010e355bf84","flac",NULL
"346615e3c7b080ca5bb35927c82d8f9d5a2e3f80","flac",NULL
"3d9d481b4050fdf684c87ba8c9d88f13b5b2a677","flac",NULL
"7d16981550e68135e28775f0cc131cf120e4ef37","flac",NULL
"305fc40b844ed11e2dd3c847179941b1038f529c","flac",NULL
"34cfc8fed02ed40f782443feb110f4a4f458bfd3","flac",NULL
"ced5d377f6d1d0c0b72ce5026dab1f4d48894e58","flac",NULL
"2b26db798b9e169fad9bdfd2c239345826d3eec4","flac",NULL
"82e993c3f5446a59105d8a760fb09faf78aa00b6","flac",NULL
"8c0fa6fe823e53da36af268587df124ac0e88538","flac",NULL
"857185a4e6f5a9ef540228a98b11bc61be93ba6e","flac",NULL
"cbba61d46a79be9eed714e322583032e63a83bbb","flac",NULL
"df178f4c6379ba8ca3791821684aba0c5a435134","flac",NULL
"aad3940d977752dd298283a23ed09a0548ff8bdf","flac",NULL
"38803f12dd4da67fc4eedc0f345b9452ac11f613","flac",NULL
"9cbeb9852c129fbbe2618629fca01e457f5e11f3","flac",NULL
"a524216db3492e6e32cd7af3d7c11da0fc999c46","flac",NULL
"056ac90ae792d76f32464d1b977fdd3774370de2","flac",NULL
"18938b125a7e5dacb0db7dfaa207c91bdeb5e4b2","flac",NULL
"2a170729c167e7dbc661382cac216589a1cc048e","flac",NULL
"b6b1d7ab7bc85b79cedb4182ee099b7d927b172b","flac",NULL
"77dcd3450516d130e393522ec4c23b5938177403","flac",NULL
"d53ce7600ba93e4d11df666729109f3eee687e02","flac",NULL
"2100fa32d44dfbc556bd4472f9a14754341847b7","flac",NULL
"394c670e8b20535f6e290ab936425164ea71ac87","flac",NULL
"6181b73042e441c02a255abe55626788ea1aa42d","flac",NULL
"f56262f80cdce20873d3f79a3fb00a7cc038011c","flac",NULL
"0171da7645bca2df2f7d65139dbfdd2e27d5fef2","flac",NULL
"002b388d5ae7fd166be874e682d7ca3279ae164b","flac",NULL
"94deaae814b48230d21f132979aa0c742b94ef07","flac",NULL
"57e646455f8f0fcb49c40597c20c0f66088a9bc3","flac",NULL
"59b5c9280d60fe7fc09b591b1a95c1b1c3135b38","flac",NULL
"af03bbabd202dc2d55911a4fb07ee18989580dda","flac",NULL
"67c3cf2f3e053ffe0ffa9ad7e838ce5e7872b780","flac",NULL
"80168fa3f9b413c74dc2f30c18d9e346a095d849","flac",NULL
"76fb001d6675a7028aa26ee46296065befd097e9","flac",NULL
"e84b083955b3419e209b1f1b8002deac0870d718","flac",NULL
"a609c7ab82b4dcfdeca22288d8fa26e9cb5671c0","flac",NULL
"28055bc71321f482f9b7aac6391dc55f3efb1fb9","flac",NULL
"ea7ca18d0236d51d1c7ad3d79d8115f60af53d6c","flac",NULL
"4bccea65c96c0d88a374378cad62f88e76c0d19c","flac",NULL
"dea9402a924ad6f1adf63cb230b5395721e50057","flac",NULL
"9e5bfa9ed2641769715d4bb111c7040c35db80eb","flac",NULL
"a6643d3bf3c4d37a144b2220e03e9dbef37cd3ea","flac",NULL
"8d53ea503c4e0882fa91cabb6478240538ca399e","flac",NULL
"55e8f6b8f25de3cd02de483de11029d34b84b091","flac",NULL
"dd5afa2564f5a1cb746cabcf10965013630a6e68","flac",NULL
"3fa27814c7711005d3f82c709c1503197df26398","flac",NULL
"cc03871b2320cf7efa60786c041c6b24ed11b9f3","flac",NULL
"0ddaeed8c8b8d4f0d10835c94595d0a3480d1295","flac",NULL
"d3e825fe8a2ac48450383672e3ecc5316f65459a","flac",NULL
"1f249ea71351cdab51b0a14b98875364d1b97a9a","flac",NULL
"40f7c852709acddc91d8234d25178e4131038ebc","flac",NULL
"c22bc98d87f08ce90ed8ea41d945ed4f8dc47752","flac",NULL
"505e460b7aaaf7a026d35b214d714a83968212e3","flac",NULL
"ce180ddf680227c23cb562e7b97ed94087ec3cd6","flac",NULL
"08e74403eb8cf2dc1983ad6e0e21f428c4aef5ee","flac",NULL
"2715c35877dfea2564d526bc504ab22763e2bc19","flac",NULL
"82c96512929f82f3e1f67b8d666f4f57415ca5c4","flac",NULL
"dff3aabe8419e0817e34d80f74661bfae652acb4","flac",NULL
"960d84f73f4154c365bcf0d47f4667484ca71a09","flac",NULL
"c364326e0df7dd6a90e51cdbd95a06e7747f7385","flac",NULL
"4df142a83a06ecb2cff4f71972a06d5c7193936b","flac",NULL
"0e9d8741a20401212dfedc6e1f865f4dfb01fe3e","flac",NULL
"775cc39ae6fdbb3197d6ae45dc6873f3b547146c","flac",NULL
"96c525794a5a3591bc0c87869cff285a986aa5ff","flac",NULL
"a4888d8c3a5b96c5f53619c44cd23a11eae8018b","flac",NULL
"fb99bceaf6e9b59e10fd6e462d90dbf823cca93f","flac",NULL
"d43df0b4658306da645213f85bff0c5904041535","flac",NULL
"a3ba48e962f53aed9d7d71b8092d20aa1eb536e4","flac",NULL
"c20bccedc153fe1359d90a5dd527f96f57e0a10b","flac",NULL
"ccfc289444ddfc3110acb8f6ee522ed3148859d8","flac",NULL
"bf1489589a06daaa5204a91ac143cade64d8e8f6","flac",NULL
"227e2b1dc160d74254427b9cea7ee627ccff4345","flac",NULL
"abd6070ffacd9987892233ccdf4ac322ee71b0af","flac",NULL
"dfa20c69613bd4d994a2a60c914af3ec1ce3b6da","flac",NULL
"d979ebf1fec0e46982ed3b4ddf7a31328617436d","flac",NULL
"fc6e8547b31347f280c39916366854fd2f077db3","flac",NULL
"c4f9f5934ed65e2b6e8de12a30fe9855467ccbfe","flac",NULL
"ac577d9890f69c5f64393249da3f44399a5a8c09","flac",NULL
"f1e714fc3ba8cae2f264acd7490692261cf39847","flac",NULL
"4ff52c1141ff9cda52f2f527d6f06f5a224d4bcc","flac",NULL
"8cfdc86446de1c4415351a8da100a3328a3394c3","flac",NULL
"61b604b7a1c4e9be8bfcb7b45d980c57bd818a60","flac",NULL
"7ae99efefdea1f27f01b3287d429364e6caacf69","flac",NULL
"67fb61f7c227b026d34e204f5002783b2accdef5","flac",NULL
"a3a0bc0a2175e2dc3738158b06ada8e2ea64bc19","flac",NULL
"742275370d447b8b6f9c18ab050415d228ccc737","flac",NULL
"a2c3f9b501a49ef2543cb6d5a1e5703fb7a6d108","flac",NULL
"96ea0af35a2161fa1771f7e3e2d440b193d6ba5d","flac",NULL
"8b3611796c586496f4ef0512a67476a04bcbc228","flac",NULL
"f489e22dbe36634499884726e4c281ea1c50b0f9","flac",NULL
"ece60cb48e54f8f7815ce2af70f6f948bf402f42","flac",NULL
"b810da3c3e8cba3ac40e9d212de68bbd0d41032f","flac",NULL
"a12c94ae24846aa8e3dcd9b254f1a5298917369d","flac",NULL
"767ed37caaaf8d864feac2e482a9bca33d411b56","flac",NULL
"1d41ee852a1a74a3eac83f755ccf3c9717a98b7e","flac",NULL
"c7f2ac4df52d005b796a0f722fd516bd75010f54","flac",NULL
"67f88133554cafbbf2f2b7c70ee39f9955fea4cc","flac",NULL
"25e9f27f1b9eaf3dfa7a971b730cef0381e48cad","flac",NULL
"d3039f93d22798768c837d2e57736921adf9080b","flac",NULL
"7aa38043530e25e5252dd4f4f0ef276d1ead0a4a","flac",NULL
"8602ef063035de5c8e1bb97773346803e22459f0","flac",NULL
"a62b684789276c4058cbd7dd73171ce736425d21","flac",NULL
"660d96debe0d141c1350e94b4b87989574d92734","flac",NULL
"6cb1ed381994af6375ee1d77ef9133a6e2fa7a40","flac",NULL
"5a32ff3a39cecb5283eb059fc93653c29864be92","flac",NULL
"84fa7af3f89f92f60ca344057161eae58ec0eb8b","flac",NULL
"bd7f5aca3ed6cf7570a6c5c5d0e1e89bd455e943","flac",NULL
"20a82cd7f2b277fef28f0434608235317a122f34","flac",NULL
"d009d40000845bfe3a471600192237f671259d99","flac",NULL
"8134027a37f8278ec7d271b9e2ed81b8d4ba2a49","flac",NULL
"7db691afd37dc7d37016ffa172c011668bd2a01d","flac",NULL
"e26055dc5e322b2e8884df3a8ed29e4e9399767d","flac",NULL
"f3d8608e1c328120bdbe540e6dbffb19466626a5","flac",NULL
"3aec7556ed0fdd8ef0b63e31365bc2112f6ce8ac","flac",NULL
"e27e46d4cca6d9f46945110deae3023ac011d5f0","flac",NULL
"ab2d9124059df2d929b01491794d8ff1622319aa","flac",NULL
"17b94825b365df3ecbe9a23dfed4fa0a528bdc04","flac",NULL
"e4f1a11a667667fd5a458b2f9cbd42aa932f0ffd","flac",NULL
"a76d5866419f895388b33c47ee43bf50ba477421","flac",NULL
"2d12168206c4c034751108294af4eae658c4d716","flac",NULL
"03f0792b00e2742239acf638fbc53d35c0abab1c","flac",NULL
"e1ab951f6981d55e9d9cad64cc916ab71cf7c6d4","flac",NULL
"4f9ff1a80f2243f9ce0d1dc4ac9911bd7114897f","flac",NULL
"067681493d7f91423548d3bed49b4cf220c06094","flac",NULL
"0ce9dd321ce801710cd8bfa639188e2a97fe9758","flac",NULL
"0cbccca60d4ba072d854e6cdf324a742b4af35f2","flac",NULL
"c62c6308243d9fd007cbf63409093d6a53f40d92","flac",NULL
"e33309f97e44a6d6ddcd5f19240cb882cbec4c74","flac",NULL
"bfba498fa43049e30208b85bc64baed793cbcffc","flac",NULL
"def281d952c2444a6e9c16b87a627769d3ff403f","flac",NULL
"eccc89cb8b4d83df2af1281f89d333ebf0c66087","flac",NULL
"7ae939b1e3a1881db4ae7619f80706af098131a4","flac",NULL
"b9c844bca81bffb3c94c9df337446f6baa98b791","flac",NULL
"3d457a536cb4fd48439fc8d2a0e2a121a4cf5c47","flac",NULL
"a842902529d1cf6851aed57aee274ce68509255d","flac",NULL
"b1c9d79d0a35fbdefd5e887a0c7a3a2ae6b87657","flac",NULL
"fcc455fcaaf978bd003cb7f15585b0d4bd3988cd","flac",NULL
"c548afefe9ff1be155fc8d646f9be1986ab54350","flac",NULL
"37af05f0bddd6eaedfd62ee76bc94f14fd160e3f","flac",NULL
"3d747e01fe3965c3f25e2f6f7e1d1797fe52f347","flac",NULL
"d5078a46a0069568bdee90fc0a072f264c4d0c1d","flac",NULL
"32d640f283a89af3f66e39a9720a30f61c9d697d","flac",NULL
"9d44dff97dca403dfe48e2a111d50e9a68a1e5a8","flac",NULL
"f890688144bd23dcd4b22ca8ecf3f7832338e8f5","flac",NULL
"d02d108f7b752a61928eabb79c3fe1db5731ea2e","flac",NULL
"566263f60d7954d0b4c451716d3fd6184a3ab298","flac",NULL
"98587bc6549b0a3cc022d138b9a775e16f11ece3","flac",NULL
"d91c7a913f7f65ada4113686a1a2f744c395a5fa","flac",NULL
"f0332c8add28d070431ee8d91a6bd9b4c19cffbf","flac",NULL
"b3a604a6322bad46c530059abac6eb8aefa6cb2c","flac",NULL
"ea2b35f578b3dac1d90c49e0a9f740e6d4085083","flac",NULL
"ea1f6beb9ace8d4be3e265e9b1f4e4cf189cc507","flac",NULL
"4e7d74f29de6f9f4ae550429aa8a72adcc288186","flac",NULL
"3520f02a12778462172b9d335b5bfceb02c84369","flac",NULL
"473b6baea863da04f5b47408680247157e8b83cb","flac",NULL
"6ee3443747082ea4b34f03a55ab3e563b4f4b7ad","flac",NULL
"bbaff08518a6679d01fcc2cf70745dc7310fcb02","flac",NULL
"0b9e73bce63349bdf5dc89a58d2353caa7c955e5","flac",NULL
"5d98ad91284802774ea64ea391594aaa360b3c25","flac",NULL
"e7ecfe11b44c9030858aa4f9a3a3910e2beee025","flac",NULL
"5896f0aaf529344567ca212a2b8b71e58c123aa0","flac",NULL
"6d1abc87624aa5902aa0c69072b4e81dfe146946","flac",NULL
"90176df5b883367406800df9c542b2a050cacd2c","flac",NULL
"290f3cb5ab06d0c8e4551bf399325027bc9630c3","flac",NULL
"970ac9266ea80d795000016ddaafb7b33f12c233","flac",NULL
"b2c57e597db9152b1694e93482043cc0d26df9ef","flac",NULL
"4ecaa155bb45d00abdcfe2303a4f0d874f4494ee","flac",NULL
"9ede21a2030d179747550e72996b335bac2ab854","flac",NULL
"d4b0ca3d22d0bebcda310ac0d41d3d1a5977c84e","flac",NULL
"a84e626f09244a2f2854e92eab1a23a0fe18ebd2","flac",NULL
"52e4e49bb7150a6f508413821a8e4e493bccb86a","flac",NULL
"8c8a9f3e0f8ee8571528607252ff28b36129d84a","flac",NULL
"a7d06955ee03eb49c2cb8fde88a9e9ec9872d8db","flac",NULL
"ef59f2a50bc30b0a36f54d49c11eb41f8cea3e9b","flac",NULL
"e4af90d00b81556986f9d5f739ffb5b728c3633c","flac",NULL
"cd59d4e828e301d3a2f1718bb6ea93b67e783328","flac",NULL
"6073cdacebeb3641c7a6f380b9ea0ee2a779cace","flac",NULL
"425b35d662201be37381a30e17ec44f1e711fa71","flac",NULL
"76b2b5650581543a08b87a05c3acbf549fe6d179","flac",NULL
"f2f0f0c0c328afe5cacc26ecae7d164f2a02c2b3","flac",NULL
"f9a8b7fce67be60a1bb60e86a867c4e37ca714ba","flac",NULL
"d8d235ed5c654b54dbc845dc97b1f84c595b621a","flac",NULL
"8c022b523ab1fff05ae495cd95c51662db3eb6cf","flac",NULL
"0b3d1fb0cb178e8c929e82fe619074042ad6c675","flac",NULL
"125e5db7a9186fddb1ea373001b9287fcf779a57","flac",NULL
"f28d516d591ce8517f7a79a8efbeb33f70029551","flac",NULL
"e8ff117b9f12a2fd360f5e2368d39a94d1e7199a","flac",NULL
"a236799a16c7ff54b1e1df096e25c93907e60fec","flac",NULL
"d2912e98103e1fc913954248ac9f003bcd1efed8","flac",NULL
"562cffa5f67a39e97eca0e8980559b1a5cd223d4","flac",NULL
"a255a9a3a471e078bd85487bf10a072b272ad8b7","flac",NULL
"9df2cd3188b70a2a7a93a595ea1155773a718013","flac",NULL
"5eaa038d51fadc02935f4591a3b30bebbe16f6b4","flac",NULL
"9acc8199d95a99951f0f4345311fe24b835a083a","flac",NULL
"b471f2285791e554e86a7dd0f2ac0889d0172aea","flac",NULL
"24b45052b9219e22f54e9cb2454280e58f6a010b","flac",NULL
"d21a8168caad1d5eeb8c6d3308f77dd9470384d8","flac",NULL
"ca126eadee888625b91dcdb587c4f8800c254eeb","flac",NULL
"0ef514559795e1e6ba422d7f7d59fcf1921daedd","flac",NULL
"dc9f7d58ed71249e970fdeff7f3e6e09ab9af859","flac",NULL
"ddc8345266d1001e94d4b017a81d8977c48438bf","flac",NULL
"64a2a4dda2f0a39ce356286308bf03530c861b47","flac",NULL
"0d0bef0ce8619990850aab6b7d30923748472a87","flac",NULL
"85ad32437b21538ddfdff817cd8e15bd6d12d69d","flac",NULL
"9932a492fcde0ba3666ca853812350a7446fac09","flac",NULL
"fffe46e7d14049be86f450352bbb41ed3909e751","flac",NULL
"bffacce9b81d1c2765993751e48fb07535a0e490","flac",NULL
"796a9c5df70422396fc8263b639048470fa6683e","flac",NULL
"4477dfe92bec0789280f3222bd6ea43787299608","flac",NULL
"146eb8fed49efe0111167ca77a4d0affd2047c73","flac",NULL
"064b7dd4e293d32aabc6ee33ab00ea7472518786","flac",NULL
"3d17498107f56a44df2361713291ecc0b3cb4a0e","flac",NULL
"947291d29675c2d0b27dac5f6e5f432be34aa032","flac",NULL
"16383bcd96a451cd29495ba39bbbb5305bef2f33","flac",NULL
"3fdd03f1ecbc76fee2b796dfe4441137a1899875","flac",NULL
"b27814b7065755aede68e76030d00b76557842bb","flac",NULL
"d54b9f1afeb9bb9ae9f5ef7aa452e14b15ab5156","flac",NULL
"322e0331d684f83b6a2a3f16aa1dd6378b511b7b","flac",NULL
"451a679b30317f2e0643dc26302f254b8625a698","flac",NULL
"072c649dcc05c0461845b03be60df8bc3e3d2534","flac",NULL
"40f900cd6143eb68632a76bda786be2bb46e4472","flac",NULL
"c2553fe42f6d95f0f1af74364be27e4a341e5bc6","flac",NULL
"506503e47453aed5a8d17d9f59458429d44c0ed2","flac",NULL
"b834b59a681c9472f2efd7b91119f122fe0790c6","flac",NULL
"9c23aa1b9aa71233dada885750dde3c3a2bcd4af","flac",NULL
"fd8099ff2a23446792062547e3aac0df3729e0c2","flac",NULL
"41b14afa4f271336f06c1d13651fb7e7c46c6284","flac",NULL
"8ae06a624de155b9e6668f350180c662eb017ff4","flac",NULL
"51229f9b2260fd5e82329b3605cd0150620d0e97","flac",NULL
"2948fa3baae5b7a37d003b6cb9ede5441890d50d","flac",NULL
"b828ed5651b9293ca4e32dbf755ac88fe9b9483f","flac",NULL
"6f3fbd68153ae7a2d59cfc590eec3857e732070a","flac",NULL
"013d3999ef35773bee7c28f0b7bfd357113b49ba","flac",NULL
"85dd537eae4a3ba152fb800d14ca171dd1381563","flac",NULL
"c010ed229e9eb61ca0865530df487dffe310a929","flac",NULL
"d330c716c6749db3298a93b1cb63a673edec13f9","flac",NULL
"1243057bc4d8c989355c9d3cfb28add5b49c25ea","flac",NULL
"3c77c590ffe5f560027b02a53d0c7cc6b05247f0","flac",NULL
"3807bfa924924290b982bc05b98452f20b6e1d04","flac",NULL
"fcce23d3146c62ecf2336cf4e07a5e6f654b9425","flac",NULL
"0562798b6658842c0880492c6552d346092983f0","flac",NULL
"e8b8a4ba88ea999ac83e8728e948e8791b629c97","flac",NULL
"41d6fc25a8e6587ee0590cdfdf2a768a33f5ab1a","flac",NULL
"9df93cb99ea6229c9bc2afe54f3e18e9dbdf599d","flac",NULL
"3aba0be78b69e400ee731a3fd20f312fe1a594e0","flac",NULL
"93e913c3619d60e518e0a1c275c09921b3e7fdc8","flac",NULL
"e1edc1e017a37386074d60beea7b144791a89442","flac",NULL
"bc8835eeffe4639ba9bd3adde112b858d8c4c4e0","flac",NULL
"a393de9a7dbd61de7c2b7353e365546c6159b3da","flac",NULL
"a3e2599f27f0ea041aeffa837765411d82d3dbc9","flac",NULL
"ff291ef7e772673654fe7655ba39cf677883582c","flac",NULL
"783b364b74e62d21f2e7db71094e67c80ad082eb","flac",NULL
"8df467121c66d51eb264329e9419f2e3539c326e","flac",NULL
"10f7c26e267374ea3a6c55afec1f29c1c1534acf","flac",NULL
"6fb664eb3ec78d09c1ba18d1aa6da031dc34f6e0","flac",NULL
"19dbad4d91aca92fec9bc8af9213559171b389f8","flac",NULL
"44173d18591cd050ca30894ced5e7decef7092f8","flac",NULL
"c27bdb4d64e907863c5b7dde8bd94485dc813eda","flac",NULL
"1d9cdd03bf7944e601ce37d853aa72c1e88fad8f","flac",NULL
"08d99d69410e036ab8c1d2043e48f9cd015a7b06","flac",NULL
"dae0fbf474a40b6f551230516461e488ee905bbd","flac",NULL
"0afe1001a7570209f454acd2f63fee2cd683565d","flac",NULL
"18a50c14b62e22bfeb94fcbf3c36c59548372603","flac",NULL
"ccd55387f0486e34739e42a6612e87b1e3b89c27","flac",NULL
"240554ca9f09075d7574ac2a724be1891cff8660","flac",NULL
"bee28cfd0a65b5222d09059ad91fb5853fd04d85","flac",NULL
"dde878345ab7866eb9dee9662e370e1896359e01","flac",NULL
"87efc5e9e69f3569056dd392d5c9ec48f0009ace","flac",NULL
"7d64c5a02a23eac6dde399795f3406542d37ba7a","flac",NULL
"ae3dcf5a25433138476f9e9b766a0d6a31317543","flac",NULL
"610282292cde38f581444e766ec91d9c05cbddba","flac",NULL
"c0a3af4a06fe98948304494f5e0940102ed42d7b","flac",NULL
"b902d3eb3133e1b6f47d7c2bbe438b76a6e1a294","flac",NULL
"5bfa6fd9dc7c71f790e4bc72a8e29c0a669170da","flac",NULL
"d920e90ae0f1fd5599d2a5c75eca079bce6afa7c","flac",NULL
"58296c1693ec6b4055a6ec39867b6b507edd1e53","flac",NULL
"9249cb7239b826831dcb659242022e4b24510f2e","flac",NULL
"83a52f51748862522823f8dd76419f74775e1c18","flac",NULL
"2052e8e5e3851f47c3beae1ba70bfc7a7893993c","flac",NULL
"cc685e05e61c4c45b94e939cf78e50507ef08ac3","flac",NULL
"71b81c4ad642a763210233ddd56807d7e05f94c6","flac",NULL
"d894d6bcc0153626b22a80cddd1564c8ded3c68f","flac",NULL
"46c7fe1770774cc26073e67c716fe5fab05ad5a2","flac",NULL
"3f011106d7cd871caccfe9e21a21617a51eb3449","flac",NULL
"cdc9871790c68d57faaed15c34e97a34aa132a27","flac",NULL
"2fb1d05620729bc22cdcecbe3c84a293f2e94634","flac",NULL
"5998d40f6a4168ad14962e6dac1ce7cb632afeb6","flac",NULL
"75d95148c6933dd8082897793b8506641cc9eeae","flac",NULL
"b13eaf712d1f8549080f5f4283f9ea0d19c53bdb","flac",NULL
"ceb9ebf0185fee9f458839aa07024a2ced049142","flac",NULL
"22a3c4639d8f6a03870c43cfa46a6cc2303c5641","flac",NULL
"c2a13c548dcc9f2c4a01b5e6c1bcc1eaea802b8e","flac",NULL
"1d3c62ce90e9b8384944292be6649c18652ac8a8","flac",NULL
"72853a9f9ef4470ad3126f71f19c1f1632eb902b","flac",NULL
"2897e2a2f8b15143cf7fb16a3e5a28a2ae96ca56","flac",NULL
"8bf15f0620dca5802c640620eb6db17504677ecc","flac",NULL
"006f73b479234fe8dfa3d47e0202b0aed29d767a","flac",NULL
"3d905ffde29c262817200a8019c7f2cbf13030d6","flac",NULL
"7c6fe33a2aeb66f43aad613c9ad6e53ac17827f3","flac",NULL
"0cd2308e1d336e8853e87ea26b9ff15c826d4e43","flac",NULL
"741d8f6a9653b5536bc2f354e5b666138d40d656","flac",NULL
"93ecf2d510cf77409721c504afda529719299f95","flac",NULL
"92e99429e3574b35bf46dbce4439a9d80a5ff321","flac",NULL
"0c075eb7a88cdc6d1f03d7606f8a8a80ae502b3e","flac",NULL
"fabf9f4cf688d52febf334279fbaddb6e0b1f226","flac",NULL
"ebdb14599c3fbd01bfec15dac024294b21bba9df","flac",NULL
"b647bfd827400ff1c2aea748f7ae9cdd8c274fa8","flac",NULL
"f18ecbd5fffd2c9868ba37622d9f1ad3da29996f","flac",NULL
"4c2bb6717ac6789323a3549e92b3eee059cdf622","flac",NULL
"c0d564aa0511690716a3ec15a5370fa62ec11492","flac",NULL
"2ef8c2ddec276d77c698e346baa1ccb1528b1b2b","flac",NULL
"b99a74de4b5c36c10c0f3827f2aacf4c0aceca67","flac",NULL
"8982628bf8d1ee4d74f949ddf1b159e3de799785","flac",NULL
"a65b22414a553b8cefecf14cf8da25c393c92c8e","flac",NULL
"1a7d29f2fffb180747627f300ca3b22418287f63","flac",NULL
"c713f30fa80e39fa6ea52812c328e24f1ae3b6ca","flac",NULL
"31a936d18c92beb095166a83e73dc2bb23658ddd","flac",NULL
"936a98f770b0027bdaad3e3b0e3ab1e2452a7d4a","flac",NULL
"181da22db3ec7eec24285bc85b3aeea40b0794b7","flac",NULL
"32687af8eef7dca6aea3d60bda1de80cedc56b8b","flac",NULL
"59123083a454bd31356cd14abe7db39c507a08b2","flac",NULL
"995593fa836143c7bd69b5cb05b6a91cdc32413c","flac",NULL
"fab1bebc0b7f31d02198d0c55e9ef3c92e4cad02","flac",NULL
"68993801c02c451ccc853154b2d9b79d2a56d60b","flac",NULL
"a2397f7ca441116594afd683c7b40514a3080407","flac",NULL
"95778c5fe9a3c65b452fcfb79c2b942996098740","flac",NULL
"3f4fdbd6f7392f31a42f16ecefc03c11d7d139bb","flac",NULL
"1d1726b8c7d55c26b7efaae1bde71bcd2e932e38","flac",NULL
"d50ea4a2bcaae16ec2f765fd022a94d47e8986e3","flac",NULL
"7fad7c87a3ef81046de86c396944e7ee6eb5b876","flac",NULL
"9caaf6c7d38ef00155a11c811fa7c6e444cd4682","flac",NULL
"b74db598fdf717d6d501a18405d3760dc1e1c16c","flac",NULL
"ec07184d495440d0926a90b0d72e7481a8345305","flac",NULL
"d279463ce30024cc2278a45f8769b4f0824cfcd4","flac",NULL
"db035bf4acdb4d24f8d3a96f554670cccc2d1a21","flac",NULL
"c279b5bd4135d92446c166973ae4f25ef393e56a","flac",NULL
"4fe84adc8d1f1dd7682e8065ae28b21691aab811","flac",NULL
"58be88a642ddf5e573e1c3cfbb9c0ff4231ad090","flac",NULL
"4babca8097e6febe6b9cf6eee160f2531aa7c185","flac",NULL
"b2c40ee2ced986b3859b8956063763dad2f093a7","flac",NULL
"426b63168bdbb0475670fcee8613e9ac22fdfc82","flac",NULL
"902e1dcd18b8b43c233f2494e16797bf8a68632b","flac",NULL
"b31d3c7ac3cc366d59b7d3849f3f3599d1c6ec72","flac",NULL
"793c430d8d199f647a2db8ae3fde67148a112857","flac",NULL
"d07e8974bce0cfd627ebea2a33319ccf9f768890","flac",NULL
"709b104f9444025288cd935945edb604d038daa0","flac",NULL
"0f481e01c0d4db9710951af2ad859caa02bbb245","flac",NULL
"65a989c93b39ed67e327b5cc4ec5b216953743fa","flac",NULL
"4d300ccd34692691eef84c90af031f14f91e4c23","flac",NULL
"cd57fc7a036ae0792e6c2e1f5f169cc4b52134a0","flac",NULL
"352207298e9a0ee53bd3cec8da9f3edd96794d2c","flac",NULL
"127b15c7f7ae4ed4967126147e81025411d87fb4","flac",NULL
"7d770393682b6ee4eaf8b2253557306e58d1c243","flac",NULL
"fb70bddc5c0d2a7da3fad48847049bec44a87bdd","flac",NULL
"a6446f2cb57e5a535aba7b4a671ba47964119bb6","flac",NULL
"81e645904c6a626bf047becf1b90c929fc0e7048","flac",NULL
"75d74924dc7dc6561044624382065e7f5a53aa55","flac",NULL
"5adfeb65c06a0d287d1159dc6fdcd42924d667f7","flac",NULL
"b2e49fe2a793776da2767e7ce3642943cb75c2a6","flac",NULL
"41bd616bde52093af6b6c763c61dddb44faf67b0","flac",NULL
"7f63f5d5da34554cd529232c43cd35425d4eb2d0","flac",NULL
"93c974dfbf5302e95c2112a6f65f60737ae8babf","flac",NULL
"7305431c58864fef1482b1bf9dc47822c7cbe402","flac",NULL
"eb8d7073469346f97ef2d83378ef806bec1daf09","flac",NULL
"6530a419e2ea5fe0fb0255b223637c58672ce9d1","flac",NULL
"47a178172ee3e6d708ce22ffb1f585ba78037278","flac",NULL
"07af08219e568f71e0eb78aafa484ab263a07d0a","flac",NULL
"6fb42c0ef1e778eeee9eb0719eab5aebfa320d77","flac",NULL
"4c95a8fd1c0255fca51a9b595b36e50426b94e69","flac",NULL
"d50b5966cf8d88eda25de6cc8336c841fc52352e","flac",NULL
"0b3f4dcf75630dd777c53ce8861ab917424bd3ce","flac",NULL
"136587c724886ab71de3c9fa3f62f88e3714671c","flac",NULL
"96bf6a0c42aca60e97d25760a96ab8c1535692cf","flac",NULL
"1683389b5796e5add6aeecfa4ef32b0564126cb7","flac",NULL
"4380b1e49002cf1f8e8be6e2ede504f92ebefb34","flac",NULL
"233de139713e7d9ea586fcb4eea60291c20fa377","flac",NULL
"e290648198489d77de519cb17be4f28a6d2cc765","flac",NULL
"f13d6d308b59e78e1aef0c6c49fcf07527720ffd","flac",NULL
"3981bd7060e40fa30fe2f29bbe8e0b3a120f74c8","flac",NULL
"86cab56dae1de6521e2d2286e3128e6b137f2bb7","flac",NULL
"b01e029db5fe15974ae7cca6d74fe23675bd033b","flac",NULL
"e609142145aa4c8bd653727069c74c1ef2716146","flac",NULL
"0e700bc6eb538d055139ca005021c9287fdde9aa","flac",NULL
"7fc846da32a4d5909166360764acc3d6bf67541e","flac",NULL
"bb23e7572e4543e2ee3ff497aaa1b61e0682a9cc","flac",NULL
"75d7d02453f69a88e19fa7989487532688bbd0d3","flac",NULL
"65864dcf589ed7a1184396b2f4ceeffceb6d520b","flac",NULL
"5dbff6aa0af7a5baf408f542f6380a1e4bdc4455","flac",NULL
"81b07aeef243cbf326601307461df80eb8c058d4","flac",NULL
"4a56da9f6f2c215ce564ea2157ce24b44a63bc03","flac",NULL
"7900bac4ee819fee93f1065eddeec49d713c78c4","flac",NULL
"52f0ed3a95dd8962b2e1a873af4ba0339b4df4bb","flac",NULL
"cc1102b9129303fd15885b13569c6bccdd9dbfab","flac",NULL
"9bf278f28d52705cbc513cddd705b0ed2517a94d","flac",NULL
"4a0a6f5b8884a3e0b97ad7ecdb885db7188568b7","flac",NULL
"da9e37298b29fa352289fcb9f5081962f4e4915e","flac",NULL
"2a3a21609967b9b7d5e7f5fb6bc0b030cadb6bad","flac",NULL
"5d1f899e096dd9c847df232e720079fa0440bd4a","flac",NULL
"6df47ba6f052010cf6f84284aed72e8b94ba1ab2","flac",NULL
"5498d6d87634244e71b03962680d8fafbbb7a44e","flac",NULL
"0b46bf5ea745881db30e59a916fc306a5f0a26bd","flac",NULL
"2001c9b7c0daaf9727ae4d90f6a92cefaabcd10e","flac",NULL
"459ac37f642ea8e05bb2c7455cbd9b3d20bd4100","flac",NULL
"f26e6794ea3b81ba3cdafb14854156b5ef9b0a24","flac",NULL
"ce1b2a09d4eb45a8a79e5759db449c7194653e64","flac",NULL
"d6662156987cdf9ece362192c3d607ca5eff74c0","flac",NULL
"d592f60c6c2c865ad839fa8b4dd2b1d611a71845","flac",NULL
"0e724368a8deb842cbf1c8cdf981d8a3beff15bc","flac",NULL
"f430884d776fb5c8cb17adbec0b7fd2c3eab0818","flac",NULL
"59ebf44c34581d30c55e8ae65bf8cf528d82202c","flac",NULL
"b8f468c328bff8fa48cbc7c3ef7045525c92ffaa","flac",NULL
"59f80aec0261b8b2fc7072b6187073b73ed55b4e","flac",NULL
"745f944bcc7f2d848f9a94d43807a140b05623a9","flac",NULL
"da6abe38d845be40cf76c251a8df14d951e15255","flac",NULL
"73bfb1272d948945ce43d34d5ea0bf0abe71537e","flac",NULL
"e9724ac616f498f11dd071d49621184ac013569b","flac",NULL
"a2b3655ccf6961136e8e0f8ea39bd66c14e881b4","flac",NULL
"515671e7091f8fa24bf74ef59f63271c7bf50afa","flac",NULL
"7bd9e48b946e031015d67b3cfaa9c2e92649b7ab","flac",NULL
"026d04a2ae844fd6cefd55e16b5ada14bfb535d9","flac",NULL
"731280b3b2aaac1a7951dbd8d7926c20f2647ad9","flac",NULL
"4add914fb39487f90e592461cd50061b62c68fa9","flac",NULL
"426348af239911dca3bf20aaed74e1495093d8c1","flac",NULL
"3f5e799f066543ae50035c39bbad61b18f808646","flac",NULL
"9497180be2565a89054a00112f5e60ae93c757f4","flac",NULL
"a13914297bfb39d9446a6ff090ed925c61709c77","flac",NULL
"a06ebf114dafc67125d074224bd5a8ccbde7a0ce","flac",NULL
"f52e70a9b7d289eb121ac1be3cb409613c37278f","flac",NULL
"9d24fbd5f896aa8a5c75291a464d62b5f0a67832","flac",NULL
"8a5f68bcf7914a1175cdb3a32cb8719d75df3e5a","flac",NULL
"02d60826e6d4f6433fe9d13e2145a82999b58f61","flac",NULL
"2f2c0ecc1bfb7e23f013c4ea99a26c8885be3bbc","flac",NULL
"dfbde911d5804080737b58d1b8948b68d96d8499","flac",NULL
"f183e399fedfc42fff6ff9a5a67833714910e3b0","flac",NULL
"c9f535e82d5f35f670a42f7167a417e26a563a04","flac",NULL
"30dc228dfac3134068a9dae27f49b85aedefcecb","flac",NULL
"9c1cc19b8d3adf070b6d4c1a4f44787689b5a468","flac",NULL
"b54f687f05e5dba488746d87e400ef22502f16b6","flac",NULL
"e665e4c817a010d913a79040a9af28a3f1bdf0cc","flac",NULL
"483cc11a399aa3d8fa8a493ac894e0c4dc56f96d","flac",NULL
"1024928d29bf7bcb7f2c90e97e1fef8a430e05a8","flac",NULL
"0f4da05ebc06ac1025b5da13f03ec56cf822f19f","flac",NULL
"d2e89733a1f3d8a1a9c805526530e9b2eb60ff2a","flac",NULL
"008a17390cd09ba493a9fc1f8efa2e3d513b100e","flac",NULL
"f553081c65ad01d87b6bdc318920a0579a8ea5b6","flac",NULL
"10f665f16c09fabb2e28f33c9fda169e4c88ac6e","flac",NULL
"cf4fb61a22b27c0e04d79cf45594979db2118e37","flac",NULL
"f100b2c5b623f693aede52fd5b74944b9b13bef9","flac",NULL
"fd6d56d790079d4486fb7a2ced1d016a94351b16","flac",NULL
"ad78052974ec4b150fb22ae86230ce60f928dda3","flac",NULL
"8622d98eff658c38e22450baa56c4dee06538ad6","flac",NULL
"99c0b1260669deee731bdb9d90e35244770e52e2","flac",NULL
"d43b32ec8d4558ce65eac2ab2b8f33360bab9442","flac",NULL
"c303a21bed2f798579aeae503cbda6414a36f8ae","flac",NULL
"45ee1408d32d987a642fda94c29f3b4e872d18f9","flac",NULL
"a1825579e7130b1865dc1cba94c10d2ef010f1de","flac",NULL
"91bc99b90b1599eb3c39b8c0bf5a798089b7f5eb","flac",NULL
"8ca90b2838405c5380b5f06acc35987173ceac0c","flac",NULL
"f19402eae63540219bb9c6ba218c5b7e8ae959ae","flac",NULL
"fa6516a6725ea3df9ba8998b655b30b84eda5aa2","flac",NULL
"9670880dad29571d3dade74bb3d1e9f091d80c40","flac",NULL
"1b5b1a7453d4c933f30bd5f8836535f7b5df4f16","flac",NULL
"a63e66b3761d966d8f7aae9a87f9a5fd5bb1aa0b","flac",NULL
"29e4e62572805746edc9ea781f7690a560a00c24","flac",NULL
"ee88bb3401582350db1862dc93767ee4a947abee","flac",NULL
"dce163c30dd4f553451c7e8d585e4975d3132b44","flac",NULL
"402c4ad239c77405235b76fcb2fc0847b1552573","flac",NULL
"ae0ffe75fd1e50b844442886582311ae22d89aa5","flac",NULL
"9328153c303c5de0cda7fe949156c01d8a2a2f29","flac",NULL
"a5c12781f4687a509028c86b24dba59903fb1215","flac",NULL
"b2ddecb147470a123fe901db5647d2b8f224984a","flac",NULL
"26908ae52b2fc1309ee0d0798365a4e06f6bfb53","flac",NULL
"d45de6dd42b5d56d72ad71152090d07b9a7d362f","flac",NULL
"e94551bb603449697f241ef8a68f814a204ecb84","flac",NULL
"a989d34f1c94af68f8fa7cfbfef60b36cd74f329","flac",NULL
"1f1e998934d723100ac49b5cd674adfb4bea943d","flac",NULL
"bffd0c962c5aa704b6ee32874db051df18252a7c","flac",NULL
"1854e97fa70e6cbe3ad30193f01a71c37d0a4c23","flac",NULL
"0b1b01718fa17500f20659855522afb17cbf3c2d","flac",NULL
"7ce4b073fe3b0da0a1520571c9f44e3edbbc9937","flac",NULL
"9bbfb03aaa7e4b702d68bb41aeb4a3f45e2402c0","flac",NULL
"33710eb64c288bf91577ba972b21a846d0a1069c","flac",NULL
"f2e1f76ef0c024dad46372cbb1ae8721d3d773ba","flac",NULL
"6d9e5472ac5daa454c43461e3d6c2e7be6b1b16e","flac",NULL
"85d8e24ede983c66a36925c27a3ab18c01fbe7e3","flac",NULL
"299e9818ba81d8d9a492447727d71ec6c2a2fe1b","flac",NULL
"5864109307d7454365b683531cd449806082191c","flac",NULL
"4b7b3b6dd05464e5ca09215fd8f8603c9cf44810","flac",NULL
"f56b3cc5af5c06a42d89a17ef236cbf2cdfffbb6","flac",NULL
"e1839be830c1a17245b19d93b04e9d13f03f1c50","flac",NULL
"5a46dfecf3e9a447c7af1a7cfd662d969914b331","flac",NULL
"255032e8f352f7a49cc76e68a7f18bf1321ad78d","flac",NULL
"86cfd3f358775b30a72dc4276483501cfa23a9ee","flac",NULL
"3116ccfa4f56f18149d3a12ad79ae21c405797ed","flac",NULL
"3587b9d2f0e4c1513e67b3ccb218e46458a275c4","flac",NULL
"080d694639bfa19bddc42ef65be62d93a25185c5","flac",NULL
"b2858a0a6eee565e78e56b46ac50be07eceaf9d9","flac",NULL
"06a1654aa2cf22c68e0e6c4a6a24465194f5e971","flac",NULL
"3efa5460fec09f32cc8ef1a3932fabf278637ce1","flac",NULL
"e9e6ac22124a2a8ee720b313349611d67fe0a662","flac",NULL
"5074f73db2bba8f67ef5b45b8b8d4629445959cc","flac",NULL
"8c3f55888d8a95d2d5a5d2c313963e83dde5aec3","flac",NULL
"c4e84b26516cb66271631a752fc6b6db761487c0","flac",NULL
"4d943a3715b3f3e47e773989f7e95df51f182434","flac",NULL
"7724ab13657de95932ab32b931a17635ecc7afb3","flac",NULL
"5e39bb860268b149933c22d2c1838a71d76a3e4b","flac",NULL
"5b01be39a51513a90005c211437cb4c32ca024f5","flac",NULL
"d4b501e3718daca50477e2ba2af606b2d506b5f7","flac",NULL
"598b7123b737ed99e0011daf214c99be6bf5bacd","flac",NULL
"7e9e21e1b2c47cc09fb66d8a5fe65db11551a973","flac",NULL
"9ebf3493e09cfef18130dd4578f43efc035709aa","flac",NULL
"346b5b21e85b4f2063c876384894eb68a72b7273","flac",NULL
"5f00c4bd183904dfcf82bb9774c1509922f12b57","flac",NULL
"201c20b56256eff237590567d3b6f18fdec426b0","flac",NULL
"1a02eca3961728dc54f8c87e62367e01fe824e0b","flac",NULL
"61020cbf76a8631c6186ebaae6a234a8a50600e1","flac",NULL
"a7b8b7d5d6232bbfb147a73adccfd43f86371b09","flac",NULL
"a2b50e90f49aa5b9ce8a65fbceee5a78e00992f8","flac",NULL
"a782af05ae8c348200f542748fafdbe91d21320c","flac",NULL
"ee60a65a02dc7c2e6cfb4c88c84d6a2918e7965b","flac",NULL
"cd54e6b6ecb8ef6692771a056b5e068c3c06ca5e","flac",NULL
"b465da5d8f8d6d9b43b0fbe099a97284cd8ae040","flac",NULL
"019aca544575ad4224e168440abbf2fe006f9dfa","flac",NULL
"cab33e6de409d683111eaeb298fddee31c825794","flac",NULL
"f302c5cce3d7a7bfd3dbadaf1228d0d3226f084d","flac",NULL
"331509b65ac9b86a7e5eea6d268713df5ec76e60","flac",NULL
"ccb8127b2bac1b8b5bfb6fb9443212d07e174738","flac",NULL
"cb3d3a7005e8925d3b717523372c0be96f92b2b8","flac",NULL
"7cf6fd0df6464fd10495dc78ad8c8737074d2dd8","flac",NULL
"5d37ef10aa60f85cef265bca038127da6114350d","flac",NULL
"98ed2116890b30878d67552250843b6775954401","flac",NULL
"95b0f140fbb8f6fbcd96bf243724a26e72406434","flac",NULL
"9d2c1f1979728de9f3d42edcfae7800e67c4098b","flac",NULL
"e7dde87f9bc85c33514f741a6e64d56889aa6b9d","flac",NULL
"da387c87fc63c7f9d29ea6f068f1d20e1cb42a73","flac",NULL
"183d0691ebaf6f35f2ef2af9f8b565ae361e1c5d","flac",NULL
"101bc4f073f861b0e6e6b04df38750b068336b81","flac",NULL
"b028f1573c4631630fcd414c2e9c652470b6b7e1","flac",NULL
"56a13dccc0d31dd4f1affa5658b02d60618f4a37","flac",NULL
"838a17be7614f798a16212850de99f1d50beaee7","flac",NULL
"bf6f753d2d0eafb42101e665c4e1554da87153fc","flac",NULL
"18c49764f28b61bb137f6d356901228dad85bf22","flac",NULL
"da7e2e4cf72e9d067b49fa6e0e05bab579d828ba","flac",NULL
"6baff4926907e0c5655ff27b917d3a0d1fc5de92","flac",NULL
"6406da41b023e0095b01b3e08eeeb37de5e1b169","flac",NULL
"e33de4ba269fca86f8ddbb7cf434e6a697972496","flac",NULL
"8728200315db3122f5862cd5a67c45d232213170","flac",NULL
"9b435d388459ce03cb75f7127b13e3ad3872bfeb","flac",NULL
"fde040c87d2ab935d083c0625ed636609df67859","flac",NULL
"c8398f177f4f1db0e2cab093e4a8ad83b3241e94","flac",NULL
"fee0a0670b3888ff94028bdc6a606e437581645e","flac",NULL
"fd913055c18c5bb2741670a116efff1809fbe8bb","flac",NULL
"ab7f3c5bcf5b21513cffdf7dfd6ee184e79b0618","flac",NULL
"b6157f4fc37c02de5d36aa43cac1c7dfe424ae2c","flac",NULL
"9caa45c3fb2eae80fda0facc74813e41b9c68110","flac",NULL
"04afd77c1d4a5a2cbff4803e4caadc7a21487ffa","flac",NULL
"e7fc3ee0cb6e2d883c46f452a1618ae88146e7c3","flac",NULL
"9de5d2fa107abff54eb4dd8fa6a6074288b89fd5","flac",NULL
"54be8f641f9b9fb8a81f4858659426438e5d481b","flac",NULL
"b4dcc8f0bd4fbc4edda56b4e9499fffdf0bf5caf","flac",NULL
"8fc09d77aee34b0c6a2fee9d19e8b60dcb64ca5a","flac",NULL
"b2e90fd0010cf3e96d2dd3265d48b81ece6927a5","flac",NULL
"23d7258f876641caf4902b4c1e58724255e750ff","flac",NULL
"4505722433d2641c1ab5fd9d31d4b60e97013a2c","flac",NULL
"ea7c41c5c75b54dbb8ddd78ea60c96ae2bbc0055","flac",NULL
"56df9d57205ac99b07ead0d02e33d49eb19977af","flac",NULL
"8d26645ff749c2e3a0686d68acfe48b147b003fa","flac",NULL
"8daf2c9e7a533f0fddbf5825a64a896fab61e40c","flac",NULL
"64e2395f2cb967c47dba36c360388faf110633fe","flac",NULL
"d7851397375c16f7699f3f03961c7bcdf9dccc19","flac",NULL
"85159769c5bcf9e4fa95e3bf73ec5383dbce955f","flac",NULL
"117bc6a411ccf71d40909fda721237b09577c06e","flac",NULL
"fbed7ec16cac6fd4460b955c974ccbafe3f49da2","flac",NULL
"02749b2a933c13558bb9852a119e80e343a590f8","flac",NULL
"1666dabced92827b97fce269afb90caf528a1e1f","flac",NULL
"4cb288e9159d477418090e469541435ad41ae064","flac",NULL
"4ed1b30a691368be81b2c8aea4a1d2a374be41a0","flac",NULL
"ce0d601301bac7ac1e5c854e8a31f4097383995f","flac",NULL
"1712767d2ad738206bca538e1f2c3bf15cd030d7","flac",NULL
"05d28d9e32c5a30859fd098dc5f4d2a100387da5","flac",NULL
"2e2897166690423c9a56b6415a70fdfcbc911938","flac",NULL
"977a340fed98273826516185aea4d1b024d41cb9","flac",NULL
"6faec3f3dbe38eb590d253b0dc56f36c03c04c12","flac",NULL
"b963b0fefe036ca5fe45f5bcabb50321f510ef55","flac",NULL
"46989927cc3d341e7f83974226ed9d1e473d6da8","flac",NULL
"f9cacb376767bab2d057fe2c52e6aa804cb73afe","flac",NULL
"938f240db74740c03a16c6890dc0546a1bfa9a5e","flac",NULL
"9d169a43d5383e79c2fe2b12e9255cf0d8e44c9c","flac",NULL
"408a165fc34890b3bdb0556a0a606254e349f43e","flac",NULL
"fa3aafc8842ebf413b296e377a20381a5f6236fc","flac",NULL
"672631c925ce5a22baab9c0fdf4109567da9092f","flac",NULL
"e4d25fb941d93833325ac68bd50edea02e9d1047","flac",NULL
"684a70a877ca32e627fff68c2bad85020e19355d","flac",NULL
"52cab1807932d9a05acf96723eadcc3b4e974b9c","flac",NULL
"41a49aa8957917a24538f7283b04425147587db6","flac",NULL
"dbdd1a05489f91de6dea734d91241478f7bc6b61","flac",NULL
"b9be50d5a07fd5cb7d57bb875969984001abcc86","flac",NULL
"2ff4222075448a11decc76cbad457336a3f0a310","flac",NULL
"c7f380e0ab247c1850b1368b3cc57963185b7315","flac",NULL
"22caf1d3218d6c4b22a992ef40ce0d0535867ed9","flac",NULL
"ed3370afa99a59ef09a39646e0541364392f34f3","flac",NULL
"c04d27343d89ca73f8d4b9327b1ca285c459ca24","flac",NULL
"ff006cb5168ee9be3fe03f417ee705e766d2e23c","flac",NULL
"d25ca0d60c0d57471f391342730637d2fa05eab9","flac",NULL
"bea4d6533217138994ac81f76edfa078224564a5","flac",NULL
"2e23919c95c8625553b38d65884a6b5501ab230b","flac",NULL
"5f4589e3bfa02b9234895e64e41f01d5e546c062","flac",NULL
"ac79624d3b9a1d070e4ec13fee290bec1f539b95","flac",NULL
"3f54697e84b04b3a2ab6dd7e2cd0d97c905ca83f","flac",NULL
"f7ac32eabddb6a1993cb977c17a02ef2d278826a","flac",NULL
"5e37f4ad7d8d62c17738451d9898977df101bfea","flac",NULL
"3c2bddc1c85afa20b4e0968c70093861ad93ee39","flac",NULL
"bddfb7b21f9a7061c55d3266c9f5603b698d75af","flac",NULL
"2c9ffb8e0cfd3b5e9f7367b7254abb9ef2a4884b","flac",NULL
"3731c79d60aea6757ef52734e460dbd20ad05751","flac",NULL
"d0fb3301536d519c57e4552145d5edb0a4f21876","flac",NULL
"2711fca0382ef06f7e450be1d8302b1272b9ac87","flac",NULL
"dec51bc025c84bc9b53a6ef67e705b52947eba70","flac",NULL
"fe62de47c4e083cb0bcd16303c56ef176bbf1ca9","flac",NULL
"b84fe856703a64c574e8c819b08e9c3004f1c4cc","flac",NULL
"d98a683e4631ccc3d2b5c06ae9c96050168514a0","flac",NULL
"116e28751bc60d5162f9b958bbb3bceae9680637","flac",NULL
"939a674f491e2c5d9e230f07da73f0c2e7ba2216","flac",NULL
"ff36f6f3359cb6a0b18265afc1ff9433ed2ad068","flac",NULL
"14c71ea2d7c04b9b394c64f2c8d349d6c71d0fc2","flac",NULL
"f027fa846682ce40e9800e041e3ec90d2fb13ddc","flac",NULL
"f993f447bdacf48fb290983320c71a0bf1e6b41e","flac",NULL
"b24e640e13f1f31b554944c264044426267072bc","flac",NULL
"ea76c23431760845982f33f982a232f4f413915f","flac",NULL
"b206090c204cd0f3022911fe536fea2fa6847522","flac",NULL
"0f4da5ea5783d6534a7569c68807f61c7256c49c","flac",NULL
"2e8b838cbe946f764712ffc167f3148a0a25bc89","flac",NULL
"c63b9d4992608a1dc66bf3a928b4258a4abbd602","flac",NULL
"c3d71fe03f4c46715d89df125f57f04f47f56909","flac",NULL
"705c8148c0724edb2aee5eb790618df0dbb8f9ae","flac",NULL
"d4a8007bf3728e809d03300125d8765b799031b0","flac",NULL
"45e737b63d3f2471e3f240b955dd9b71325c6664","flac",NULL
"b22f45392f7b3e4bb718e6173f1570ca1f08fb83","flac",NULL
"386b98ba7a6278f40a26cae8741878c789fb47fe","flac",NULL
"4d887f4d7f19ce8873ae2ffb2a2c44db802bebc8","flac",NULL
"ea1cd0363e7c32c76c95c0dff3c351122921ac1e","flac",NULL
"2f830927b2b0eba5abb1ea3976f7859a0ac971c8","flac",NULL
"5d00fa8f2f229772625ef32093a2a77f87db9066","flac",NULL
"c3250d44160d0edc9380ee7d9b83f708089ba489","flac",NULL
"d50be528e29dffd4d499b15c1d7bf0f1d91c0d3f","flac",NULL
"3417c3ef94e4a9ea6202011ec50208da1c508077","flac",NULL
"e0a5c6ae2f91c450aa2b371f4cf089c1dea6befe","flac",NULL
"27ac3547b02fc50a7801a1e992e8dbd865fee1a9","flac",NULL
"0d2412390fd22bfac92db06a62e64b2287c877ed","flac",NULL
"9d83dc2a781cb0fa23a4a05024cf58c9eadd5377","flac",NULL
"3e5383630859df494b043069f024069a7d2e8f0d","flac",NULL
"93810a1a6506b8851e4e41a4e2efd89ad80470d9","flac",NULL
"da855172650cac8119b4f773833300e2f3936dd4","flac",NULL
"705cfdc3ae6561166fb6cc953d7247346224b511","flac",NULL
"9ba9a7a852e21afdadb37d05f84344d7618ce99c","flac",NULL
"c5f99658ddcb136952056f7b319fd8edf1611283","flac",NULL
"1cbc339b34038710f147ce8e34fe0f98f007ea2f","flac",NULL
"ca25fbcce070dd063d35d1240892eae326f269c2","flac",NULL
"ff83518cde8f42919ecb3b4f8bcb0419694059a6","flac",NULL
"f69298d7abb1b400f11687fe61b64c048f67ddcc","flac",NULL
"2d25ecd56c3785b648a3a80e8da38f95621dcb46","flac",NULL
"9bf53a5ce3d2d2942129294b0355935f58c8989e","flac",NULL
"114b3fb93d3d45b912a5b7c8c79afa50081accc3","flac",NULL
"d499aebc65ff159eea7ce670f2707de83e62e0ea","flac",NULL
"036572cc77e96945c8e6fe86823aa358dcb781d9","flac",NULL
"1ea008a8de6b33d24266e7035fdc471abcbb5de9","flac",NULL
"8167d37aa1b7832331565259b02e3eade556d0f8","flac",NULL
"50e71adc2f76e1506744cbebc1eaa5092b8047ee","flac",NULL
"ad7314d9e6cbda503590ef3ff7f89245fc522eed","flac",NULL
"1dcd7550841b786c3eb24657d919444818962059","flac",NULL
"60164944b06f420b01bf96c70540b668cb8cc303","flac",NULL
"35d0e388d07387e02b8fc8b92c8824e6e6196fc6","flac",NULL
"e38fc88c6f42446c9b56df9ca934a8719a721f79","flac",NULL
"da4b0ab36d5d8c9d42f72be5977b114a3205c65c","flac",NULL
"129ce701fab5279deda96ab6838bc8a28bb12304","flac",NULL
"c37a1992597ad817dff5ed09837881f6824d9432","flac",NULL
"732b6c97e444df075eee7dedab2f140eeb4c6b9c","flac",NULL
"e37da5574e5bc2fc3c1bbdd18116ae7bf7fe238c","flac",NULL
"b6888e472f21cc51b3546e8c7d7355c3930d9359","flac",NULL
"41c724756e4ee03286c48cd0e8283c2786cb64dd","flac",NULL
"8f95a20e1058ae8d2c62d6828445dbc91520f225","flac",NULL
"945fc1b66afb5735480d34bf026d371f45ee0b87","flac",NULL
"f501d5171eff518990090744d13c4e9aff5abf45","flac",NULL
"ec2f2f71d1c63fbbf9c61d6f78758e5448e2b130","flac",NULL
"e8d00143196ad8f0415f41e2d55af17e909531e2","flac",NULL
"fabed3271b9709d747d692a14c8bae600ca188fa","flac",NULL
"24ebbb2066f6cd6c3a801c4abc97d8cdd5d7818a","flac",NULL
"8a767312eafdbbeb6bfad50fb06a89a61dc4df38","flac",NULL
"19e6afe434c2bdf59a496a09a5299a54a2e922e6","flac",NULL
"416a4ba6bab33920cd448ce7e3ffdd711d079dbb","flac",NULL
"93b16af5c351d8b4b21de5181996e0b77ff0f9c1","flac",NULL
"53eebf214f3cbafcc0937f391af40b19434d5dc9","flac",NULL
"c43abc377df2472e11f13572ff4733d74b6960ed","flac",NULL
"10827a912f655d20a1bf8c09c5c1cb8281105cea","flac",NULL
"e089d0c2eba72e4a9051fe0e52239e48357c643d","flac",NULL
"47ff5f718725459a0579ae6c656284fbddfd9b02","flac",NULL
"1794f7865f7001c9c3f30b87175f057a084d0bb4","flac",NULL
"374c73e653d9fd43c21d13ec6e8fd949afe0fd93","flac",NULL
"fc4bcd82a4e710658e24a4956c1a9b48442e7f41","flac",NULL
"03e723c49ff482def257af961a0c2959b22411bb","flac",NULL
"85f08f5cccde5310400a8f510a6b47d721dda5a6","flac",NULL
"fd1e51626b8fd641e921eeb3613db566eaa378e8","flac",NULL
"e07151a11dd222841744f7ee1b61c4d9c69ff4dc","flac",NULL
"c29d1c4453f6ae00344939afe4ce36e08dd58ece","flac",NULL
"22f0dda42f517b771ac43e2874ddae08a50b7288","flac",NULL
"e1eb00d25f6a0500084fea30463a942a0d7c6e84","flac",NULL
"1bd304e3ddbefcdc4d510d7db15d69e691e59c1e","flac",NULL
"9dc099fcd5aa2e24c3aef58f54084381c6b91975","flac",NULL
"0a03b3cde462e68490bbc7d82df1e639d805e467","flac",NULL
"37665af6405b6c223cf21eb9ade80f65edcf6c29","flac",NULL
"00c0101f577ac1fa3ba862de299827c1c000f397","flac",NULL
"be8a1eff147b7b785fc18d76150c3a85b6f835e4","flac",NULL
"efff51b9c756417fe1de214bf3d51dcc268c8e7b","flac",NULL
"d8d63ffe0c2899a2230a9ef7c782e9ccc313b747","flac",NULL
"903c328141935dc5a136bf1b321cec7f6da73ba4","flac",NULL
"6951f3f9ee6e7a16a6096caee7b8e0b5172d3c23","flac",NULL
"bda57b3af028d63507058bc207cf7d080c25e6d8","flac",NULL
"e667d3b93609ad9d86fecc5e856795aebd482c2e","flac",NULL
"54099ed2dd09bd756d35ece317632f61efbe3c6a","flac",NULL
"489b1be4c08e3efbe42170ed3da38702d2ba23ea","flac",NULL
"3b155ad93229769a84a6c2a10bd50539ceff4b72","flac",NULL
"0724d52038d7e0d5da3e17cbcdd6eeca5bda9df8","flac",NULL
"06b121400c6e95cecd1f3ac85c668cce07ecde9c","flac",NULL
"15b804368e8c878da56c06b14a3386382c1907d0","flac",NULL
"94e1e8b070dcecd46eca09df922bf928b8968347","flac",NULL
"112654918faa612032c41ca81d6f08a435d44781","flac",NULL
"8fa5ace264f692746b17cc157aa09fae775b4429","flac",NULL
"b4d443bc366e19f22a609b8a99c4eed1f0c71c7b","flac",NULL
"616ea2344bc77d2f221dcf368c2417b25299e83f","flac",NULL
"0ce8bb05fd3b62123742c309260fccd2de74b970","flac",NULL
"01326449b723952e747c66578bae57d5ada9c0d3","flac",NULL
"6c9f7cff291888b3f2ff07229981e8551c1a3d93","flac",NULL
"8078179401ca60cc90d0a95389391da855d0f641","flac",NULL
"768c87d56379f495dc873bb7db536a57474c64f7","flac",NULL
"0a09dada22a62c4acc968ef6e9c22b0d41275bdb","flac",NULL
"676430dae1ccd2db0e0f4706e56ffd51339329f8","flac",NULL
"0903fd475b0844894f62d30fa2b4d67fca376e30","flac",NULL
"8d5b7b5766ced76e310c3270ce01b7fc12d1aeac","flac",NULL
"ff3268f5e6d03cd5007973c95f84484bdb8e6756","flac",NULL
"6532f3b5b48366932dbee27ebe795485ea1aace5","flac",NULL
"14c304cf7218d5a6f237f0d0e8df1d60265aa6d3","flac",NULL
"b67f9eda2e4383f7bbbb53a3deb0712bd3a73f0e","flac",NULL
"71c0340ae4b04ffd6baca1f6d94f152887130e21","flac",NULL
"9d2de364f0cae677edc3cff7cf279f5a6d9a5715","flac",NULL
"e170530eb9b72b15415993f50efebd97916790c6","flac",NULL
"ef035e241eeadcd467035cda7d5e2d26d9486449","flac",NULL
"838fabc6cf37adb46af5c87df836665d19e48ea8","flac",NULL
"a0e8876dcadee9a5cc33bf2136c645a1e53cfcf9","flac",NULL
"445b9051ffaf1fe3827289416faeb451b3cbb7a9","flac",NULL
"cbe033aad29470e8daa48df42850500b6513c656","flac",NULL
"cc6fa8001ef235479855f2bdb3c87f5b52b04193","flac",NULL
"f3ac9a4f533f828a1a2b80e035adabfa3847fa4f","flac",NULL
"c9eddcb120c671b9c742cd73d2446cab53d5281c","flac",NULL
"addfeda13a5576a8d1ccaa19d4ad089b7ec4ee5a","flac",NULL
"ebc2577ab78e1c9b76e0c71e9091891805be77a6","flac",NULL
"50b6db5e19063206077d2fac471f9105bb3ac20f","flac",NULL
"b49dd0f2f07a395787611fb66a9f78cf7137fc87","flac",NULL
"bde87e0c6bce9ca3f13365a718e8ccea0073fc87","flac",NULL
"e7b58844bcdc01feef27508ec1df974e96327186","flac",NULL
"cb62d2baf043e08d30811ac28b055dd34c0b8b43","flac",NULL
"2640411fdf23c7da5b1114969b4b46d01721dc67","flac",NULL
"54ade4de0a77b3c3d3a4ef308f07524137c62e58","flac",NULL
"e8ddd769ed740eb39830616207ecca600d6c0caa","flac",NULL
"62499f6b0ce5586da304a4f9e24ddbdfba91fc4d","flac",NULL
"f1b66723e7a64d0ef736f5c2682a0525b7c817b0","flac",NULL
"c07da978c8476c1e44b2f20a4e0a4556e2369145","flac",NULL
"811dbd4497d563e9bfcaaf39878edc7ce9d693e7","flac",NULL
"b8e675006936ee6b57a920835d0f87eb23283ee0","flac",NULL
"c893f5e360fb5348d8f50e1040ad503d34e4607b","flac",NULL
"184efee875e6396a3f22831ba5c315e2db2ba1e6","flac",NULL
"74ee3f7a70e5afe01091ef5b688fb1a5925fa586","flac",NULL
"669210c0c63860514acb9f7e297f6d18268a2681","flac",NULL
"9420bda4e2dd93bdd6b49a77690e6a8c1b5af790","flac",NULL
"9d56135c21aafe226eb3b5c87c68d7a8b60421c6","flac",NULL
"4fd871e1c002e3998f7a5bd23bd725eaa9ab1b08","flac",NULL
"3e01a5534a39ca6291ad9aae9e61e144d7ecb518","flac",NULL
"524a904b9bb6021da0ec5c82e0bbcab84e3626f8","flac",NULL
"98c22a7039f3738215108daa38d66a6e51d8baf5","flac",NULL
"6c12dec8d9c97a82e5ce024bfc2fe969efd8595b","flac",NULL
"b0cb48af49dd4177e1ae52d80beebb908fd0a78e","flac",NULL
"b0c8314fe6624d5bee7a9e58e01dc4715284130d","flac",NULL
"24358e2f9fc76ab8ec81e3b2ce3eb941d86afd8d","flac",NULL
"342a98f8b7b0bf339c9a2cb7bc52682c854623a5","flac",NULL
"5f8078361b5e822df157a2ceb7901a8c59e72075","flac",NULL
"80d53b5ad4794adb543e2fd0ec05ff5e86ca8327","flac",NULL
"5b2f29c4ed3c264567a793cb262b6e229dbade5e","flac",NULL
"e073c8c911062cf1f0963fd7dd458df4d5e9f3b8","flac",NULL
"2dc31244702f7d7676f468f4a46467fda8df41cc","flac",NULL
"be042cfdf1cd1b4ba22ec946c2da5e94343dc57b","flac",NULL
"0323bd6a65daae851cc05c3cc41057a2b6cd2f08","flac",NULL
"ee6748199e46f94d4c9772d902805edbada24ec7","flac",NULL
"fd5e0f6a71a392e6a3ac7ef479958a26863f05d9","flac",NULL
"67c05ff2e790a16fd4372ea0889438e44fc237e4","flac",NULL
"d2468026e74b5b48ad5c70b668b7987159f63916","flac",NULL
"fbc0b952066f8841c206887b7279db930a6ad55c","flac",NULL
"c029f0b198c0feafe8cf746973bc702f5fb56b9c","flac",NULL
"9e5120312213c0e15a8de68a9938070c68b8c86d","flac",NULL
"842e65d5c4fbebb443cd2dcc77015fa1cccaaf52","flac",NULL
"730158b19e54a31b3a1f9842bc3103e81a1bef32","flac",NULL
"0527480440820795516331668c5b0ffbe573db90","flac",NULL
"97631d7cde0cce2b3bf6f4d260ef8df82cb35ce5","flac",NULL
"1512875e323ef41c1e376027f5c4775ea1c37da8","flac",NULL
"d7d179ff39108cbdab76e7065d4e4a958a27d9a4","flac",NULL
"2d91ca7f4c145e490a385deb7f8bc7ee60ce52e0","flac",NULL
"08f18d614180d599b876e4e476c811cdfb06b75d","flac",NULL
"4514a8fb9ece2409a8c6351b83caf1f119bafa10","flac",NULL
"4304ef06fee4a275906a3aaee37d86257e2c5cd3","flac",NULL
"4fcb714ea16638ba2559e1971cc829959bfa8522","flac",NULL
"fb0aa1fdc17721ce837306aa4f798ad9e880829f","flac",NULL
"5cc66f5d9ac8d556525c739a172c5434376a3dc4","flac",NULL
"756a6c1794bdfe62f7fb1e71025b447102bdc970","flac",NULL
"b30e8c25a6011c585d1ba340711e80e82e155d20","flac",NULL
"e97d113d093fd1db36d5610aefffddbfcf4669d4","flac",NULL
"1815ef7b24145b7e3c6409fc393400e22217d895","flac",NULL
"ce8c9561227ef2837a2df8618b377cb7737a6742","flac",NULL
"f42a367e462f30e8044d10e172fc695290423acc","flac",NULL
"7871e8cff9d99aa3996ffe8de616996805d34665","flac",NULL
"85c41244ce986d530abbbb37f1d86c39f9c4cc1c","flac",NULL
"1e9fd10fa778c1506dc2a442e3ad0ad7f23b1f10","flac",NULL
"09fb78e45af971f66cb3a1763f648f0bb86fcf87","flac",NULL
"26809ed18c4e86494b6d88fdf6d1bc0d5b1e8d60","flac",NULL
"11c6bfdb6f1ac1a89862f121beae8cbcae36a3c8","flac",NULL
"ea5d55be13c45c9498181c4f65218b56842ee250","flac",NULL
"ad4e5c2244796bea037055e1dcb32c820e74ce73","flac",NULL
"6f19dd5547abc0be2accf8adc6db99233f16cc2f","flac",NULL
"9d884c93fb7b798900a28bfddb64a08d01c7af92","flac",NULL
"8f1eabdfce86242128e886dd058cc187c30180af","flac",NULL
"8c1e76cd74af6e40591ba15c0dee433ad6272038","flac",NULL
"765b806285fa9985ef2c2bb7cb8a31238bae7b3a","flac",NULL
"5df9b7b7894445b18c1d916e2f1c2aad7993d465","flac",NULL
"9404ca474c11f2fecbb838ad6e1faa07298146f5","flac",NULL
"061573e2d924b8d1cb7ab35b32fc28a32f203972","flac",NULL
"65801da3e1ee5d5b6b959293489ed00e48fb7152","flac",NULL
"ed0e0d419978accac2f228bf588c0cf02c4120d3","flac",NULL
"ab41d6d73896bae2c1ca25b32be3aa6a3906fed5","flac",NULL
"ef24807ec38dc9b0ed4d97f90d4f0a67c5a4a144","flac",NULL
"437798456feda996e1f742041156c04884320f57","flac",NULL
"2ffbf4096f2cba7587000ac54831377fbe4e6c58","flac",NULL
"bc78c7455b2a450994ea485e879505b1ae12689d","flac",NULL
"fc784911c24c29600ce60b6d92ab1982ac11c1c2","flac",NULL
"9882cd38f5520400d909aff0e4c6ac61c93d8b99","flac",NULL
"d248730297435cbef8260ec42e0ebf6fcabe3ff7","flac",NULL
"c2c17d4c64244ea9a8a3ea85e65fa21b729d1bb7","flac",NULL
"137b1683202080df46e1845ad4ed5ae9d8812e32","flac",NULL
"6cfd79e5ed353c8edf7814f1101065e4b361a2be","flac",NULL
"4dc4aa4618ec735929cb3f78395e05d04028dbc1","flac",NULL
"2f40ff2c9be10239e7767be98032fb401dc0e988","flac",NULL
"c8a7255b166bc587056cd016713edf10e4bddf0a","flac",NULL
"885b54907f523433e1f4156aa872d89fc43e788d","flac",NULL
"b4062195539e683dba40a8d2398f8c656ab5fce2","flac",NULL
"203617601640a09af5a2744f2318989c6ec3206d","flac",NULL
"aaa0d373d1bf0243c921f8607b04ac833e0be862","flac",NULL
"b263fa3743fb561f7a72f3616269e7c84d288d6d","flac",NULL
"a34fce7b4dfc290902617c0c4a470ddf8b5d91ef","flac",NULL
"56c95bcaaeaa3e0390546b15074eba15e5a925d4","flac",NULL
"2b9a89a72abfa8157cbbdbad7417c382007cc2f6","flac",NULL
"bd9441ac9d40eb7483062df2799883ce73bd42eb","flac",NULL
"c9f54a1b61dcd233b7d52b1d89a6b9f73aad2829","flac",NULL
"35df7abfe45f58ccb3e7c27c5ccf421aebf60d5a","flac",NULL
"7114d247a1c18d571846fbd5f8b4585f05793c13","flac",NULL
"9a7d26428d4741137c445e442c2ade1708afbf1f","flac",NULL
"e881cb4aa0d4ee0658a5a72a818552f6adc1ca57","flac",NULL
"a7f7cfea0a8a8d407dd9732ed8a7904beb3fdec4","flac",NULL
"f5c8aaa37a9f19f0d6cb83c2b7a5e32ce8eea7f9","flac",NULL
"9fd76cc4cff1508ad8238a7b8d4660f8847c9d78","flac",NULL
"ffd740e2108d94d9e105ad95e65a58e0b078cff3","flac",NULL
"d7639da270bcdf78e6f2d7544e88fcf01d714930","flac",NULL
"f715ba04bd81a10948c7bf1a4f8eb6361296ca56","flac",NULL
"4876cb6b82334170c957c4dc96bc0dfa0b8720b5","flac",NULL
"4e55b8d7f07346bec7a2b528e2a463042a91a5e3","flac",NULL
"c9a18505082b2bdf88930fc0ef366145cf76f6cb","flac",NULL
"b29d2ebfa1dca70616810a35c5706580e192b31e","flac",NULL
"db18d07a2c1e1cc1670d587a8acf609f9935a71f","flac",NULL
"f734ce3c546cad6135d08d881e43036be00c1c5c","flac",NULL
"02fa8d88febe3caffd2e8c2747d2c4033c0255ac","flac",NULL
"bbd673bda60fdc45c09f075a8c223d731c2624ee","flac",NULL
"e069d83e046e09875dbd8d7364a0bfeb0c3cb818","flac",NULL
"4fa3f276e40dacf0f922fedf92a172c99710d66d","flac",NULL
"bc84b355a6b08036fa14cebcdc7ecf373e7be353","flac",NULL
"e42b3c1c319a71956c74fbf491027c7649f3854f","flac",NULL
"a5c36ae929b304e3b971663664a9b6383945a3ec","flac",NULL
"fadfd8beb6dbfc396f866042e6ee362e36f4c154","flac",NULL
"9033362512d692dfeffc2566d782bd6983c7d3a6","flac",NULL
"6aa99130df27d0f6ab7d3b6d0db4b4b784b7bbc3","flac",NULL
"df6ea2285f16e41ecdc236244bc8b50dff4eca11","flac",NULL
"030fe54debb066a5e9e29a7306b4a792e2550bbc","flac",NULL
"40e1d35a40611808e28a99b24a52cd256e937f91","flac",NULL
"90c5745c4ee125f9c5490a27d498c77e47946bba","flac",NULL
"2e13389bd3e1c516c04cf85f510c8ef26bb4ba6e","flac",NULL
"e1577be428b4dbe59e3667c5ed32d1f74fda1331","flac",NULL
"1c97ea86b2115616896baca553f576fd30afc069","flac",NULL
"155640faf32381743fe375c447a05ce1870e4248","flac",NULL
"505983aac8b3896ec5157d164c3ee2c8c11fd0cd","flac",NULL
"7ae82f4ac967d104b185f80e64317285693b33b3","flac",NULL
"8dad181a9217a538c8b53e0c2840d9cbe9cd45ca","flac",NULL
"ecf0160825a4897aa2e2d8be3598c110e44d144c","flac",NULL
"3570223115d88e5a625270a063b4c871e3a74c0f","flac",NULL
"eeb70153e3ababd565cd11d86c099323828b6165","flac",NULL
"cbba9d5a05e8e29e3bc766c96ba3b84cadea0e65","flac",NULL
"4153cbcd3a59d78bf0a0d6ab30e8f4350dff760a","flac",NULL
"c361996475b250b41e1bb68bc2c33ba641f5ee73","flac",NULL
"769396c92c22c84cabe590e265fcfa6dbbbbc937","flac",NULL
"8b1074a3da1d1e5cb447b845cda7bd2a07dd3bfd","flac",NULL
"85c77635c8bd878f463ff0c81c343b4b38e3457a","flac",NULL
"042bd784d9ed3a64b1b3cbd2d80329382c049711","flac",NULL
"68fc4c633edc1dc79f662b0386df8df9a8407e6c","flac",NULL
"0f9cc9d1d8be5c04d153313500c3fec53926e6e8","flac",NULL
"16b394727835e54e263c801ef6dbe20081043913","flac",NULL
"9ea2d48571906e74aaa1c218b70ce43c7e059a2b","flac",NULL
"a13f91e718d4804f76047da43ddf888f8841a183","flac",NULL
"4dff631a2291f2b98c9925126f832b6e9b962a6a","flac",NULL
"da04e612001b36b324e223252ab432793a7140fe","flac",NULL
"1dcc75771b36db30250df062795535922f261156","flac",NULL
"862e31918c5523a2a7db86b4f8cc607c7d528585","flac",NULL
"6401e4378ba76d02b027945b4e228c0460973558","flac",NULL
"f72202ebccb0907f67001e27b364b8839c310c3a","flac",NULL
"0383da37e01168cea9a6900f28262e0d1f36f52d","flac",NULL
"84454971941dd8fec3cb5c562b43f0ec3954b936","flac",NULL
"23add8e6a7608cf26d38fee78a78695527dd0b7b","flac",NULL
"23fd31a05478a0f9bc3a9765695df68e1f47a339","flac",NULL
"24a132320373d40284c645436b99019ea7f1e3a3","flac",NULL
"338d9a77d432ea79037cd02f4b3d0e6857be73a7","flac",NULL
"9c0117d8a9585876a9b03d054989d9e85dcae45a","flac",NULL
"ab4de131fb9aeb390ec9067aeca1a06e2adf5163","flac",NULL
"80cec7b07473ca31d08a53eddfb0d206910fc42d","flac",NULL
"12f0adc9d7f92cb5397e3d5d4c10f2d8168fbe66","flac",NULL
"3e2ce0ea05fa25e668ce8a55e0df314237537d06","flac",NULL
"ff959cc77f37476d30df573406822cc8ba36e3d5","flac",NULL
"16158775b4a9ea4d6d564d88be531d293a2ccc09","flac",NULL
"1a834eec3d8aaa40a603d6dffed7b4bd1cb3e0d6","flac",NULL
"c97ba445b7d4bd24f4fdefe8f2d794a496a3f190","flac",NULL
"e21a99eb83854e2dccd6564c73071058212ff16b","flac",NULL
"ba0fc02a0a1296332f82bda784249c47c54f3a90","flac",NULL
"966c7eccada6f06d4c2b50daa04758427b40d4d5","flac",NULL
"b06e2769bed40729f40017d00fd4cb3d5b084ba3","flac",NULL
"b710ff5ed008f530aafc5b971212d95b5a8957fb","flac",NULL
"328258091ba341328650cc7980b15306e083011c","flac",NULL
"7eb485a1ce537fb4e12a7ad4788e2905be62b9ef","flac",NULL
"0bb3d6366b2373a290f338a7da891054171452c8","flac",NULL
"386138d423af818ce09fdab12134aa96c8164da7","flac",NULL
"fe9d243432df9e23e49a41638aacfa2e3a5327c2","flac",NULL
"70b529496884214db431387ccad12afac2ac4853","flac",NULL
"d101dddc06e900e931955d08c975306b5c505b82","flac",NULL
"7061d42e69bcab76fdf5d70e12759b0fb671d917","flac",NULL
"74bfcb1f8598ff4acaaad069e7810a9bfb7f24f1","flac",NULL
"55609d9d3c6edbaea66f3cd4dc1649fc9c37bd89","flac",NULL
"658700d5f7d101488b0d54e2376b00f85e73fd43","flac",NULL
"fa8fe12d459fe763d67aeb4c362c444525a3b9c0","flac",NULL
"5e25109961f44eb7e7728d53fee7a157e65a6665","flac",NULL
"f5cd88c381d2b4bb48c20ba7ec2d86cdb31f201b","flac",NULL
"81ee8f0631860ad445c8fd1e0d5124e3c16b5791","flac",NULL
"c0735207a9edb5824bd82807c683e19c778b93f8","flac",NULL
"f2cf3ea574135f9720d0f3c2757abf30d8548aaa","flac",NULL
"96996c04582141f4755b13b4006dbb8ba47cbd37","flac",NULL
"57bc1aa4bc1f74a1f81b2f12d55154ec34add186","flac",NULL
"e90ea15499c91a508870327f7c2b9be4e9013715","flac",NULL
"b1959acb50e61ab4a01fbc2c32c4b86bc5ff65bb","flac",NULL
"8b1b1ec4db9a13b3f322b3d4ff0d688459a325b8","flac",NULL
"65f32b97ae58ae94f86fece75cf9c239f50af466","flac",NULL
"974a5e7a3debd186a5adeca45ba1f10e04af83b1","flac",NULL
"be5a2247fc7956ba651d1b9ad531ba56c0f8f3d6","flac",NULL
"200f723446853108c11420b1542d96c36135df86","flac",NULL
"fff0aae14635a3619a46bf4d9f7b94a346fa6421","flac",NULL
"39b0f8d856eddccf1334f9254d4d66583823f46c","flac",NULL
"4cf43b2175895674d04903c594d767c3bf5dcbc2","flac",NULL
"605ac01abfbea3623e8214f7de1efe841598a33e","flac",NULL
"6bbf68d8a07b91140872f6e44ef5c9330d312bce","flac",NULL
"eaeaf681fecb8b0b564d4eaa6f0d11cd30bcef58","flac",NULL
"abc2b4276e578dbe97a642a411e5f5ceaa7e8768","flac",NULL
"8f840248f54cb4db9bc16c14351d88233a9128ad","flac",NULL
"0be37e33b3a4cb4819b0e292bdd2b20ae7270010","flac",NULL
"216c5f04ac7a3d979031edba67f324021648363c","flac",NULL
"4c2525b0b0b4d3e45b11bcf57c6b7b5b0c7f1b5f","flac",NULL
"7b865afabc26aa5f13534ec9c06f9cdd23c0b82c","flac",NULL
"0f8ef9b2f82a869801479199d2f6304625c2a936","flac",NULL
"f72cf25a534603dbb87346c45ec7f00de4149ad5","flac",NULL
"16ef7b3bb36c1edbd95569f7f8860e25a671bf1a","flac",NULL
"cd7109c7c53ba514c3c26be13859837485d5ea91","flac",NULL
"9962641067a38e6c89ddaf8f53a5ae08855935ca","flac",NULL
"c6c1f03ddd8bb18ea68779afd33e6f9d815d4f51","flac",NULL
"2283f853f7e001697f4eabb670d2631436774aa6","flac",NULL
"0dabd11f7e9054181ab9a0cb71f81167eb9f2216","flac",NULL
"43193209e56790a32494fcdf6cd2d372ca1cfe3a","flac",NULL
"ebe9ace7448893e637c133a1e77a6c9d2907fb05","flac",NULL
"bf8f850a17b7d42bcdc8116db03e62122cd20613","flac",NULL
"de2bdf08dc88823645f1c714e21fd57ccce004a0","flac",NULL
"6c9f3553a52d11a2f0ad5117898cf0b43f455852","flac",NULL
"7353c1b3f0033270c282a90f82377c573e57baf9","flac",NULL
"dfb9e1716ad614ab39437c814fe3dedb2330a0f8","flac",NULL
"14791664a53976fdcec99b1e03c7dc91c872377e","flac",NULL
"f545647ea5555eb7ac0e5900fe7ae75776aa847c","flac",NULL
"cb08b656bb558361c3227dba96cae23a9b47a379","flac",NULL
"698820a233d4108bbc49ac7030fb5b062ff10796","flac",NULL
"65ab4c45af771b627cef40f13d2a3b484e7790b4","flac",NULL
"eed1f48973f92b18404c937a5dc08b7904099e51","flac",NULL
"11d4e73eb409e4c10ac2a62ee5f4fabefeb32e22","flac",NULL
"c378c6f71a7e018f45d92ce7523b9299cd565d04","flac",NULL
"fbe78c882b641fc99b483f47e31585711113be2c","flac",NULL
"6b61db828acb8ca0917552784b376d9434ba8211","flac",NULL
"d923b059419f74bb33349a1899bcbc14d56593d5","flac",NULL
"e8dae56ab07f94ab1d9145cf424da4500968e051","flac",NULL
"9ca02c13f0d288725483ab65903872b4823eaebd","flac",NULL
"5996c5b4bab3edbd35d2a7a37e236050c4c4bbf5","flac",NULL
"26902bfda05fcce57023709e14d128bbe991088f","flac",NULL
"d0730edac8524ec1e441a0f755b456604a5f1ad4","flac",NULL
"56466c1c375142273516c060816dfa2860e69f8c","flac",NULL
"f342eb2f0a5d5773deb71bc541b0d68fc5390351","flac",NULL
"8600e92655a344dd90f1761cbde81f3b5c653eaa","flac",NULL
"ba1b6f78e5545e4f3c0aa3689c8aa7a0c11a2ea1","flac",NULL
"a2fabe50f20422fbd95f3ca42319012c5d541de6","flac",NULL
"73ab3f2be4c53082dda29b3dc476cc109ca251f5","flac",NULL
"7bbfef1091ed0cebf64b5bcaa85ba11fc868447f","flac",NULL
"89e7aeb545f48ae9918ce6f753d18c36fd73edc2","flac",NULL
"9f85b70ba220c9ae2470d4ce56cbb4bc08c0467a","flac",NULL
"b3c7a9bd9a654863e738487c9bdb9dcb5fdfe601","flac",NULL
"bb8d3b57b63ac32a4fab0551c222f52fddfa0fd0","flac",NULL
"1370a9656c71ab16539b3284ce05512d4b2091d7","flac",NULL
"44eb250b6783b4d811d212a8b559988dda79aa48","flac",NULL
"d32ced1400177448b531d353a39bf7d6d630bee8","flac",NULL
"4633710b36802ee12495ac8e75fe2d507fa31038","flac",NULL
"0f6be59b1c976ac89a334f9aa0a324742b750c3c","flac",NULL
"e3305c45b8a321ac8f13c9c75b42ab9f0ecd2a7b","flac",NULL
"dc2500439339bbec6e463c6a563c8f5fa759f05d","flac",NULL
"ccf62ce98c68fb3f651897e24012b81cc2bec9e6","flac",NULL
"4f2b16dd01bc10b5643a24c120c9e27d15cbc57c","flac",NULL
"4aabe63d146cceeb14edfbb6aebc75f5de232d2b","flac",NULL
"6d87c4cc768b4d0d4cec743b35fe3eb8440f427d","flac",NULL
"6ff7d57cd12d812f79b3119549925a3895db45b2","flac",NULL
"1d98a7e6648e17458d7805bc0c1fedfff0d0b47c","flac",NULL
"e58cd80e9c85ca68abd54612a128c43adddad40c","flac",NULL
"cc4259c58f6bc1e0d56de38b3d3bca923cbca240","flac",NULL
"adbb614c0eacb0ce80944371fae9c1b1213b4bb6","flac",NULL
"3d28231f87883685c2f09ff17e293234dc482c8a","flac",NULL
"ab1421f7023d1329c45e425bcc713f18e8748691","flac",NULL
"3cbd469ca6185a1ba5bf17ebcfd0fbcc06cc87b9","flac",NULL
"5449aa06df4e7f23fb0b5ee61fb959048868f7ab","flac",NULL
"30a38373f4a3b29187fd1163ed055d7fc91ad11a","flac",NULL
"4f85daca0896872885fa62bae196e044af620705","flac",NULL
"50f1cf43f71db8409d7edb07ac5641d87299b5ca","flac",NULL
"137cbf0a8b31746bf2c3a13095c66140f307d79d","flac",NULL
"218cf905cc04e69f9b9cbeec59929e5c0e6adf41","flac",NULL
"fcb0e55de5d3fdc35ca11d72ec0b7697acf8a829","flac",NULL
"fd82ea8195f123a9d1b2dc9f126a38206c20cc3e","flac",NULL
"c243668d4af539bd9ed154a13ed246dc0c3bb8ea","flac",NULL
"f05eb235846d3e8ffc5ddf90a5161cd98ef3bb7e","flac",NULL
"a070c41cf28478da284879a2d03d3f717dce47db","flac",NULL
"56cc046e4752f480203375473cfb30cca7baf07c","flac",NULL
"adfc8fdc89cfc9f57eb3f4e02a14a73bffe8ff4f","flac",NULL
"7af223518a1b48f6b68803453a5c5839da266e7e","flac",NULL
"2bf7b48908f27f9e2a332c7ff566dcfb82e5bb3f","flac",NULL
"becee2350300c9294624288e35e0c85aca5fc253","flac",NULL
"3bb3afd096c697872588237275ee4730327e98c0","flac",NULL
"3bd34f07888f360e20ddbccc77a3d81350630e5d","flac",NULL
"ae587a2db787488d0665f6f6413798632d24e932","flac",NULL
"8b74fca47ee9d08e635686532d51c43739946880","flac",NULL
"6e62b2154a3a16d9da6aa990437b897da713b983","flac",NULL
"e6b18d871dd35673cce60125ff176af14c3e878e","flac",NULL
"aaca7199cc4b43d0c6e24b575b5de1e3073f8191","flac",NULL
"e974001702739f9dd9ffe997225942888e5fe31f","flac",NULL
"f8a11e7c2947864b8d69f16459ad60058500e8fe","flac",NULL
"118b046486ed3679553f3646e79a7f6f8a82dec0","flac",NULL
"442daf3f13dece692ebe527d7bb485e7dc435aca","flac",NULL
"3c9c7cf90afd95061c3573d5e488f5add46bdad8","flac",NULL
"eee4cad603a403f262c96451c1f260039bc26ffc","flac",NULL
"e7097b5768ae6685f9efedfc80cafbe8e3b6367a","flac",NULL
"1e283a99559bcdffd852a96255a26be1aa7788d2","flac",NULL
"d14f302ce4bcc8a5dfb92234fba87a7aba3371e4","flac",NULL
"0712b3bd4cf86288cf4d40ba7daf516768cb485f","flac",NULL
"19c467d0e5b06e99e193ba56347ebd5156a309c0","flac",NULL
"1166e48ab73d52b80003c5952ad380e3a72dc2cb","flac",NULL
"deb69919a5aae7ce266fec8163d030061018d63b","flac",NULL
"935b2beda910c77fa02abc9e208fb909f686ad05","flac",NULL
"b1e84c3c6a95b65bb091e8caf457eaf4b34f9583","flac",NULL
"af13113ade4adb44c2c93f41b6eeacc628b2ed81","flac",NULL
"b21c5111b0cb65085d03c88b4937b1b04a8f8f38","flac",NULL
"864ed53952075c3b6251bb87cd2a491539ec0632","flac",NULL
"068370ed5abc9ce5a71ac546a80d2b534b8c1087","flac",NULL
"61c6cec0155a62fcd5d0967ee41dac7cb7b2b344","flac",NULL
"a21d37f215f309e369ffd6ee939e853479e4a8bd","flac",NULL
"d254d6a8d31df3c9d5a42c86762f7f8fd18597d4","flac",NULL
"2e8f73e65bea858604b088bd726f6ac3666655a5","flac",NULL
"79d3c5d14f323868dc78630345733d52bfc31439","flac",NULL
"65b3d345bea5d112b971a5c544c576eff039fd87","flac",NULL
"7f64cae9c074fb9ba931ee9154e1d48d9c6b8290","flac",NULL
"ddb3dcbd77e6a96a352052da8183c37bfa0d78d6","flac",NULL
"6af9ff0b095ee943eee9e8098d6942ad23df4e7d","flac",NULL
"72784ada50b006875e3f0ac4e52707d1ddca79f7","flac",NULL
"454ef68b92b77a6f8faa06ba6a8dbdadccd64697","flac",NULL
"b520a941098fabd5d2c30cf053436c300308f1da","flac",NULL
"f355ffa40a13b7b8cee1e1b711adf02dc27f822d","flac",NULL
"5d2b2689def459f557ec08d40c50475726283cb9","flac",NULL
"20f1c0262a58a7715ab9f505a9097afcb58f8975","flac",NULL
"3d62d3410c54d270537c890c9017d4186e05ee6e","flac",NULL
"242cf8b8bfe37034b86f6d81d6a95af0f9dd2053","flac",NULL
"842e3b1958b58bbe1d0b3a34daccec23b00879fa","flac",NULL
"9b9dce45bd91716d688c58875656854c1ff2d563","flac",NULL
"a983c3397fe6357da742b52cc649820c1798eae9","flac",NULL
"4c0db30da0d8d9c708e6c8b6f68a5795f2d12a3c","flac",NULL
"3a875c8a995b1cf112fa669e8e6c0adc3dbc5ebf","flac",NULL
"866b3405eab566e47e3ca70581d7900995b7f605","flac",NULL
"292fbf3f23dc173f8a9cdfbc261535d64cb7aedd","flac",NULL
"57697bb18e849b100346002ec079825f0b9815ee","flac",NULL
"eef6310d46ced89ab40e3c6137e12ea3fd043809","flac",NULL
"542dfc6a98039bec23505d24e80e7a486cab5fce","flac",NULL
"ffa51f0ca69a3f7d45415308ff05db0777b91eb9","flac",NULL
"bee3c951d28aeec56e38ef09009ff90a0cb2fc48","flac",NULL
"d865ada3fd3830694bedf5ac5b31e485884be5a2","flac",NULL
"1c9b860c8e33507d2574c3b5afa6b464065a25ec","flac",NULL
"c0610255858a0a638c655d1a672f502a9b91dbc6","flac",NULL
"6dc54c9983b2b4d441598649f2192b3fa9f8f26f","flac",NULL
"e36974aaab198f582d03968e167ea63c19c787ed","flac",NULL
"be20038b9478b11a7a593eb2e2b76f4f1b474dd1","flac",NULL
"201645b1575298f4d1a6856535551122544f7e3b","flac",NULL
"21184921261831bf14dfc73a7f16357811a8eeb6","flac",NULL
"a64ffd17fdfd9a77fef396e1ae3b8fa37f69e2e7","flac",NULL
"f33a2b680d5f4e0e80c9890d0f0ff561cda7db15","flac",NULL
"9d4e625813448ebf99bbace37ca52c44032cd9a4","flac",NULL
"9d995d9ce89b3ab24198b1e38541038b07369616","flac",NULL
"091fa9861891574cfcf18ec2d3d2f54a7fceb0bf","flac",NULL
"c0b666aa420e16fc4c4a808a5ec502d3e5f78027","flac",NULL
"bae52d2b53021e827ef4059eab93cb65af4255c8","flac",NULL
"7ecd86d43a1993a9c57cf510c5f596a0c336cbca","flac",NULL
"bdfe9902212957d23d358e27708fd11a478d57ea","flac",NULL
"4d43848f3443570aac736d21083e861f38f4f8f3","flac",NULL
"cd15b8b7cf2e98991614a179b5b5c86409c3d963","flac",NULL
"9aafebf7a8332e55f668d72de7d7056f01ac39bd","flac",NULL
"7fe66b1748da6b72b9b57e9b30c8e744ee20c21a","flac",NULL
"bf51320f24128b2ef2c88b039ecc920499284786","flac",NULL
"62d2c7240e14ac10c98a7b0393c9d1ff07f4f1d2","flac",NULL
"5c50632039c210c151489d23ad529a9cc6b33859","flac",NULL
"01d46728928f19f3493c0fdacda68f0fdc22baf8","flac",NULL
"0be5715ef28d650983a14aed4c857e9fe677f479","flac",NULL
"703c7e8adfffb23f5c23ac2b0ff62dcf69b9b33e","flac",NULL
"ae2a277e20cb3886e07c003743c6d574e993827a","flac",NULL
"342814f512261ea6e8a7edb54b2ca130a8e46b9a","flac",NULL
"a3297b445ba99a2d9c17d47a7d6d82f0d6d34122","flac",NULL
"81cb82b473d3cd789c971bf322e48cab863b515a","flac",NULL
"83f6f0c7fbc3e14797ce629c6710516d3df59874","flac",NULL
"8c754623ce0d136cd6a17263480069ef7a01e76c","flac",NULL
"6fc7c7fa9679ff631e70f65186d3734d5bd2d044","flac",NULL
"b3d19b855dd3933527d392d635725dba5cfe0db4","flac",NULL
"fc5f1cc2ef0569ed8eafe22edfa83dc90214984f","flac",NULL
"a593e5bb211fd779b1ed2c8a236578dfd97783e8","flac",NULL
"4b28cdb7ee97f7500b461cea7fe9ade15039ec8f","flac",NULL
"c8b3e0d47c27c410d9ed17e55580637fa7dfb8a1","flac",NULL
"d1dccfd10e45fd94becd8ebd441e8a2841f4b0b0","flac",NULL
"861b16158f2e2a5f7448dcf6024912b8adece3a1","flac",NULL
"95df490c155ef8d0a5c4e7326f67c76f831c1736","flac",NULL
"fcb818b1a85576efce169025145f3640ecbe62b0","flac",NULL
"86a8b8b4528f9e146c8d3384acd83b8a45e0b676","flac",NULL
"d204dd880b19d8fe0c5a415ab8885bccfd001bc0","flac",NULL
"7879f45be7ef4aaea4d3361900c786c3fdc11f62","flac",NULL
"4f56ad22603eda5c221897b601a52ca28f284fb7","flac",NULL
"8041ec690d545090ced5e6a26d9bc63b48886029","flac",NULL
"968949a9fd1663932157ee302b566edb7c2ca4ab","flac",NULL
"cb4494a3dcf50be95158c672ce8bacbebb5f3353","flac",NULL
"dabb426bb441ddcf50dff0c2af5c69a77fc22c7a","flac",NULL
"14c207cdd37e7763d37648c19a3133a0cd0058c5","flac",NULL
"19663b3ae4d2f117d09119686514b394ebdfaeac","flac",NULL
"ef29562d7ce2b0d6d484b28afcbae889e8360dbc","flac",NULL
"44e1d04e6f64f0957d709b15ac2f417676e970ab","flac",NULL
"93b7bb90984189841b4b37aa426a1f5fa29fc313","flac",NULL
"d6ba786be622eb3ebc4d57e9015ac36eedb2a5ef","flac",NULL
"37a1ebea550bc2ec9d5dfc1251295cd298f1cb3a","flac",NULL
"4fd2f034db43bc5adacba199e03a414c50c2ada5","flac",NULL
"57081827923248734b6dbc1f984e2ed69bfb8f1f","flac",NULL
"f5fd2390f55adf9426da4849d5bd3138ff32e005","flac",NULL
"12345acc8875570356346049de6c30c95229f542","flac",NULL
"0d952eef12cde2e66ed5a0f05e2f837c0b8d11db","flac",NULL
"242de0e213a536f6d7e513239579a16286cb798b","flac",NULL
"164009da5527244c4927b016ce40582a4284fc7d","flac",NULL
"5ff613196f02a88bd8084386428facdbb46ce74d","flac",NULL
"e62fab8e2ed184043f4f52198d27e971edf1d985","flac",NULL
"616f627fd91408b4ff52ec0ff4e19f81c7e1cd69","flac",NULL
"755d29495aec05e3f3f3c76d8bd71194cbdb6bfb","flac",NULL
"b6600918f4fcc9efa2e8841d3a53c3403ff4ffd1","flac",NULL
"2d56a4a0ffd4b88af3b43fc86955906bd478daa9","flac",NULL
"f157ba1d053804438759855b327869134d32b3a8","flac",NULL
"7cc6318e78f66d75ccd5660b70517f52e39af23d","flac",NULL
"aa5fbc9b273cb0c355f2d4e36aa0f8fc3e94be4e","flac",NULL
"2be99b28c79edf6dc276ed7b245db7f131ea65d9","flac",NULL
"3a297f881dc146cfbb441a470cf673f1b70dd395","flac",NULL
"1b56e80fe9a63c5bb7df81e608092e17c324eea8","flac",NULL
"e8adf1afed1137c7c09166391671b639cd3e54ea","flac",NULL
"fc83dfefa3937f6072a8ff60eceb8d1f40ea3544","flac",NULL
"1f72bdfa7f7595165e382aee742c8ab648d35262","flac",NULL
"5499765db244cef556ce76059ca72e719f7afada","flac",NULL
"6a491803ab29ed6707db1ff0b260eba1054776e0","flac",NULL
"3344fc140eaa626c0b2a9934ae9a5913ec41fc76","flac",NULL
"9e0e464db7bd33c5cdb005117df1169161c3f6ca","flac",NULL
"a84e6f636ca0ba44b622f49695eeacf9ab095306","flac",NULL
"d022b760401cf5f9e844e5571b7aeb28e8ea30b7","flac",NULL
"b02bfaf8f5c5aa9c4ae6578fdd3ac22eb77b5fc3","flac",NULL
"480d7880841c6e5fe73925b8e8a244038c016323","flac",NULL
"8fb0f37af005311390ac48ba6e90d48c6c3541e6","flac",NULL
"5ef85a0fe7aa0c65478d1075c385faa11c9f4a36","flac",NULL
"7ecdb460ccada1b8824b6bbb1624d38d874c271a","flac",NULL
"1a075ab923d98132e2f316a4b3f6783b40b34e05","flac",NULL
"0fe4fff12e12f6f1d93489d948f2cb7ef7963457","flac",NULL
"c75d8de4518a4670434a2ab34e60362352632a70","flac",NULL
"c5b735d224496d1ead9bd856d6023e965682e9e2","flac",NULL
"8736259b9fcd9e92fc6cfe58cc2486ccb6d7d639","flac",NULL
"f2350aa8cbc718f1351c8a7799a3d813126e6da4","flac",NULL
"9f936c16534b09059218454e062fada83db09105","flac",NULL
"2d5e46b49747a8a57e79d5f47fdfe7485021c4ec","flac",NULL
"b9accacb601cbd0992621b6b636b8740599413e3","flac",NULL
"2af49f3ca891d24e05d2d5d7c0ac03a871857365","flac",NULL
"d9445cf20608b0eca1d46c0ebeed4cf753695a97","flac",NULL
"89ac3fde8404ae93ae17eb2ac7986fa5cd3ab8f2","flac",NULL
"9454c3cec1c7d9b61f2ab79cee8c69360938da08","flac",NULL
"43cea01be6a9e4808e6b549c7352bc3b948f1987","flac",NULL
"656f18ac11df7b70533b040119c2252445ce4ec8","flac",NULL
"4b811c8ce346b31a1b71c2ba8557c9148ae37d6e","flac",NULL
"d23c2d619c0cacb1e9f8d040d021101f2a83af24","flac",NULL
"72d457b45226fb30ba7e836d5387e86a0f79400d","flac",NULL
"bd3a6486ae2fae401102c0eab4de2f8531907604","flac",NULL
"6241eaffe9dacf23df1034e65f8f31152fc4a472","flac",NULL
"8d36e3aab899302cb0e9130c693cf7a6dbac48a1","flac",NULL
"676dacae836ae0f61ac7c8c440fd8a28e6668ad9","flac",NULL
"98226c731eed86264fd6eccc62c51f6244edd132","flac",NULL
"31422e2ac59820e4c2b608f48f2adfc4c21f4cda","flac",NULL
"2536b84b73c37c0129a1ff76e0a9ac5b9ae87078","flac",NULL
"a95dff80e39b2c2592a288a7f562e253659be05a","flac",NULL
"8a0fc0a9cc9a4ea8a3e19498a6d8af3c2e368c3a","flac",NULL
"66bdf4d634fa349350c55cd63dc939533a9db91d","flac",NULL
"0666b6b12b49cdcbeb1f14a03cc68d2c2f1cbe3b","flac",NULL
"9c6d67b71e41c1bde7330a777f47ce947d895a84","flac",NULL
"7f24ed2f8634f50c47dc57509df1f21f93c582ff","flac",NULL
"85172d7dc4c04af91ef67cc701aab93d3b26edeb","flac",NULL
"4fd5277e4703fed96515505d2a442f390a5f927a","flac",NULL
"9d959865161482c455b335c94e23ea2d195fa74d","flac",NULL
"7c9d119f9cb822afe5a9fe374492b218dafca8b9","flac",NULL
"b2e4a906ff91a64cbbea6306195dfeef34ad49f9","flac",NULL
"4c3b9e8b1c59a895a11b18c3f9179049f2aaf297","flac",NULL
"4053bdb8dc44a18c35c6d9a1a65037147667e326","flac",NULL
"abe8d36dfca7c560a2e41900ee2c5500d79e72b0","flac",NULL
"d12b8638de827feac0045a4a59777023c8562ab0","flac",NULL
"9f631e1ac65b8a97d18360666cf8f3392bfd4041","flac",NULL
"448a6287931bcea581096761883bbf8112a04325","flac",NULL
"aa5efbbc157e2411f8befddf103f773e4a1c6772","flac",NULL
"696449c2bee6dc9d0660e48bda717ba0f7988ac5","flac",NULL
"3c3613eac078f2b1286aa4918338ee474cfbf351","flac",NULL
"7c26f4733de49e79b275f38096aeb149e32544a2","flac",NULL
"d63b77dc20f76b92c5108ac76139a20487a9166e","flac",NULL
"45afecedd0714200cb786bbf407237f4ab01deee","flac",NULL
"6592bd8ad906935df633c6efc3bccdbac2d961be","flac",NULL
"8d8b6c818401f21d97b20c75f3636e1044f895f2","flac",NULL
"6b2f7a2e19cdbb8255c1c5b71de8acebdbe58b59","flac",NULL
"0e6e610e689c34efd944b4189d12f8c76449015a","flac",NULL
"d836c96b77c6c2dda25b8f0f71ff6a13aa058649","flac",NULL
"dc745590fbc5be0e2c003fa10ea643475003422a","flac",NULL
"1cec8a31e340575b85eb8956d00d8dc1edabdd75","flac",NULL
"006e2a96b566b2ba6b2c428583a099b806299c80","flac",NULL
"a2b20f6a082ce68bffc148c47e2f4f9dd338e551","flac",NULL
"31c79031e77101daf504c42895d7bc23c66efd06","flac",NULL
"fddd950d6f7aaed25f34d9b4df2f8e8d66d92129","flac",NULL
"713f334ca16f94abbb2cdd50171de618c735c5d4","flac",NULL
"757f75741fcacb015ef2b7008da0edecf9790e5d","flac",NULL
"1ff608b41b0f4b6f36acbe4624e733c89e40b8bb","flac",NULL
"db996ad02023f6ba0f908c094b29afe14c3d988a","flac",NULL
"d226a55bc3e5354e0e7aa5054a65b095ff6966d4","flac",NULL
"1c9822404077819531d3ad3e110f76be649fe99c","flac",NULL
"9d5d900269ed084ab65d611358fbfcd13af5b849","flac",NULL
"f40645495b2eedeb32a7a23ee4927280b73b8d44","flac",NULL
"f57dd338b7f952118cee84dd737ab4463c5c3cd5","flac",NULL
"9ca4e30b9eb570e33d759db9b64a87bc175ce122","flac",NULL
"a01e777fed2c4cf09a709ac5533719ed87f936fa","flac",NULL
"4239ac577b869815df4cb840c11f65b9e1aab3e5","flac",NULL
"4e1df3e97d68339e486ef42119d3b40bc5d8a4bf","flac",NULL
"115b192d500305d0d82cfe70cd3b906b4f437a16","flac",NULL
"778b581592d4d3b6d0a957d2526d338d58aa212a","flac",NULL
"fbf61151e0d9e918505836958997bbf3a78c10eb","flac",NULL
"e0faab5120bead258438d63d35caeea725068c9c","flac",NULL
"4d1b465af94577c303fc1d4b18214107d4b63095","flac",NULL
"9202fc3efaba5d2b22678343fc0ff3b3975772b1","flac",NULL
"0d8de52fbe15e555e25769b57d4d2074290b4d7a","flac",NULL
"79c5b52fa46b19ca0a2f15cb7c5234034f8056d8","flac",NULL
"4a4056e8ae3292ee6c723e75c234a8c2621012aa","flac",NULL
"edfef22911bb6edb93132a01d10e6a131a8bf94c","flac",NULL
"6568103c55f35818042747a45d8da195068c3ace","flac",NULL
"6db0e294ec71ae3ced910a87df27ccc64720d037","flac",NULL
"e26ed7272dbf4dfcd3229b20289541b3389f2107","flac",NULL
"0ae0d2582b2080161190e62be56f7db087a20c3f","flac",NULL
"78bb2a4bf672c3f17d45df42038ec44a951f5422","flac",NULL
"ac968ad07bf9ce36ddd3a5b71eed8b1dfc61597c","flac",NULL
"efed970551f5abddf5d8b905fc96b5146348e2c4","flac",NULL
"db98a85f1364eb0aefb23decdf7f32f8b68222f0","flac",NULL
"8c92607a663460a20f927e87f584025813488b5f","flac",NULL
"cb4dc37dfcca38939d316aa2158fbc783523fa23","flac",NULL
"48fe7af054de7ff9ab6ba8a20c1c168509d35dbb","flac",NULL
"7d1f31d7f326d591a8d8869b509a791d9f429871","flac",NULL
"6778ef2b0016e94d3c311aa8410d25a1e432913e","flac",NULL
"c59313d5173145a1a5350c446f8c19116043ca6f","flac",NULL
"341d4f132d47cb92deabd87b213ee0c69930fbe7","flac",NULL
"3fb9ab9b9f9fe48b9d2014a99e92d0e75164cf93","flac",NULL
"0f2e01606a66e95a765b9907cb78ae9fb9e63c25","flac",NULL
"0909af7fa4001a74e1ec3287aeebfc428d4c6005","flac",NULL
"07917d6ea81bd2f175ffc1e4f922fc1ec6d6e119","flac",NULL
"8943db37f116a167dd675ed0b85f7a2e90c06429","flac",NULL
"8a164be4d54544446459560342e82e07f56c2a15","flac",NULL
"386c9d521eed9540b78f263403915ba909b222ec","flac",NULL
"71d6ba620774da96d4912d8ad149f86961331a2e","flac",NULL
"bdaae1f0004bcb161f7e395beca77007df48647a","flac",NULL
"a3d1cdb1d36b49fa80c794d4895c720e23cb1c99","flac",NULL
"1e6e65b1be471232e465f44a8abc26ce94d6c3d7","flac",NULL
"7290f6498737eb4e609a4357f2a75076b1107f8d","flac",NULL
"91d1cc638be2045d2cb872cb0134da390d3a7508","flac",NULL
"4a79a1296143ca4fa35e11956da752d12f9387f0","flac",NULL
"a85ff632cb696300a672b99e3d545461e066118d","flac",NULL
"c3cd557aeeede96ae4436c2d086d287426414c06","flac",NULL
"4e5ac2747740b6c4a7a04e421534e762e8fc8203","flac",NULL
"f06e3ac82fd69c474e4e027f004eb142ea316048","flac",NULL
"aaa3c2e57adf31171b3d4acd2abf50fc722ead28","flac",NULL
"8099a30cbe81e5b5f9e1f4c2e863e01a1bb96824","flac",NULL
"369560bed8ac98c9dcd20525d7e8af79c61c642a","flac",NULL
"cf4d346be6e20904ef739ffdd9d135266e6c668b","flac",NULL
"9a1a1bfdb6e96d772524d31659888a380b0eac9f","flac",NULL
"6339bae403fed46ebb2dfb48e2d88e07c06060d5","flac",NULL
"406a72edcbb748fd44846081f9d8177955109397","flac",NULL
"8e22ea326294ec03a5074bfa01bedf5f34c3aac7","flac",NULL
"ccb755bf87cf0f10585d4bd61730a6d8c9f1e6f9","flac",NULL
"49590074e5ee19849f1277a9706221d322d173d0","flac",NULL
"e7cf04abd9d78790b988af48b5af7230f1740b35","flac",NULL
"7ece3973e4559d73e97cb826608b1a95b124be05","flac",NULL
"84f4c5d1ae1f890f2ef04e738ae073dd27dd5621","flac",NULL
"9e49b7bbb6aa4435a36a1b6cb8f0052d01e72110","flac",NULL
"705aeda704fc7d7c567c904b9c2b1eb2a1b4012f","flac",NULL
"7d83302c0beb153496d9f9a8924ef118aaefca81","flac",NULL
"edfe65619ad22e87248ce850dec06a457b45af05","flac",NULL
"047dcdcdd6557145e61ecc1bb286a8d80dd8a15f","flac",NULL
"f7056b9b8a9ecbbf1b189d8f871dc48a8321e675","flac",NULL
"4c263cbc9ed781b052af86b4f80166e20d605f27","flac",NULL
"5c8b44f2bb52ef4f5700a05b7aa4d7e73625cc3a","flac",NULL
"05c6d03c1b828c696bb49cbf1d3c6caef08d5902","flac",NULL
"1399e52014c8cbf9ac19d5368d6323c2b69293ac","flac",NULL
"3414f8caf11104613390845ce11c8aef72a7f55c","flac",NULL
"edea4bb4b038faf499cd93f20498492d4fcbad8a","flac",NULL
"2c86361318463b21eacf2e99f310b9929ccc2fcf","flac",NULL
"88046a85a19836769bc42643d35728f9790c54b5","flac",NULL
"01b51f957b3e76f1018871403454a994d09d72d3","flac",NULL
"40ebd1c3896c31673ee33d1ddf159718b83793c2","flac",NULL
"0e2c11d464273997b6889d1dbb23d53e1d6d86b7","flac",NULL
"3ed6a735ef0b5827f3caf3e48bc6ca6f682dc255","flac",NULL
"f2b3ebdf62d2554608a97b79a4698f8fea6fabdb","flac",NULL
"ad3f3e80d388af721b1e10916e445fae96cb99b0","flac",NULL
"5ca25e4772fb5014461873fdc56a50d19ec6f275","flac",NULL
"0241fb16dfab7318849cc5ae473a4c35165fc793","flac",NULL
"671909356b46cdeaf3fb2d34e913356655fd62b3","flac",NULL
"fdd6710c7bf9007ec12317a5cee8515d88df7588","flac",NULL
"9f14323586f98986cd1ec7d7cffa9a1bb6a27f40","flac",NULL
"097568f825b5598d70b0921efc1a337fa55329f2","flac",NULL
"3b9b35dd9210247f02d809287fc73b455073d6a4","flac",NULL
"d42a96cbfd9ad38f672da6d3c29d98f55925aa95","flac",NULL
"3d6a8ca7dc34ac58623efc392304e4b8acd25906","flac",NULL
"19b2a8cae6449911aaef2a0dc884568acc3d63ab","flac",NULL
"59433a6418d682b9b23e2f4f85fa0213afa75dfd","flac",NULL
"4cefa797f8e5aa1b9eb175a1289123ec908eba3d","flac",NULL
"f01b92c4644f1ad61b98bf3dba53968389002761","flac",NULL
"7d144ce63c8ff678d5ad8f6522a8cad4a6c0ded9","flac",NULL
"b62e64ee09f574a488d450180530484925dc3f1f","flac",NULL
"b58a740ceea25a8bdadec44a6ced01edd3453088","flac",NULL
"08bc20dc458fb5aefbb405f8f8d4479bf033b3fe","flac",NULL
"819d80c7c2e54d6116dd9dc669eabbee3fa46ad2","flac",NULL
"bac0d4f63edaa98b603f1fe97d2c20e644a3c746","flac",NULL
"7972f17480c4ed75f3cd31b09d68503edb60f1a6","flac",NULL
"a71599eee964f4524a07287db71b54d537b3a567","flac",NULL
"74c04e3b980ada7180e5d1f0cb390256822e860c","flac",NULL
"89e9de5a013b3f70a76aab928d2d639d00d9487a","flac",NULL
"4849ef3138a7bd145767ba0a83d8a888b6ca2097","flac",NULL
"688aa600e116c14d5273c11813396512e29f3b0f","flac",NULL
"8556e4ab03143f2ce9d19d9f0fda0a7e6f17e217","flac",NULL
"a379067176c7dafb794ea733cf2d1e4fc837c786","flac",NULL
"4cb162fd49f14a601c713b8b3a077048b24687b9","flac",NULL
"c4fe7b94d04e4df8ca1c3d5e7801906c739449d9","flac",NULL
"6bf38edeb5bc8d342d9d8ad7fdab3716e82cd84d","flac",NULL
"1ec3a31c560961ef00c95e9529edf9c352dbced3","flac",NULL
"8e25c3c17ced4d703f741f95580ec6e20daf1dd1","flac",NULL
"760c5f4a578a1e29b19315046b474b297ccaa284","flac",NULL
"572f7c2e444674d6a3cf0e160c10cb668839e3e8","flac",NULL
"b4e8fc605eecb94369df66aadfae1b7514cebbed","flac",NULL
"72f5af57157f9a1d0185ec97d140d52a23e1815b","flac",NULL
"7a7b6efd6733fa314c3b2e44a2ae3d2af4242cb0","flac",NULL
"02d4af921b85604206db1c80358e9aa83eb865b9","flac",NULL
"49689541bb7f32fb8a386ef029d98d28bc871393","flac",NULL
"a07c725c32645ff2f40fadd698809f0e41923a3d","flac",NULL
"635d99cce4faefeabe1c2ea9c5f7baf1753ac2cf","flac",NULL
"4cab863d3da8e566e64fc9e4d8ad75f28e237ea1","flac",NULL
"9f9a49ad4ff007d1c93dcea9eeabadea54b1cd49","flac",NULL
"e9fe5fc393b20997b61c2c13575db91e8019bc3d","flac",NULL
"704c0f14cdc364a2605095de4c5c21fd79361068","flac",NULL
"aa7b1f65b93b55f647b06ebd60663cf131251ff0","flac",NULL
"74e481854d5604e91050357b12dfc9f07ead5980","flac",NULL
"cc0c3e0aaee23bfbee79fda93b49949540f6d3ca","flac",NULL
"49470968e7aeee92af795c2c201d8f3fc13d05b0","flac",NULL
"29389500c1d3a80cc3148ca834ac20d1948b2ccc","flac",NULL
"09a973544b8190e1d17d7cb5d07b4c30c9c1f74b","flac",NULL
"e7e897264b892588a11889ee2030f17aa084cbc7","flac",NULL
"8edf826d25748fc71fc0a28ca741a2141c89ea12","flac",NULL
"5a8e1b3e5c87da56e58e6eb07a90aae879712c18","flac",NULL
"986830f076b429279478067ce9a95591768904c1","flac",NULL
"a186dd8c1321916c969f834e98f3414e178dd229","flac",NULL
"f31bfe7a65b980c97842125512af5c0ab0eed757","flac",NULL
"538e47ecfa774d8c4cf56a53128028938218fa36","flac",NULL
"7eb094ff4a6fe35b371ceb2ade2172fb9a799f1b","flac",NULL
"4bc1be6ca3d27bbc4d7d075396347c8772151398","flac",NULL
"28ad4f21eceeb0fb53f7ca7f63c071065bde2555","flac",NULL
"7eacdd13e5e2936f52e0ffc86df06ff210524a46","flac",NULL
"d6cccf878b68af9f9306eb7f9afb56abb72ac3fc","flac",NULL
"e0217d964ea4b2709c5161c399510efd45a864d3","flac",NULL
"9991b595c804cbb1ae5a6cfbb837c39b69ebf600","flac",NULL
"96127f545ce8de3734dadeaef20be15d0ba62c5e","flac",NULL
"3658c4cbd6dccc7f24d132f5d8e7f9759a1d95e7","flac",NULL
"f05a427bbc1601abc3d9abfaa65793473fac7868","flac",NULL
"2748585089d5449a81c183c82252ab5b378f8d70","flac",NULL
"6922a22f5d679cf38a612473653e55db2e534053","flac",NULL
"7c2ab273dad72f688a9624e45feca441827397bb","flac",NULL
"83effdc5e4d966fe3982541e091f962de7787a0f","flac",NULL
"b84838ff89443490dc2a0b3696e4d93418e6436a","flac",NULL
"f629e2d2cf96f8b7f56e2a5a630cacdc99ef4aae","flac",NULL
"8b1cd718d605de962007d5cdf87509abb1954f6f","flac",NULL
"4e01e20914ceea4f8e372471ef79212995dab40e","flac",NULL
"15625ab4aa69015b2a643fe2aa542513f009a46d","flac",NULL
"d3948ca21f779af3b50453e2d81b7db4a261cc51","flac",NULL
"1a76837a34898e4dbd3ee01697580748a102e4eb","flac",NULL
"2dc91bae288994df4c04024cbd654c1dedb3efcd","flac",NULL
"efde1082a5af8d4a484f32e9653753280a9f1e78","flac",NULL
"aa25026ab928b59f84838f6ae54c3a688b13faa6","flac",NULL
"591cd7367165a6f0e67d172eb578a767e652a0fa","flac",NULL
"3a461d34ee14a899b9736bdb7b7b3012654949d7","flac",NULL
"622064e19907026445cbdb93d16aa9e592b939d3","flac",NULL
"865f2c65ef061cd3fc6f6226e1f5155c9ad039e1","flac",NULL
"4e01b2cd4259ed2017bdeeb3c0d333011c623c45","flac",NULL
"920d3ede492d32b93487b55c5bab195bbcc95769","flac",NULL
"4ef52c74ac3920ac753a95d8891eec10e0244b53","flac",NULL
"414de4c2ede9c041000df357f095f8208060b27f","flac",NULL
"88ec850b65abfda02f310025332e93fad78588df","flac",NULL
"776633b24e51e0547ce7a37152e1ed4a6da47977","flac",NULL
"967592ebeab1583a0e70ab08895dbcf8e89a5d5f","flac",NULL
"dcd31cff2d0caee78f02795f9384a94b6e999a27","flac",NULL
"94d5f5d7eed9ae319a4ad4c60751a7abc71114b4","flac",NULL
"4ea0c4b0dd0c485b659faf6e738fe087d1553c9a","flac",NULL
"23d24f4f586ca007cec68ad1c73feb37f0c56262","flac",NULL
"8e059fed19c0297958491f9e7f4b6ff350994509","flac",NULL
"777057b920ab2679e07bb5c6a2dbd75ebc9821db","flac",NULL
"c6a752f31a363c5815df87bbf81a3104857d1e21","flac",NULL
"cddd0b20a7916efafb874cbd8eab304fa23b48c4","flac",NULL
"e7a547f095979b0af1bf1597bc86fc7ba890f6db","flac",NULL
"d9946db6bb167a80ec947bc619610f81efe1ee2c","flac",NULL
"3051d1d6ca124a111296da63acac1b98b4529c63","flac",NULL
"c2255c3df1299fb2468e6fa6ec92d7d9f60126ef","flac",NULL
"9ff6a11d4b94f5ceea3a9e203692346279d86de9","flac",NULL
"220b8e5e7a9c3c2f7590e773a0a5e5207b5ad4c2","flac",NULL
"3ced7e00018537bb461af1be52d5ec9a640bc822","flac",NULL
"2ee6c9bad90d9c75e12d845ff8ee8dd0fa070fc8","flac",NULL
"11034332173c859642fed7bfa7195e8929917f39","flac",NULL
"ebcb308c539f56d251ba9c466095349075fab881","flac",NULL
"4c0dde19849fda26dfa4c03f91249502bdb012c1","flac",NULL
"1d4569e2742c7069efee4df0500a9bbfcfb09f3e","flac",NULL
"e9b3adbbab09ef8285933eb2fa743e73cadf2b8a","flac",NULL
"0e58e0b55da9793649f8f2387afad6b644072f17","flac",NULL
"edac565344c92c51b8f2fd893045d4d97461de98","flac",NULL
"ee260c8bd7830921c8c9b2cb2b671c749c8a6d32","flac",NULL
"47be7bfe2ce41a4b752a90a47348a1fc04464f43","flac",NULL
"6bb338e94b4f7d9b9c84d5a7ac109bf50d8a64aa","flac",NULL
"f76f31e3da2a893d442907795a6b8b8ce6c09260","flac",NULL
"5118b5c3d55f3e16e95d4f849f0af19e00648e28","flac",NULL
"d80ef7df507787af406012a8fd53ca7f025dc1f2","flac",NULL
"dfcd19ef00d719a23bb207ee49d53f448edf9d94","flac",NULL
"ab1b28ef67d7c3318801941efb15f5106a9abe69","flac",NULL
"b176ea6fee1243ea3c4164be22834f1e05151d46","flac",NULL
"dedad0cfb84b28070c96146e58f4881305b606e7","flac",NULL
"c6ededed9a93162372aefbe4271c48a18c0cb944","flac",NULL
"41daf58e7e88ad33faaa9516e69389f269782eff","flac",NULL
"cd801277adb04fbd76f89e6dc822e183ef9f12d9","flac",NULL
"cd570240ae6408a48c968e705bb69db956fab564","flac",NULL
"71f53bfc3cc19e9647d9755398eda8a95b498745","flac",NULL
"ca4e33d55ddef842af87c21ec29a79170772d115","flac",NULL
"5ec260f11a355615c253882f3d19d6b65e1e75b5","flac",NULL
"5c4efc14aaabc58e2bc8cd9e6292e6047027fab5","flac",NULL
"509b4d4e872735b849e68b17997c42aeb8a2c47e","flac",NULL
"1c23784e433ffe16274003658689a32bb6b8a9c1","flac",NULL
"d7d7cb45ec19b491201e22c1ff8c1a2e2bf184e9","flac",NULL
"edefc32be4f175a4eb5c760515870fcdf29b8c24","flac",NULL
"067d664fb6000b4759a16f56fcb92b0218ecd090","flac",NULL
"b950174b2ce84ac28909e232fbb156d49d30f39c","flac",NULL
"2c444f1f191d9ca64ef25222f8a485bc4c1f0c48","flac",NULL
"1705bf2a6912e42feb9a1872a02e3afe3ebba9c9","flac",NULL
"28d7aab0d688140a99b86dfd65e007d390a07bdb","flac",NULL
"bc2b3fed3d85cb112b5426bd4650a561c674d319","flac",NULL
"96ab814e78a52d3f0fa762e02de1da521c81c75d","flac",NULL
"2e32f15cc99d51aa3e0c13adb9abd430b1f80a09","flac",NULL
"a01a5b4f584ae119c2eda93173acf53d8bfac788","flac",NULL
"351ba97fe4764543c6a0daa433821ec816b6f76d","flac",NULL
"398bbacf7bad0577ebf07d2f470efb4ad1eded11","flac",NULL
"be1a8bbb32d7df6c95042b3f24456b66ba4faf9a","flac",NULL
"647625e12ab29eadd95152739951883350c32f49","flac",NULL
"5085e441a76655b89ae0fea7bbac01b94b7a4409","flac",NULL
"2e99954ffc98f5898a0bb40e146b05880acf857a","flac",NULL
"1dfc3e0f969710d2e2d9f54634c8321da72a7fe8","flac",NULL
"69973d7054b9f818f36d9477a9a333d062b199bc","flac",NULL
"7ed4e294e9b9d6d98c2dd8e87df29c7e92aa9b76","flac",NULL
"febba6aa2186058b2bf7d8a6501425a112833eac","flac",NULL
"375080896e598c9bd64b8a64c34d8ca298603558","flac",NULL
"b4401b9b3071a05341fe20db8f5882c9fcc1920e","flac",NULL
"6ab04af7af467e629294a36ce0d3cd9cee46424e","flac",NULL
"c09eccd8e93473fda91469485cf97d547b4ba1ef","flac",NULL
"f65ededf42b8f956eeab31e613efd63a6e0325cb","flac",NULL
"ca395179e79a2f201d7f84390f2409ea511a28ca","flac",NULL
"0ad7876d23d67c8d488ec9816e5ab5d8d9ecc2b4","flac",NULL
"450d9b64eba4d4163b2cc41a3d5abc7b96cba491","flac",NULL
"611dbf6b595829f9e6d91b2bcfc13ed515fa2b00","flac",NULL
"7d250f28e9f509dcda825a8e7cbda135ccea2c38","flac",NULL
"9467b28b21b64f6a96b0db0f878cb9b40f1b9000","flac",NULL
"c3b5e0bd4e806a0a5d152902b5bfb0ac1ef60c9b","flac",NULL
"23ed5dd69ab0c077c2cae639eac601131c3f023c","flac",NULL
"922b501c2a86aa2e55699b7532e15ce1cb183973","flac",NULL
"b08607d4fe94893258a0045afb2742f58692cb7e","flac",NULL
"de68a9ebcab893c9e951c1b318e295de683834da","flac",NULL
"9c60fdb0cb05537cfa6144362f159ff53ec7edb9","flac",NULL
"23bcedcf38e4ac9fe4dc91f610b5244b582552f1","flac",NULL
"55da09c09042ad10b5f23b3a3cc11ed4bd89f3d6","flac",NULL
"20a24982cb9ec8fc9eb46ff26bad504a3ee11be1","flac",NULL
"a0a724dcacc2afffdab9946e2ca0f2b18a53a66d","flac",NULL
"c29396e4b2dfbd599620eaac948097e275336510","flac",NULL
"be8086457c5bfbd2193f57ba5caaecc1adc0d075","flac",NULL
"1cd8a36123a116ed9aef99f895d8812a21e03b9e","flac",NULL
"ae7174d1450abf54153fa5d5f9bfd55ae8627dc8","flac",NULL
"8baee660a872e4e6e064ab2085b311f6fa1cdd64","flac",NULL
"da5a8c496ed96bda216d74d61525ff111e55546f","flac",NULL
"6faa3ac1d6568bac016204d7ada199071eb4a52c","flac",NULL
"c5b7d96247fedb54b3c821dca104820c87ad75f4","flac",NULL
"2b1bab78376fa63dee0d4932a19b995260af7be4","flac",NULL
"40ba516186c0226a7f39859fba7788ea669bab93","flac",NULL
"11cecabda0060a414ee72e008ffceab2bde6b74e","flac",NULL
"63a2e550b0ccd4822c58701e553e95ed06fcf6e7","flac",NULL
"dc0b08c1f6fdf8fb8e79d9f503adae469749f21d","flac",NULL
"64eeef9640ecad13dbc9836f12077d959c7090f2","flac",NULL
"1122c3c306a74ad47c5585eba206e1e7ecf2db37","flac",NULL
"0787c3571a4470f302fc58c917aa0025cc712c12","flac",NULL
"7797f917b3155f12cdfdf30ec6f7159cae12dce6","flac",NULL
"933903ad34e26ede8f42823144fa5243d5f4b044","flac",NULL
"b23a00426f5f3619df394deb5e1c030fad09dd1a","flac",NULL
"da22d61c8554aeb0d57132e85a68fac6459e8ee0","flac",NULL
"f45f9660216641b5e26688811af3bd2f1916cb09","flac",NULL
"b42cb429355383242c3484de620be200df51fa8e","flac",NULL
"3e8050ca647a9a965ab1ec8cdbf46b5e73b49c6f","flac",NULL
"e1037579a02581b0ab85c3c92541957bee3971bf","flac",NULL
"4035dd1197290c2565b442c0193edab79ddaccaa","flac",NULL
"af525531f90c94c04af70761ae403aa4ec28abef","flac",NULL
"f89013a5476b7d1dfdbd5039cea26ac26fbff3e6","flac",NULL
"d8804b57b8667972a4e06bfa01761e83c23bdcb9","flac",NULL
"5b5ecca58863ca5871bb56c3ed13b9f20614cbef","flac",NULL
"2c38f4d9f811c6dbb3fa74553d2fe622eabd397e","flac",NULL
"ad7caf03049916a07642efcc82674292fb7a82a7","flac",NULL
"55f4a9ee5c598d17d8d01e51394e2da1539dbc7d","flac",NULL
"b3752c568616ba062cbe08fd3db0923a5bfe6f20","flac",NULL
"df1084ce2e8c97c694316d3480311e88200d07a0","flac",NULL
"10bad737c671b50de0935c7035b579755feded89","flac",NULL
"3460537df3f842e1af0b14d575b1a3617a72a984","flac",NULL
"e4bc62b7281f802fd736d24b1c65cd96f7ffadcd","flac",NULL
"ad5f89e45f1bd2ea72accd56c33016d675b006d3","flac",NULL
"930aa1025ee8ddb0309797b1f312e5c0e986737e","flac",NULL
"3df1fd3569c108f3ad2ed63a8d39df24cf76b99e","flac",NULL
"41abcd7a838ae9df4c4e0c7cf41e4ebd37f9afb7","flac",NULL
"6144acb94adea5742b122a21ca890560f76daa3b","flac",NULL
"26175e9048cb3452414cca724632f49d1255e191","flac",NULL
"dc440d026ab27f3929d22f6efd6e9d28c68c8d28","flac",NULL
"35134e45f4fe97ea60741a3da35300211b24a5a3","flac",NULL
"128dfa1ece4d15226b548b52f880062b814eb41e","flac",NULL
"826888169b0e2df0054d81b2d9d6bc9f4e286436","flac",NULL
"dfaa1dcbbad06f3dcb9ad636fa64b13c2da4a297","flac",NULL
"6145c3b111d4168470dcc75a122f991724440272","flac",NULL
"6f166b323eeaae3d62079b2510bc755a6498843b","flac",NULL
"64fb3cf235570be843c6531b01bf36b19de274c0","flac",NULL
"e9c8d4f3e3c84712dc1f3cd1ba26627d2d102884","flac",NULL
"9e9a8e720d716e45a6ca2e6d86ae208a1810b1a9","flac",NULL
"60730d1fd7c61cb1000f211e6235bea7b5651124","flac",NULL
"11fdaeebd241aa5e335d78613ca6089042604ad3","flac",NULL
"ea05f8f268bc50ad8b12ceb632efdde50305433a","flac",NULL
"738e1cfc6ad59fa9954a9f8d518817a64d7ff2ff","flac",NULL
"d1faadff79f4460488f7233daf3b78ec897a7e49","flac",NULL
"49555e50b3d5a242ccfdd7407ff55f2746dafc48","flac",NULL
"945a4706fcbfa59312e1534a5775a502c1779b78","flac",NULL
"ee7e03bc512f8ae27ac4e4042ce4435d62ab7949","flac",NULL
"905386eef3336c88567916687546c4b6444b2bc3","flac",NULL
"79ce60dba46c1d16c8b8da7898e5fc60a407f404","flac",NULL
"0e811e55a7358df4bbee95b8dc4f3597e14b15f3","flac",NULL
"cb3d8ae60300c15a4e62b0ef65533f913ed1473c","flac",NULL
"11947cbf0192470ac0bdf334fecca3d696a2318b","flac",NULL
"1cc49301c4146e0b345899cc04c513a1c798d3b2","flac",NULL
"3d8e04992d5f5a8facc238e64e15babed5b2b316","flac",NULL
"bfc1db4df6e51b998994fde78cd056feda6c5cc2","flac",NULL
"9d73fe7df77ea951f828cd1dfbe0a56a91df5a49","flac",NULL
"d9e827da4e0e1b34bbd535d05ab60172d52a3105","flac",NULL
"3b1d8c14a7e2105d265d73dcb476fe87c86fc94a","flac",NULL
"29438a72229d5b017ec1c2eb64bf256f0f6c7064","flac",NULL
"24dadfdf638f0f923302cd2948a9b82e9fc608f3","flac",NULL
"0ede96babb54b59c76ef625d7ee2ee013a21af9d","flac",NULL
"d945308b85aac5ee256e5c334d8d5eaa244a9435","flac",NULL
"2717d9bb1ce2741c72ed714cdd1e0c60559c394b","flac",NULL
"43f8dce31187376f1dcc7673b8476be086011130","flac",NULL
"f330413da045888b9d1ff10e4257db338b2b0c4b","flac",NULL
"5b039c206d64d723bd4885f206c2515998bed214","flac",NULL
"5f2cce40f3225674703d32bee442035569d6007e","flac",NULL
"8120e0c5749f06be04d527ea365574130da9850e","flac",NULL
"c9fcd50ffbab136103d1a7bbd4ab0a5b59cfaeb7","flac",NULL
"9afea0e9ad800efd734670e9af561aa0d2597f05","flac",NULL
"91fabc971f722d07c4256a943179de146ad7f2e5","flac",NULL
"710ffaa640bc4bde7bd132cace68da8b5f32a094","flac",NULL
"a3bfdcf3d03d7dae858b0bc5153c8285358167cc","flac",NULL
"3c49740fd712257169afe7f79923392679c1da46","flac",NULL
"38e0e3ab53c3229c383f0c58cd7862eca4cfcc40","flac",NULL
"ee2386108eceb5fd9940b27d4a620f4c07d502fb","flac",NULL
"0b00ac46415ab7eff9382e8b83395da8c7bb8388","flac",NULL
"de8e5fdd841a55592625532c1de928c8623393a3","flac",NULL
"cc83e96748b8a4e55ddcc7277c17fc85a60651d3","flac",NULL
"42d4bc34958ed34630c43c1c25ac59c09348e647","flac",NULL
"8035535eae315206787501370f366a0f8f0e53c6","flac",NULL
"efb6318092dd81068fd614d63e67aa4ba3cca82c","flac",NULL
"760b05679c391e0f3e7a22696e8308efeb8e7651","flac",NULL
"87e8ab103b3ed4e824898008e9720d74d23d4ff7","flac",NULL
"f70d18194c36e7d4ac946039f549ef2e42f6607a","flac",NULL
"19ed23673bc779fdc989b2b7c0437d40814cee98","flac",NULL
"09a6cb45c14ea0793edbb21a709e6512ad3a3e46","flac",NULL
"8e10f785112c5568b45b3bebd364278548821c57","flac",NULL
"8b82379590f6bf5647f494f451560be6ae9d45fc","flac",NULL
"96b04b506b7a757c25dbdd44319d64fb201036e3","flac",NULL
"2448e36ae25f1ddb7426cf38178f436f44eafd65","flac",NULL
"4edf1f1027e22b4c9fac4083ec7b91e83d5b1dc0","flac",NULL
"f24065799aa2a77d78e14a71b4c4bd0129eb8a2b","flac",NULL
"d2138f084ee7cad4bd0c3107e3a83255d454fe0e","flac",NULL
"1101306263e0b3afad38b83e0d1e6c6e8dc2fd49","flac",NULL
"93dd714ac282930fa98d459a91c6aa013f9317e8","flac",NULL
"40e59130d4c14a9283c3ceba434a3c854387a266","flac",NULL
"8c72fb7db11e8f22727f0902ca7e10e9ac143e4a","flac",NULL
"3b4eee310b01a81ea81f9db3c0e3ba4588d5a0b7","flac",NULL
"372f061f24c51a0e291bb76fddf2d32bbafa6888","flac",NULL
"f37e59b25c9ac99c72f4542a6e06fdc5a2f3fe4e","flac",NULL
"407d5553bb4170aaf1c031c42a93c40e66b21c68","flac",NULL
"8bf47b9fb5d76bcec90e4d8a9c776f2e38825134","flac",NULL
"575e9b18ccc7bde0cc8f8d973f9a09a12408bf21","flac",NULL
"e16f8a1c1341fea528ea0e15dcac7cee307f4afc","flac",NULL
"ff470ad8d3401f55131ab5c6e54b871f0491f9f4","flac",NULL
"10a238143467c23b20b3bf33d1866ad9987e7057","flac",NULL
"a9e9b71e5d4227176dc28174177f116b963a3acd","flac",NULL
"177b97a569ed172737443e808f836f6a5066eead","flac",NULL
"c9f967de7f0a76ba2792bd1be5d9a89518c89784","flac",NULL
"4f39f5e050018bcc4853e60a9c286db2459dbce0","flac",NULL
"ac861a8fa685a60c96103342f6b1b97fcca80fdb","flac",NULL
"dd958e21d55eead24b675c02c129cd076c696740","flac",NULL
"34a8f8d49f646098e2ac5eaec6f0a8a2b9112c8f","flac",NULL
"e00cab82ab53c47548e5e99acd35f257d4913765","flac",NULL
"8c90c5a60ba7e1db0cd8d341600a74d6a9e8503f","flac",NULL
"3ab0c90743b6c6fce3d0bada81f05aaf5724d7ee","flac",NULL
"9cb3e995c9cdf813245f5a022b1ccd04194b37df","flac",NULL
"5f452485e0e5ea7645c019722a09b41cc41c4138","flac",NULL
"937e7d1f2cd8c4e114cfbeb68c4c6f168ac4f46f","flac",NULL
"5a8999d770cdc7dd87c2948c616c4ce043b53df1","flac",NULL
"ec17fa09a199ea2d9505a883fbc77126d5a35039","flac",NULL
"570c58c0a2949c38cffadfa9e861f914ec7145c3","flac",NULL
"836433cd9f3ebbf6218dce323707090d643ebd0e","flac",NULL
"5fc7e78fc89cfb71d5f6c1c156c74b60ad7bf89d","flac",NULL
"bfad366765ea9088685e051dab76614a2770f07f","flac",NULL
"86980efde7240a42c79d531e3f335ef4feefec3b","flac",NULL
"11cca6515d838c83d2d557a83d3a29fbf59f4f16","flac",NULL
"cbce9ca902167508db49d3998331754730224760","flac",NULL
"7925febfcab54decee11f464150ed17122378e15","flac",NULL
"43a9e3901012c10016f5e635f0b8f203e87c8c59","flac",NULL
"f5eebbce6237cec2637675f59c118b9194c9421a","flac",NULL
"49faca5df9daf47d0f8832671dc8e3c7bef44ba8","flac",NULL
"805eaf2776adf35eb4b2c3cfacf357ff914c63ff","flac",NULL
"408fbfde3a1e44514e1d790468d2c83697bd1af9","flac",NULL
"0450e3d6a7c7e3713e087661cd3780dbd7f324be","flac",NULL
"834704fce9c41e4d5324ec4e495a92a1a98a0785","flac",NULL
"99be94774e7e5e20b020b3264d8ddba889a9aa92","flac",NULL
"acb971b3abc131d057e113103874c4cf07433318","flac",NULL
"7c9ca15c080b61856f44704d18c83ff439ec3330","flac",NULL
"7d1eb70b2fe15770717db6494f7f8b82f171845e","flac",NULL
"39146bc522ebbceaf9bdfd99d0108f86ff9b68c3","flac",NULL
"f04d632be9253b0ab2b3f490ebcfdb460cf14a46","flac",NULL
"62795cfa27c2e66483903d447b27c0135b4066ea","flac",NULL
"8385fd3c754eb3dfd346302e8649e53a44e1718f","flac",NULL
"1ba51c885d604f92604afa5e7fae15f021b8e648","flac",NULL
"9ba687dd1a285b9a719040be59f7d59cb0caea77","flac",NULL
"728be160aeab759fe4efb87d4e06e7f2356cb1da","flac",NULL
"c4ae403a94f9f0864bdd0e15808a036ed392888d","flac",NULL
"05b39feb790adb3e93957ce6be161b6627294078","flac",NULL
"40fa4fade02cadbe23a8c3e1368b881b4b6d12ea","flac",NULL
"8c320140f074ee910dc07dc05eb18c892c6d7bef","flac",NULL
"bf3608a0e215442852c8f5dd64ee258ebb7ee60f","flac",NULL
"e1ab8e3302c979b3c8b208644fb988612fbed72d","flac",NULL
"5eb72d07a82a86ddc623e7ab5bc1fd699dcbb346","flac",NULL
"811e9e300a54290a9efd9e5c067bf5f59c19e9c0","flac",NULL
"ca9ab5a88780f0232b5c405f3863fa2edc0b4e79","flac",NULL
"5a96adf05b0699180044e90ddd0d01b1abc26c73","flac",NULL
"7bc8c76b0df943b3a979c04bf108a3851271415a","flac",NULL
"b9690e61a46899b8b373e6652813d4e012a30f93","flac",NULL
"6185143d40f2cde209a577ddbd7dca9628774dc5","flac",NULL
"4f6d06ea4a17206f62f915a0d2feb068835f5435","flac",NULL
"ff1c979d41fa83283e2a8cd7a798df059855dfa2","flac",NULL
"639a0619a6d1a2d012af449d5c122825c6f896e9","flac",NULL
"6cd7577e627a3bb08b4ca3e5e789e1979e612890","flac",NULL
"04d7dceafec158633ddc1319992f063c12263bee","flac",NULL
"20990893a883ce877a91c4275d2db5bbc1a68b6e","flac",NULL
"0ccb2218c19a7ed754954e37f6c2e61bd691f034","flac",NULL
"0614924e1e2601cffb502e9bfd9d0088a587a1f2","flac",NULL
"646cd8e96dc5993ece90d8939a34d731bb60678a","flac",NULL
"1ebce28ef48220b83a2bac16ed6410dbe75475c2","flac",NULL
"5c40f899bce029a671776d37e616083ae7c6afab","flac",NULL
"f9c3740873fe4dfdcf298a9cdc69a5d8bacf89af","flac",NULL
"7f4ed621f89e850d82559eee0924d051da84a087","flac",NULL
"3bd5aa636c87f16a8aeab7f2c50c642d5ba3907b","flac",NULL
"d53f12b909caa6bbd542885fa7b723edfd100fd6","flac",NULL
"c65425934ea88eaebc9f2e48a9663be9dec46c38","flac",NULL
"9aebebfc9f841c60939e33f093ffa93488f38a64","flac",NULL
"c2df4406468dda250e1ca2267e33107112873fb4","flac",NULL
"371b272c69159456e62ea3982852e1a18ac80f00","flac",NULL
"25211647ca260ed924afd04b0e214007ead05790","flac",NULL
"59788a10f86f147bac029f94ceca598e506c6d1b","flac",NULL
"45491e994d09e216340effd502a9ac220b7d672e","flac",NULL
"115c89d60bfca07cc4db6dbe88a0ebf8723c8b8f","flac",NULL
"f86227950b5472b3c624f4c6c2b6c8e208735b1b","flac",NULL
"ef7d807bc14a5d6e3f664bc4bcd43580ed770fdc","flac",NULL
"35c133b3872374a432024e9cda2c525891cf9f4b","flac",NULL
"add9523dbc8cd2af2350f63fce8925a16a227c1e","flac",NULL
"55b08032fd41c58a5f877587d33822d006606c77","flac",NULL
"b4d861d368a1d94605c51cddfea56137cdd986f8","flac",NULL
"56ee9f377e0e74a032d51091bd69cbd2ed32a0cb","flac",NULL
"1c4e888218e7619ec1b58c40369fd9005e1c9668","flac",NULL
"554d5fae265700e2c4d72008e14726123617fc72","flac",NULL
"c2f9fa100a40628f2489181b8751a990392a6e40","flac",NULL
"95d82f5e5a2dd419deeb00100d3b157ff72182f9","flac",NULL
"27256bb0b11ea052ce5e1c8adb1e8927c7addc87","flac",NULL
"b843df81edddb16d1e25a05115d197e9ec464f7a","flac",NULL
"6147ffba5fd20ff9f8c4e0b011aa7be4ace09b4e","flac",NULL
"863683cab993b6a5ecc6e81f8ff3aa6fa1648ee8","flac",NULL
"264dc90afbe252e2f4ba0eb6bf02cfb9873f3a92","flac",NULL
"fd5d970ea340319af933972e54380a6b09f4e2e2","flac",NULL
"fed7b7d2aa8f6c073c7ce9ae0b2165936fb2b171","flac",NULL
"4e208a1a3d519d9bd2470ec575aa38e9a622c6d7","flac",NULL
"404a0792cffee558421c33402ac424d46c7e48a3","flac",NULL
"c1069d5333e1e6c95da58eef3efe6484a3c888a2","flac",NULL
"24008a896f65639697e4ff385d6e52d78cfd1616","flac",NULL
"52f9e06bccfe38cacae1d282753a5f1e10d38833","flac",NULL
"bb39bfe3f893b1f285d0398d543b69d75a59433b","flac",NULL
"790cb9ea7aa97ddb93506df20aae0ef524b6c2d0","flac",NULL
"fd670d1a862c703b51e76948b0d4e887c0229c22","flac",NULL
"9db4d78ecea2359d84db9e43fcf293b83ecafdc6","flac",NULL
"4d8a36c438bad31397843c3060ac484cf378225d","flac",NULL
"e6058088b28056d6fcd2f511c0562c349b55ef4e","flac",NULL
"6aab30bce5fe33e4ee26622d0341e42390de34c0","flac",NULL
"1f539d998376319d4f4f50d41e281e0a4eb34c65","flac",NULL
"42800d3e820cf6df6f6ea12c564763548a5a73e9","flac",NULL
"d0da8cf7f0b59e2709b2198b3dd28faf59cfab09","flac",NULL
"ef5ade70b960fb47d17e16756fd400e2e8c76e29","flac",NULL
"bb05c654fa1311b8400fd43a70d8d46e4495116d","flac",NULL
"2a595554f0f85fa1cd816c058201cf4dd5384fca","flac",NULL
"b69a315c30e29108427198837e2299c1cd06c32b","flac",NULL
"3375bb1fe0a412a5aec9a62192fda8b6546d6de4","flac",NULL
"69edcd2e607dedca72b7cfde6e5ec5cfb399d047","flac",NULL
"cf334aba6c152fc6d8f4ab8cd9938709c082976e","flac",NULL
"c30da98ca63875a3c6908af93e4119150b80f653","flac",NULL
"836b62e9139dd01b88ac4e6461b95b77a766c7f6","flac",NULL
"67c0ab232a21b9faa53f35e1363c1b73820a570c","flac",NULL
"672d0033c4f47a29683ca480d073a1a7bd2b817b","flac",NULL
"eb60171b70143ed9b4dc4afad22e41d0e410e169","flac",NULL
"d07d2b22de8eab095eb4aa86f7f79dddbc6efb40","flac",NULL
"2c8e2153a5027291c5acb4abaadd7bba03df9136","flac",NULL
"402da6d8fb0c24c30837ac525e902e742500e3e8","flac",NULL
"496733b26bc4ecaddeae8ff172d4f7a0b1ff35f7","flac",NULL
"ece5705a18620efc776d44b4fb9faf572ff4c9a5","flac",NULL
"21276a05603f17d30f8546fe8d2069f21479d7fb","flac",NULL
"3c6d36c9c84430a612846983314ef2837ca8a504","flac",NULL
"cbe50967737a01defa25ff71a6fc1ddbe147d39e","flac",NULL
"a7deae91631859138190c95d77bfeec2d653af5e","flac",NULL
"400abd9049786915fa267268a01164ca4adb2445","flac",NULL
"c7071b2077ccfceb7f2c984d6db500faa0a7d721","flac",NULL
"1e3108de493941a156f9f2938cc0e8ad3064bc75","flac",NULL
"992b97d35166ad624ebeb3b89f7f35555b00ae99","flac",NULL
"705e9837e2ec4f44d79ca6efc6cef9118fd53229","flac",NULL
"cc29444c0606a326361b3426423255710e3595bb","flac",NULL
"7891a54414c1248887bc9e76809640d28d97be99","flac",NULL
"ac239deadba7cac2ae68da57ac5120ed533b3573","flac",NULL
"66a8f240d366eb737ace45179f4d63d533f25a5d","flac",NULL
"97a88ccb32e74a27304f49f5811a1926d8cb08e7","flac",NULL
"ed5e4978d3d615ed6b737cec6d8ea513ed9022aa","flac",NULL
"b61733baec325a32ad62df53b7aabdc991476f5b","flac",NULL
"65d6f98196b6747fd1ca609da1a6c6a2ddf319e0","flac",NULL
"a28201f9d4bb2a12bab83418ed358753b20313be","flac",NULL
"ee7dbcd1f3cb26e85f4da2f32f33e5a1093cb5a4","flac",NULL
"7cba6ea7f55b20afefafedd70872567cad320a27","flac",NULL
"8841a4fa0fd8cc2cc37fd816c21afc8cb29cb7e5","flac",NULL
"65f84500f54286cb0756bccf6ae10282a30e0894","flac",NULL
"2a953e2c2b24440f06ce819a754621c32aa8ea8e","flac",NULL
"55e13a638ad7cd32cb3f79ea73fbc538224bd956","flac",NULL
"b8a8b06f45ddb63a8fd39161282398fb42ab0511","flac",NULL
"e4486ec0490446c28ff5869807fc69c66ddcd730","flac",NULL
"463a54b5c28e17d2f323b6fa110599c850b8a1fc","flac",NULL
"f7a693fdc0fb252f6ed13a05cde2ecb28d78dbaf","flac",NULL
"23dfd3fcc6d8e88dc8a89037aeee3e1153fc53fc","flac",NULL
"521c9e06f76b984672a8018800ec763032338e0c","flac",NULL
"94573fad09e370cba12991c69b261835cfb804f8","flac",NULL
"4bcdecf0da5b2c5d64849ec6bbd3e912de2cd2fd","flac",NULL
"605597597987501f393fe8f58d256705c19f3272","flac",NULL
"5b005378498745cfeec905b4fa9190d2a5c876dd","flac",NULL
"8f68b1dcd6f2244a831f2001486cf8c5984085b0","flac",NULL
"29223228a9a7fab5a8c3370049e77d490140d94d","flac",NULL
"c5e33432bbd14b9e4de56494f9872225c57eede8","flac",NULL
"6f6e18c675888196f473abd8446eceaf985cf2cd","flac",NULL
"735f1de7dffc3fe7f990a6ff9eaadb1abcdac467","flac",NULL
"a45d5f74c03b9b30b6daca0887ec5f60d6a78800","flac",NULL
"69267f6c584f39a73cf0acebb01ab52e55d518a6","flac",NULL
"6796be894b7849166879243e3984a62dd0db81d8","flac",NULL
"31fcd6d76e35f18e8e1ca422d99837d4c30445a4","flac",NULL
"1d29c2c72dab46e672913989fc51b96afc142110","flac",NULL
"f244940f2f9db4aa9243d519751f3a30dd392598","flac",NULL
"8a1bc974fcc2e8caf6af0d0dd22fd8aa2c2e4630","flac",NULL
"da7fbc564356c3c5b64c199cae89073e616cf37d","flac",NULL
"9d650241a4dc5be3e530de4fec3693667442f0ce","flac",NULL
"f1b0f18f976c396be18cda648a3779df141e6290","flac",NULL
"2e9fa4d4d9920ad510f4b633fb0288ab041c08a2","flac",NULL
"c379f15f0857adfb865ffdb80e1d2787891de619","flac",NULL
"b951916e0cb7da8408ff7e7e04f91dd9909bd93e","flac",NULL
"35afc76e3902b9f6ed4418a678df95c9b16c8bc4","flac",NULL
"ac5d0b675ed38ec51b768df8946ae68614227d1a","flac",NULL
"e22f2893b6523c25c5c96e443705d6e1e7c704f6","flac",NULL
"7a7eb8aad3bd6ae34d14beab3b0cf45eaae7b8c0","flac",NULL
"de63f6a8712d239443658b5cd46e1491c45d902f","flac",NULL
"fc7e91ead12267fa31d940d5894fd47804ca9171","flac",NULL
"1c3df8e38911f51eb872d9472f68863bbc3ce890","flac",NULL
"30614c9dbc710e0fda508a6b5143bfa231d18478","flac",NULL
"f8b2d2d91c113e550bb80a94d17054d7f51aa048","flac",NULL
"0ca66f1a0befcbe302587f537b3d303f494c18c0","flac",NULL
"147b85f990d9ad5ab22acbb3cce09ed4ef8c2370","flac",NULL
"0b5524a909c34e9a7974192725c0cc2569b0a074","flac",NULL
"a97b1dd119ada9fb953dcc550107d6fba8b3795b","flac",NULL
"d0050f136a4b162ed9e4a5742d91e76673239923","flac",NULL
"772be5726ce0c2a159d2571da6ffe8e4f5e77dc4","flac",NULL
"737563e0d0e166cab0561fe3bdaa6c9cc7450b33","flac",NULL
"8d1d991b5e08cd6cee2c857f6e940544b24eb1b9","flac",NULL
"865440dcf235183137fadfc0c382935c39c6a48b","flac",NULL
"d6b82e87e390dccc9e0ec57b5ccb0e1a5f202d17","flac",NULL
"8bc6640bbe9c08e62c0f0fec6ac9db35ed7a0b81","flac",NULL
"63002dcfbcbb5f91d8aa9f2dd4d8cf05946569a9","flac",NULL
"67ebd0972ee7df0901eed5ca4efc4e82c982275d","flac",NULL
"5177577a1c22de2adc3e27161702a6c73f1818e3","flac",NULL
"38e53467f642254169f16ceb3980679242bf9d1d","flac",NULL
"9368416b4f1e1e64f3e834945d87a2e61551fe44","flac",NULL
"2e2ac637f0255c0b9e9ef11c16749f73c6fc4b72","flac",NULL
"bd8114a03f5cd59eed2057fd1c99881e3dc8a83b","flac",NULL
"1a263e66b929234646d0505fe7d73f4145f46563","flac",NULL
"cd5805f46f7b77040e3ed4eaf2717bc109c964bf","flac",NULL
"e022385d39eb043fee521bcefdd10ab7ac7b7d5c","flac",NULL
"8a7185b32dd7b8c9e57eb0b331be5c44791ef42a","flac",NULL
"bd2a3d620b93b5c486dcfae3673581e599f9a543","flac",NULL
"5d91a1eeb3b2356fd83da492d6657ec1f637a7d8","flac",NULL
"c5d371aae69b136804c8c300a7f2125b22dde9ab","flac",NULL
"12e9f92753d314cd863ba6c565711400493638a5","flac",NULL
"542dcf24d1587c359166767c62f5315308f63652","flac",NULL
"68ff100631648abdcffe7ed3538171c782044e23","flac",NULL
"e88abfca111d303996a5d7eef0013584e4b9e071","flac",NULL
"a716c1a412f2c7c858b16ab7ad22f15a47c2a3ad","flac",NULL
"aa75b88fa49555afa3c76740d15ab9c1be9ac462","flac",NULL
"f2775b92752b5001df2db420b3371b7a6f2b7576","flac",NULL
"0abd22b3948124e9c83aef1b8f2f430fa35026ed","flac",NULL
"8f1d3c1dbce35bc60fb2ae6d1261fa5d11c028b6","flac",NULL
"2f99ba13c4f4176af56cf26491b593b3a909b91c","flac",NULL
"9b18c78c29fab3ffb58e278944136c0313872923","flac",NULL
"6af83d210d556adc40ed38d7de70eb41e04ed7f1","flac",NULL
"3af05a863cf05ae94ead50dbee344a2542341f02","flac",NULL
"24a103cd8e2130be2ec60ce7c89e9135353fabc4","flac",NULL
"79bb7bf02f6274336252d7fd255f6692cebd266a","flac",NULL
"fbea078b32aca96dbea480112d038c8a6645bd4d","flac",NULL
"172bba7640c0cec5dfe6def1d1a99e1095d5a749","flac",NULL
"7a31140d0a1cc6400a3e6200579a526f14848faa","flac",NULL
"c85190035d8d635d2ebaccbac832c1bb467c4738","flac",NULL
"d9bacc386c94bd359c75e10e2309c212abf25f27","flac",NULL
"0a05ef15f209fd400155305b7e9e7f401119e0df","flac",NULL
"8925f9c354709c678aa8a7755c721f589d5c62d2","flac",NULL
"906c60262cd3f4dd9bb0ce9c900655895b23c2a8","flac",NULL
"9a900212e5f50b246047d3880e5a9bc8ad8ac628","flac",NULL
"00f767584156a76ff6f1ade652dd5def693cc7c1","flac",NULL
"1104327555508ded7400d4d4145cb41faf0f6788","flac",NULL
"37a660abbc2cc77264a4a0af75c6462169ff1b9f","flac",NULL
"1fa8d3804df871ae94838885671aecf74f3c51fe","flac",NULL
"123a047d1f40c6c161e3f6091c2909555810c7ac","flac",NULL
"d5b386c7b5bb9a22fb7edfbd4672aea1d3e7431c","flac",NULL
"05f29c1060e44525856c4c662699ba7fada8adef","flac",NULL
"ca02f4bf0e63f42584f83ecc45bd97905a1f0eb1","flac",NULL
"aef0e6526dc277bd46ac39216fe7c092153a867d","flac",NULL
"2ad5a2fef09eb6ef4166957e478ddf65330455db","flac",NULL
"1740f66ec0919692dc2de28c96a7994e16e4edc8","flac",NULL
"c2657a50108e07c836147f5b79398a246788dbaf","flac",NULL
"7d5cd5f9c8333bb118bb6e909970dbe243186efa","flac",NULL
"fe1d515751054d7b59f8e25ad976582e8abf859f","flac",NULL
"0263b5ff8198ad63eab91884a31c6f418d1d8e39","flac",NULL
"321a97178f9d086a17315581cc9dd5a1e686b4cb","flac",NULL
"6438f384b8a29af0bb203ecbe9d77daf75745dbb","flac",NULL
"75a9b72a14d1aa3f7631504cd9a01dbaca92de57","flac",NULL
"7f02ebc0780bac21fe206568a8de26bc7a6ffcdc","flac",NULL
"8978cbe66fed17e4105b0aa8c37c5fa64dff11b0","flac",NULL
"1c855bdef321cc0e0b94c421a16edc461a394c92","flac",NULL
"a89384f2f95a9937764d8902e652e2200a67ef89","flac",NULL
"4aa36a3f8501f96c92732d5bd64ebc421e6089be","flac",NULL
"b8aaa0778fd5b5543b8772e8c550fd336c0ff71a","flac",NULL
"b4c3eb14ca7c0108d0de8cf5b25d6748bb898cfc","flac",NULL
"f1f7ace53f08fb44073244685ff53bac0cd49757","flac",NULL
"c0c2555e9bf39dac850f0e0b995246fd32f301fc","flac",NULL
"5bead111907d9b89d949d814c170dbbdce41e135","flac",NULL
"b735d61c6c51d6e87bf003b01a65239536d0f20a","flac",NULL
"52382cbb0aff041ab92133e2767cf8bd9e67ef9e","flac",NULL
"b3a82163e5a0877a2dba4b11686a9d2c8a28c7ee","flac",NULL
"c278241bd8886e83d73c637b64dd7d7f34275421","flac",NULL
"8379a782314e182fb07db55d48cb23c27364e599","flac",NULL
"019d8a093a5e46edfdcfe7f7dd9a08968f4bb4c2","flac",NULL
"21dd79c5f9def2089a1b27c44896654a62e96e77","flac",NULL
"46cd29993cb077414716f51466b991b19d063ecc","flac",NULL
"baac395c328da62fd778f2de7ed954e9760d20f5","flac",NULL
"866119ccb5013d1d2db882ef33605afcb69c2003","flac",NULL
"45054056306d09580f199514f426e15269f54767","flac",NULL
"d2ca66141ff53e715e311df06d0609022a1c05d7","flac",NULL
"4941eedfdb90ea77c92012bf1f941225361d9c9c","flac",NULL
"722f3201568745ca70bed352da9556004d3f37fa","flac",NULL
"8081446f47faea26c00f0048a5b64a3392524987","flac",NULL
"c8813645304edcee3dc739727bf8e6c977c50d35","flac",NULL
"94e228201ce7a94c003b9d1940a3d74ac1ed1a44","flac",NULL
"a18456ef9951405aed194d3dec025886a3dc1201","flac",NULL
"261a03081ada759db51375d093fdd2cd4b58e5ec","flac",NULL
"0d81434e31e389153cab32beb203d502a306c9fa","flac",NULL
"e2634458fd2145a15a772ea4024d240c93547150","flac",NULL
"9f81653f875c4b3269cf1454b7e6181f0d909d75","flac",NULL
"6f30f6b3cdbf93434f0cfea020ac200b6ce0a83f","flac",NULL
"988816ace6af93e701b29ea0cad24790f3461be6","flac",NULL
"a53039cdbb8d22a8dea2ba8dc4dbef0e642b7602","flac",NULL
"ead16b45a630c7148c24035159400759b4cf66fc","flac",NULL
"92c2fce70d0bc1136dce53f9b7452828ae031795","flac",NULL
"deb95e8d454c43233c4fa0a504134b2af3a2433c","flac",NULL
"fc751dff4aa1d9659e2c980633ce3b5bb6c4d675","flac",NULL
"44e85bece456ebe629aa1a4c1d729eb07ab23e75","flac",NULL
"a687bca7e57e6dfe2ccb6765bc836174e8ee102f","flac",NULL
"d669e7cc4cde1e0ee0ac904d30486db546d1c403","flac",NULL
"eeb5f3d122e6c2472fb4ca3e555da8f126e86042","flac",NULL
"2862e4d36cb75bc5c836e1f8f093a44babc70ca5","flac",NULL
"f97b405954b8fa5b531eb4dedd299cc7a8819716","flac",NULL
"0b2a76d9cfcefb2697732e37edadef90d792691e","flac",NULL
"745a21197ce555b2402501f78e492deb26554a1d","flac",NULL
"1099cb206394d32ec5b08a350cedc34f3c5d20f2","flac",NULL
"c4394063ebd43ce8f201e47de249fb42c5ed2842","flac",NULL
"cdcb90a57224f1552912717fe07899d6e1d9b76f","flac",NULL
"7974f492a3109a94f878337c7a31c6fdd7135cde","flac",NULL
"eff37b5ad04b4960b260ae154d5999ec78f57633","flac",NULL
"23acf8d5483e0a4e048c739c5f2fb903e3124573","flac",NULL
"a6891478a1d14baa042f32d3c0af5b57bdedb585","flac",NULL
"0965752dc6415a2a3b1a6ded22b302a1f3df836d","flac",NULL
"a361a3cad58bb1af1ecc14493d4968c89a75b5b6","flac",NULL
"a531fce8a6dc147abe266c21547ceda71528ff5a","flac",NULL
"3c7eb5864dfdf0608b7824e703685277e635b972","flac",NULL
"4a4096f638adb368b9d10c47320dffef99317372","flac",NULL
"5edffd6386fba01a861a3228b4c74fc0ef0a0e2b","flac",NULL
"1826f1c1d24ac1c271b063723b43f2bdc02a96ca","flac",NULL
"22131ea46f228f2b41af4cb5b5ba221027b60670","flac",NULL
"cc49b288c5e1ca8944193985fe07f6af69c923ec","flac",NULL
"69d55466fdcd27096ea32614f8edcc7d8ce06264","flac",NULL
"0d3a449525dfc3ddede92d01cb8d61a6e916608a","flac",NULL
"b4ed37c2e00914e61902a200d7c0bdc8037ef145","flac",NULL
"44e65e1e9b06d2dc5517d05608fd25084b3a5968","flac",NULL
"11eafc26a0cec34d9426b4ac22e96f67878fa7c8","flac",NULL
"9ccf3bd6d7b012ad551019f1f84ba5673d136b42","flac",NULL
"3cee900ec71fa66a6f4718a154af87060bacd33a","flac",NULL
"b3eae0e97831b0550f7e75cf01767f27e6b6294e","flac",NULL
"021db307433b26da1b760e2a1345c9eba04ae37c","flac",NULL
"33c086ca96e05d6c2018f5bfc0de26f9868a4e25","flac",NULL
"eaee27e80a2f2a762a416a127431f64eb338aa1e","flac",NULL
"13e8515d0ba084fcab698d27b467b044fe8d0875","flac",NULL
"5e20b6509567f57efd9cbe7f2e46a155715b4596","flac",NULL
"3ce754dc6ef226787335cef0a393ec0938a247dd","flac",NULL
"86aedab650cb2976c5dc1d36276d6b2d7d8ebb66","flac",NULL
"5310f6ad6ea66b8e492cf3ed31cb746a9b84815c","flac",NULL
"28d3c799ef47bc2ea69092c4801ffad99e5f134d","flac",NULL
"6a65077865493b309d608adcf5a6fada830464c3","flac",NULL
"29716435dc0da8b898240f770f61c3d8fcf990a3","flac",NULL
"c2846f12c5b332521c7204e3ed9c40cc30ee593f","flac",NULL
"dcc751288283531b22071870d3eaa9072e00765e","flac",NULL
"16f3a1a3996130f584649bd2d623d767e2759409","flac",NULL
"8aea5b6b10ba020472193a56cf7dde00f20b05e7","flac",NULL
"e2048ae64a3127fec66d9e8a3ba5f0d305157b42","flac",NULL
"7d54800bbe433b0557c07e164b859cfe0fbc4b2e","flac",NULL
"afae4aee233d0f1137a0593c099a0b102c4a9378","flac",NULL
"94efc6d09d510e5bfdf866af3394d43e59cc95a2","flac",NULL
"92c1c0e647f5ad8503f86047a5ded18b5ca818a2","flac",NULL
"dd54099420bced7ec3280ec4112cbc55c52867a7","flac",NULL
"0b6ec2c3ae4c3215f2f7734e05defc96e89ab05b","flac",NULL
"e05eec8e75559c2fdd656db1ff246e84aa93ff83","flac",NULL
"ede2934fb3ddb2913385bae205f4cd8676756921","flac",NULL
"93c46bf3861d1bbf33379b9edd10b653164b41d0","flac",NULL
"9e07a0c5ee10bd004dd91d92963d3104599d9822","flac",NULL
"37629b94a03701a31ee0c9581b42e06f5f716cf1","flac",NULL
"ea4a987fd6c85d7fb5af5dd8c3ada9f7645cf974","flac",NULL
"33b8e9c2583b179f43eb9fdac534de383cec263b","flac",NULL
"3c6841c35d4ef62944c4657daa3ee03ac715a994","flac",NULL
"a658f7849f6bc19669fa99ba84f499443002abfb","flac",NULL
"5c8d473c5795eda0cd46d5bba63e6f2f0978e00a","flac",NULL
"ebffae45eaf7c992a0908606765bc5611334a39e","flac",NULL
"a7d0adb2a11a508573a9ccc7a4ff45b35ff80502","flac",NULL
"d4002d11611e03bcd682913d922f6148c26e979d","flac",NULL
"949585390491fe31fb9e7137fac6ec62224b197e","flac",NULL
"05bdcd56635fcbdf332f00fe83ee06c160f1d4af","flac",NULL
"43cc84973ddd50ab6c1ae7d41cc2962085bb6a12","flac",NULL
"f8148e89d78cfd1bd8b6d315f167b62da0745e0a","flac",NULL
"d294e59ac639c856da1d98ba666ad1d03b418f9f","flac",NULL
"0695e7418710c88e4746ac56158805006df59baa","flac",NULL
"da728b037ebd9e83c94842403d960698bde83ae9","flac",NULL
"ebbc7a5a18067de5f82ad1115b2776c669563d50","flac",NULL
"1663f9941dfe81ca655c082131f6245bc5fa801c","flac",NULL
"53b001b881bcbe93b74fb170301ecc3edada1e9f","flac",NULL
"92896d76488bc7a48f5655bc13054273bbc1e8f0","flac",NULL
"f3543ba7e2ffc4d5abc7845ef225dd4a03f8e275","flac",NULL
"8149538d440029041f02cc9049f76ec9a68f8361","flac",NULL
"fb69406f09c10f47ec09957d689cf6ae73f079e9","flac",NULL
"08dccfbabc672fc648d736f51dad12b7a3262d4e","flac",NULL
"5684e4106854c50d993ec18c8a165e2ebb19fd39","flac",NULL
"6b1689da1df5774dc8063c42f4d65786efeb2396","flac",NULL
"dcb4132dd37e3cacdc1c3386c93d8fcee21f3a69","flac",NULL
"7cedc64a11ac7e64bf266ca9538a99709bde7312","flac",NULL
"4e85c1bf3bc277e209ae33f6d749b33d58747821","flac",NULL
"59ce2794869c150dca35f794f385aeafa992e04a","flac",NULL
"1880401cfbc167c1ea1be78556bf8a2163d6aef0","flac",NULL
"cdb3949c6d97afae203e5686ab0830974715932e","flac",NULL
"05301074c17e4b563ba08d5e0c25992e794bafd4","flac",NULL
"a7fb02580e9d5958b5b68cf48be205926d01da9e","flac",NULL
"f026b76c91edb57c3fb3a7a116ddc2d7aa67d188","flac",NULL
"38f2a5481c1e1db4e23bca26cbb2bf14d3fdb351","flac",NULL
"56d6e2ebc5757d3ea8880703b56cd943f3a96d60","flac",NULL
"488bdb8fc010708ae99cf79ae2941e088d06e6f9","flac",NULL
"253ec6ce5be8fb2985892e1430ddfaa7e6ee66fe","flac",NULL
"9425d654f9604d47f6da85adf6f72d3f5dfb5b16","flac",NULL
"974a3c51e2447beabf2e14867209a06577319ec3","flac",NULL
"953345e9864f119741758590bd5a8cc8073d7be2","flac",NULL
"6504ba977137b69948ac0d819d3e60234d926fdf","flac",NULL
"c5cf2af30c7199bb5960a47a249ac69f4d05c2a7","flac",NULL
"963d40b6ffb15eb963e522c651e740c23ab54366","flac",NULL
"83d38964c1f2b9b30ae43a2f3432111d5076ad02","flac",NULL
"80cba7c94257ed8f2fea06f4274bf90cabd9b6a0","flac",NULL
"8fb4e0569e6fac3eb81fa8d79056a9f70e3336e2","flac",NULL
"606ed0f70165deb23b278dfd09732f51f2584ab6","flac",NULL
"62fed1119362a353b6e2a20246ffb9c7d638f407","flac",NULL
"ba076260c4f3dcc779883aa8d33fd07dd4303241","flac",NULL
"e315300ae0545737e8fa09398bf11dfe2002fbc7","flac",NULL
"33267580c91a6dc8c47c3c5367638e2705c70287","flac",NULL
"816df2ea7c84baa674483c6c63c6b571c8dfebae","flac",NULL
"7335af36dce72a45e64c92c5e6786fa2228aa1be","flac",NULL
"376d137d8b25247e355cd12b372facb042334f08","flac",NULL
"46d63d19236b998daf0dc9502190235105cc9382","flac",NULL
"bcf3bb11ed6b630f188ba59ea40cc315447e4090","flac",NULL
"c9166f7e0f37ebf9029ad439e4388a37994d8b2e","flac",NULL
"9bdeb1b566c7dc4d70482581c31fa0f038237b31","flac",NULL
"b1c1666c4201293622cdea33015e4fb3a08b380f","flac",NULL
"0a0158a242d04a9b5a3cd593c09fac0b2d66f71f","flac",NULL
"7fdbd16dbdb229a52aa9c776ea348c1f38bd96f5","flac",NULL
"ec2ae572f6f0e2a98e251be4a8ea49c4085b8ab1","flac",NULL
"60850178f32cc56a8d5241d27ca2e66e4c0e7868","flac",NULL
"561725762cb7941abcb31f1ba0eec877e1c8ee21","flac",NULL
"d34055313025586203c33c20deb5034d2476a7c6","flac",NULL
"613a30af42c9887a5528f234fda6fa749be00f11","flac",NULL
"e72cef2228b72d5374889b610586bce10d3d0e0d","flac",NULL
"29731232f549b2477bb4209e921b5d07ac2f95e5","flac",NULL
"742bbaf069de58d8ad381d113a7658df4bdb80e0","flac",NULL
"dfa921c9475b5bbd5e68ad8b9b7f54be240349e1","flac",NULL
"022d70f80017b5b6ed7eeb01ae2f5d74d1d00bd2","flac",NULL
"8f6cec21d57190e357e09c22d87c62607245299d","flac",NULL
"5363a8d3539ba5e14b0ca9b01c8f11fcd8880e26","flac",NULL
"e7c24f13ef2fe73426650b94129f463f74e9ba9b","flac",NULL
"dfb623bde6e81bd3e616da9897844b65652b61ea","flac",NULL
"cb9dc042279f777e9a9a0e0eb51af0454641433a","flac",NULL
"015987fce8153950c9090409afcd36179499e737","flac",NULL
"e0c5946482894a39f68a15011dddb6d3d0a04d42","flac",NULL
"d57cec8c554993de886a08707e00349603ff9a4b","flac",NULL
"335e230982045f677cc8050bae737e756d433b3c","flac",NULL
"7672160fe0c47c2f2d90b1de85ff3d4aaee3eb5f","flac",NULL
"4fe60d2dcd13c70a176565cdfce397f0abdde19a","flac",NULL
"71e926299fbc5eed6aa2daa9a0edb6c83d2f110d","flac",NULL
"c3cdc14c68cc5501f6e4e637f7da7e52ca937f80","flac",NULL
"97c38b30daa9347df0211aacdd0ffd4052f4d425","flac",NULL
"a84367d3b3f05a2093902e471704121f08499743","flac",NULL
"96cafa76cc4d614e63f94b6c768781867a2573e9","flac",NULL
"0e87f3ad6b09da8899fb1541a3002175038b47bb","flac",NULL
"2ca219fa9f725f374be9f673e3e7dccc26141e5e","flac",NULL
"0995ce37ff74e3885d97d34d7b0a5670d0c2e2ab","flac",NULL
"642d9331f563da9b12464d6df35679264ad19368","flac",NULL
"2aeb71a9fb481849f9a3491dd8a3e765764d35f5","flac",NULL
"536432ec6cc6a5568bdb8ac9cc8b551a615c0afd","flac",NULL
"803221db802ce5ba931b74d1d2cda2f772b4635d","flac",NULL
"31091ca38fd8b1857dc10774e72d4438303d4551","flac",NULL
"f8bfb2e80bbd39bb2ea567c60aab04a127d7cb0a","flac",NULL
"e65cfc358546f9e66c6354967efd275e6cc65c52","flac",NULL
"9ff035d486e077bdace79c273f393a718c330cb3","flac",NULL
"adfa1ed595a2db5b339e0478ef9e8b284abc0dfa","flac",NULL
"c30ae825657efc26fbe4f3b2cfd982ea353c56b1","flac",NULL
"96045dccebab17535e3d3a8af31d001737bd0924","flac",NULL
"d47d0475d63118bce76721c2b01196ada07011e1","flac",NULL
"63b80536799c466dce394c3ad907f1c90e931334","flac",NULL
"bdc4a808aa37deb7b71ce7fe3b7a5ab9ad3ab72c","flac",NULL
"b55998cde7cadeb9858a066f043cc443d99c0fc3","flac",NULL
"364a7ee976c595fbd041f5d3b74ce5155fc648eb","flac",NULL
"2d075348f41f5ee2bf48d8dd67efcc5c5bfca3a8","flac",NULL
"9dfae9948468c520c18664610bc59be09cfde153","flac",NULL
"b292fc8c3dcb2db54ae673192f30ffee84202d85","flac",NULL
"80db9319c82932d6afdd4aa74bce89447a6716b6","flac",NULL
"e99cdba76ccf5fbde418ad6893fd51a03e9af9e3","flac",NULL
"dc84d64c9bdebff897d6d1245319a8d15d62fac5","flac",NULL
"21b6e8d1df01bb34eeef11757aa1017dead65592","flac",NULL
"80481e773a88dfee972983fa11c074b9b84fd28e","flac",NULL
"e4ec6b3c41dc582ade8118d9612497dca0aaadc6","flac",NULL
"d1474e7fa47937f9dae1079e87f831b67d3a8c2d","flac",NULL
"5c2e7e7cb5364bbad333b3a4fd0175897b3e4367","flac",NULL
"a2fcea18da0a79601be6ed536c3b1864d8a97a4a","flac",NULL
"fef747d2333e5500324391f4c93f173028976a48","flac",NULL
"8f011602b7053084d056b0a40b015f26fd9d6b89","flac",NULL
"1ae06adcbf4d5d699b814c2d7cf6b0a5001d291b","flac",NULL
"508b1865fe6519ca9eaebf36de7d213677e422b0","flac",NULL
"04a0c8a89f76477a0e0097d18bd10edf40d7b493","flac",NULL
"84cfc318f6d3e82501f87a15631745872e86c942","flac",NULL
"f720a4a1041c6695e91b2490794dfa1d46da50b7","flac",NULL
"e975568c401b112baa8218c9126763a74eb2bb8c","flac",NULL
"5422c5990fc705e4224f2d0af979f7799bd7b038","flac",NULL
"4e78a2ae643e225563e4b4780ef0ca8843cd84ba","flac",NULL
"fc75d45181a880e71b3c535b0f7cc4c25e5e37e1","flac",NULL
"b5e20642866d3fd4b3baccfc42a72483aa089ad9","flac",NULL
"1a01e73156b4c7a508e2c0cc7ab79c118061efad","flac",NULL
"6889f372417b6312c3c2fb2f0ca6d6f5d126fc15","flac",NULL
"305b3bea09a0c11bfe177a4f1ec96d7db6039baf","flac",NULL
"7f7da8b55bed9f9ff3f9adad47a1c1c7d58731da","flac",NULL
"d73104b9063ffe7c69c21fd58aeb6bda30aaae8d","flac",NULL
"ad67445be85e0a8e9f8c80d8920e7bb81da0bafd","flac",NULL
"58ceaa13a315cacd21855b7170cb0e5299eb1eac","flac",NULL
"050d8912ce334aa9899e2541ddcc8ca4cb83062d","flac",NULL
"b272c09b3fa0069598d9ba8e5b14ed05c467efb6","flac",NULL
"7f49b2ad7535e3e58d7bfedb7bd96ab77c12f038","flac",NULL
"868ad85844ab0422f6b92b6d3af9a78abcca9fbe","flac",NULL
"4c04e34b6746f2b48c3277814d930fb11d7c97f2","flac",NULL
"8badc166e638fa8965a87516cd6f0603c10d8a0e","flac",NULL
"4ec53cc63ad4870444f3e89941b355e5c2a4e13f","flac",NULL
"a5f57ecf9d8e38f1e49ae5d7d18cf504fbcbbe90","flac",NULL
"bb21987538d8558303c0c643c63638d1168f44ca","flac",NULL
"c286caa542ce65f2f57c451a4fc2cddda3d27245","flac",NULL
"d22c225a4c2e34a28f63db971948459fde9a5e6a","flac",NULL
"ed8ad883e9154f5930c4e5c06047140c9dd22cb6","flac",NULL
"51fe8e9e60db92e0fff88775601ecd0c65af9224","flac",NULL
"3ba2938a1fb28c920c96b8276a31f5887138fdbc","flac",NULL
"65b76d582fee05bc5c2634f82e673bb7178d5d5e","flac",NULL
"e1f5184f35a14ec5a49e7b9a4e16e6a22354fb0e","flac",NULL
"98a054de0cd25a217df54df4ad3dc3e28b290377","flac",NULL
"20730fdb5f16dd0ca5b7e9aa1e5c4e13d35abce8","flac",NULL
"6f8381376b93adfe0f3ad5e3ce04988ae74f4017","flac",NULL
"b9448b2b5497e74c120d2bf028fb7a46723de632","flac",NULL
"089aa538dbd1b67d6da0411483996421bf7f49bc","flac",NULL
"e283b9d41997eeea79b7d8411a23182d91e3ff06","flac",NULL
"d955688dfc23803ab7189bde8117e9a186e06155","flac",NULL
"8801def898f1655fae44bcdeabd000a0c16e6359","flac",NULL
"6990b926331e5ccdcc423a86d9851fb6eb90ac90","flac",NULL
"6ab19a3444e7c256217db9b29cc5c2167b99500f","flac",NULL
"5e781282022c234d97d230d99c0bcf473650c1ea","flac",NULL
"f350369bb71b30957c07e7418dc95661f6159b9d","flac",NULL
"c84f92bff7368d2a166eacc3e0d4ad9220d6ab06","flac",NULL
"977f96e68b08da0f3bf7e13f921bf980f9223742","flac",NULL
"ff373f1d5d24b7c099c5713efa7d86866f514fee","flac",NULL
"89e02040bc84a7557b4b4ad772bbcb4bc2ae6ac6","flac",NULL
"b20de0bb40e09f857d3706755fa654d5c70b3e37","flac",NULL
"d5a647258c393d824a9ef1c61cf2051bb38c738e","flac",NULL
"074a43135f90037b1ed6ca80b39ea906fe3a31ff","flac",NULL
"c099beb7e0b1febd7c356a1f37f33356083e03f2","flac",NULL
"bbabba5da8ba739af1757710d38528d35bd3f574","flac",NULL
"6d73d460ee675446e2679a955560206ff4227416","flac",NULL
"7131c313210f11a2aa1c0fa7ddb429aab5ab4aa1","flac",NULL
"f44f1dad3fbdc5d0e0cff58bb463c99afaad52ed","flac",NULL
"25f0c00e42930abcbed6f8555a569e5461458ffc","flac",NULL
"1ac72441f5d6335c0cf52fbb0baa42b83fcfa176","flac",NULL
"723507c5b3513cbd38843a9d6f44d9e215a6132d","flac",NULL
"98124b6eb035ff52525341ec76e13b7a8874d18b","flac",NULL
"91049aa02241d6b3a8a6203da131bd0cbbc6a0d7","flac",NULL
"f26bc26ea1ea0b8588e2a44383b9004e735c23ba","flac",NULL
"d2ddbd13a18c5390751865d44b81bdf78f6b0582","flac",NULL
"6a66bdb6f4509886d3763392b6d5865fe67b0117","flac",NULL
"a140140286061259aed73bea336f584596799527","flac",NULL
"15bce29913beb32395cb6bd1c4ae5bfd20d0cff3","flac",NULL
"a218d29abe88d8e8002821aa315f4b90cd7ae987","flac",NULL
"c5a4dace21aa25c66770c6af9cfd2ba4d3aee63c","flac",NULL
"eeee45c13816dc206c721707f66d4a74442aa401","flac",NULL
"8bdb4615a9fa0bc62b7621f17a541e8fc80c5249","flac",NULL
"0126da110b77c1e3e49ec6500f0f7ef38047a3e7","flac",NULL
"224843a91123918a255514c927b364fa3c1aa97a","flac",NULL
"6ca1b52b440ee0b38219d7c6b00d8e0cea1c5e14","flac",NULL
"bb862d6502070ae412ce98a3e179f33d3fabc19e","flac",NULL
"60efe3a8edce958abf9d076a37abb2fa695644bc","flac",NULL
"beb315b4f817e3f86936e082ad46a2c8d4698ff9","flac",NULL
"c6085220fbc41e6be25efea41d9799fa98b058e5","flac",NULL
"5c63f6adcfe2ee083d4acef306942e1d5c4a5b13","flac",NULL
"d5ed427e9ba84979ab0cc503c11a405b5ca1b059","flac",NULL
"cec1ba26a7a6c2580b9fa7607a0e20b9c8961945","flac",NULL
"ba37aaf4de7e59555a77dd8f299f44405ad9b255","flac",NULL
"b50daf73c0a3038141090289860a71e6fe9213d8","flac",NULL
"3d5408abb0024af7391b43031e558fd6e43618eb","flac",NULL
"b6d61de8208781a1f68929fd9cd1ac99ee8b22dd","flac",NULL
"561fc8166ddfb756027d3f800b46164150472aa4","flac",NULL
"34527a671382ed655901c12193aa3e1fe6c5f5f8","flac",NULL
"47a3ad3056047b0e46e8abcd3e7ff641476a8b1e","flac",NULL
"415d90331783dfffdbcfb773df4554f9a4a2c145","flac",NULL
"dfdde5637e1110489669040ed64c4e6ad2ffdf55","flac",NULL
"c5b7ea2e9e84c08c2799cc8cd23f523d4d87932b","flac",NULL
"23e6df2ad07369fc7f8b15c937d1110213046e5c","flac",NULL
"1070e935684997729b4cc27cc9cb37f4d4102a85","flac",NULL
"127eef4754673b663081168c45548401d82b920a","flac",NULL
"28550938222849e0113c97bac9a4062e09893b1c","flac",NULL
"e9ff7bb0255cae2802b1b0c838466557322ab920","flac",NULL
"bf8d16901d3cf1a762e905ca09d79bf38687586d","flac",NULL
"73074d8890f3889056ae001c137a2a5a54ec91fc","flac",NULL
"8394fb6524a2d78af46f281f5c96e8985b69e8bd","flac",NULL
"69e8f62167c6193b98cc7d1bfbbed837947ff911","flac",NULL
"e798b1a979b800cef01e933ee1e8a1574db41f25","flac",NULL
"d2c22d7ff74604608902c32c60487cfaabb1f1f7","flac",NULL
"97457f139a6a9a7e30a083cb7a4d16051349a6f6","flac",NULL
"fc008b24c1ad280e12e8f21f3f6583773ccf7ba6","flac",NULL
"03bc409ae5acb83073812047e4195c88927d7022","flac",NULL
"e73d771087d5a1002cb2e552014d8f1591e45cff","flac",NULL
"2ab9db2277005b02ad1a989636dde0bddd483f74","flac",NULL
"55c57f92d5edc84c5753303dc98f5e27c0d52d19","flac",NULL
"6c9970971aeb6d5aa00a12fe6a7c3e4ce145cd4e","flac",NULL
"e0bf68ee4447aa5fabad0959e3997edf7a216649","flac",NULL
"bdc081388ebd6e77ec58662bd57cd7c095755a71","flac",NULL
"d919dd4e376a821ee1be5feccdb1b9471e6f60db","flac",NULL
"6aa5f09c4e7949f8eb4335fd2afb73f3297532e6","flac",NULL
"50629090941fdd55fce9843ecfa0f2894c397bd7","flac",NULL
"5f65efb5aac1d57d46ca5b8ad727acd15cb3695f","flac",NULL
"5afda81410b935a9fea9922b2034e115299cdacc","flac",NULL
"0068ba892408be3153a49e0775c4c56e806db202","flac",NULL
"95c94b9f9ca749de9950cf762c27ac3b93950063","flac",NULL
"237023b012052431d1736b401db6f04c1d9e3bbe","flac",NULL
"efa1576bff8a8857a2d94186ed749b56ae3d8a4c","flac",NULL
"87854abae23046aaeb4d1f891c9e3c821c2b2b8a","flac",NULL
"9f36c4d67cc5819dcd642adbddfcc9a1383ecba0","flac",NULL
"3b23c2b9d658d330b05bfaf2139443d339dcf63f","flac",NULL
"c69dfc935d7686b35141919e4ad664ed3f4678b4","flac",NULL
"1ffd568f580b81462bc1625e8a8a81fa0b9be185","flac",NULL
"c16628ceb6763c2b40ac8476ce425d42b8345139","flac",NULL
"88dd87b53028f2e139f27a409049fb7f80005e63","flac",NULL
"d294ce7cc68d406c04cc5f599641f6521773672f","flac",NULL
"eec4a8e9cc5ab17700d769352043ecee98a011d5","flac",NULL
"d3d5ad52346953e4068303a800dbf14eecc0bdc2","flac",NULL
"2df617dfe62618922143352764bb20760208e760","flac",NULL
"cd77ecef5ec943162281db43f07a9bd29ee5df12","flac",NULL
"427fa0f8e6c6eb81c453728916413698e11b569c","flac",NULL
"3f1ed54c479d0a294926be96fd3bb1b5a3ad1f38","flac",NULL
"22b98c73a07e2566bedfb02d6e46e3621b55990e","flac",NULL
"e6f6c6f79e4eb4b83b93e988c98a8a137a49f14c","flac",NULL
"80e13bb040f85fb3ac905abc66ec546f653c2748","flac",NULL
"6b9fc46fb271103d83ee6e35fad74f671dcc658e","flac",NULL
"fd258d447d4dd6a41da3e0bd3f494054e9f0cdfa","flac",NULL
"8ad1a1e0408c43db2a979c25c96ad86984e586e6","flac",NULL
"721b7d32b5a379477153e6773c7aae56171769c1","flac",NULL
"9e8563933563df149f4c54db410b2afcf9c3570a","flac",NULL
"d5f0daabfc555a0bde8f6fd1c127d0a7de7a04c8","flac",NULL
"4419eee510c88a8a46284a9696254f3a7fb9d709","flac",NULL
"42578aa2d74ab180e64bbe336a3320983d298ad3","flac",NULL
"c6a6a8ccb45abf3b458a888918350f70ce51f6ca","flac",NULL
"a95535b53fca8540594a932bd3804ad6153ac514","flac",NULL
"eaa4c5a13776d0a72bbaf29f3c626f96a2445b04","flac",NULL
"f1a2f0e63c293fac35fa188b6211d8994ab1eade","flac",NULL
"688565c2cfdd7546370b84ad93632517c9810675","flac",NULL
"7b5a7feb2f0ed086ffc45e62948485c56ec1116b","flac",NULL
"81372b82e68259e475f7a352a72ba0c2bd5b42b0","flac",NULL
"c391029a5e33c1af8dfc0ad0a74392f87002d3a5","flac",NULL
"bfa76796180ebb7841b8dfbf69ced97378cb3638","flac",NULL
"8fc632c2add51de31f8421c61771dff9d18f684c","flac",NULL
"f013a985883cc229de49e9caeb3dc975183b815d","flac",NULL
"e3ac9e6e5705ec6cb9360768c197ee46854f5da9","flac",NULL
"6ae50a408c3703b7e5a209c2286c5e85b968b55d","flac",NULL
"7687414b56d2dd30b8726c7fa35fdd4bfaead0e3","flac",NULL
"f927074bbd808dcb8cf82eee749f248f8167a4c2","flac",NULL
"3d0fd81f7b346d9e2a6e077f9b370b8444b2a5b9","flac",NULL
"efd27844a37adb02839c4ed7de24d484f8eb7b73","flac",NULL
"d2d8386a791baf103432fbd93089206ed4579153","flac",NULL
"d864c02ec099b0162f1f7645f1881027d04a2fa9","flac",NULL
"ad9e8b898bcc65ddcc0bee7aefd3fd72f809e3ae","flac",NULL
"b18f7a653889135d44b2dfa81b8c82f9c97abbf9","flac",NULL
"5a67f5bbb0efc88cb5c2618200d502dc5a2e4fcc","flac",NULL
"aa1874c779840574ca4e313a19a967144337838a","flac",NULL
"d1ceb1192991474bf58766f97b77d0a8e1b52935","flac",NULL
"fd5355f4f43eb40641d0a94c8c28a69b963476b3","flac",NULL
"53a5cd9a53b5223238d73e7123ffe51f260a7bad","flac",NULL
"c2f07abff94890292e90d6ff3ca680c2b1af6d57","flac",NULL
"839fec03147873b9db677f4a000f1036d0cb4afa","flac",NULL
"667e2d88eecacd9398d3a0f2965b6415d60e7cf3","flac",NULL
"d7768120cc7a57e491e3a6037ce6be863edb3ec6","flac",NULL
"ba820ea521026e16412f19cd013c3ecba3f1db7a","flac",NULL
"bed68aec7966f72afbc1fe16f2e38f325479815f","flac",NULL
"525e9b22355dc5ff98e44b7e0de23c628d720f9c","flac",NULL
"d291a9c1bda701632da65c1617dba449b9e32f54","flac",NULL
"e73e59916a2843e08ad1f6ef8f8451d218f827b0","flac",NULL
"09d24a6635b14bb440a2035ab0e6ba775691f821","flac",NULL
"3e7e42a6f494492d92b8b7dfa223ef50aa457ab2","flac",NULL
"5f5ae386451ec01a6d15693f8099e01d1d2c51d9","flac",NULL
"718072f3daeddf064b97678ac4b96651071cccb4","flac",NULL
"ee865a71f598a9dc18293d76fcc845d824f9407d","flac",NULL
"e65da357ce69bcf0cc9089a5aacc377f37dd5f95","flac",NULL
"9e469fc7103a757d6ebb238782b1d0e2c42b6ca4","flac",NULL
"2175c2128f6b106e1a9ac198ccf9b08b9428cad1","flac",NULL
"af2bb0b7421a00ddd3be32083215f28306d1eb49","flac",NULL
"b8d22c7ae507d146dfc64302513cbcf9c66ce48f","flac",NULL
"9762dd954526d49d3988f4792ceff4996b8b6908","flac",NULL
"6ab4630f0ba42ba36ff3db9d159d0daa5d7af070","flac",NULL
"50edf24b63de2f8d21899fb1b959c635e640ffd9","flac",NULL
"bf0fcb1438d28e52ca0a641b6c52f63c44fae952","flac",NULL
"029b5f8e3bc7f363af1503321ddda1ba6324cb4a","flac",NULL
"0ee3505b14fe9c27481cc71af19740531e8e0a1b","flac",NULL
"49c0df49b5f1cf4bfeac7addcaa1c912363b8252","flac",NULL
"93f7f639800ec96ca2152f73266839e8267b7806","flac",NULL
"e8e4844cff7f21dcfe0b34b97357ec707f724556","flac",NULL
"fdb77a35bd60b9329a2fd9d03c3406bc2d341e4b","flac",NULL
"7e16bf95f79a612340639f365816c6cc2a1384f4","flac",NULL
"dd401c75d1679a99f55bd3bbdb598990fe8cc015","flac",NULL
"08b3f609c724583f4b27d7ffa3e386e310ae9880","flac",NULL
"46b654c2b4ffc2432b2cebe46ebbb98034efac8b","flac",NULL
"8e214cc03c19412fc269df6aed8893242394f9d9","flac",NULL
"860fa55c28c93d5ed206ca29855d8cda9dba5e21","flac",NULL
"ede5cdbe7b3d8fdefcf7d9843dff0c7b122f264e","flac",NULL
"bff438352b54abdca292be273307a5c7d9fedeb5","flac",NULL
"b29cd92b718a7fb5982c72ca66e395f0a46ce159","flac",NULL
"74b79dfca20671856d7a7d6c7c3ad8480f8750b4","flac",NULL
"3d1ca65febbc3125ecd018ce9f3d64a2b5c12306","flac",NULL
"3834637c8b6d205d205246d2d9ea7b0f0d8378b7","flac",NULL
"c1f2b73f43c70e92c60423938205ec94060b2ef0","flac",NULL
"e6ebf382ff7d7e7112f757a206e9724409f68cc0","flac",NULL
"d65eb9509512e3f04856ebb9bf6267353318f562","flac",NULL
"10e03e356b5350e92fc8321ea536cb563a7bbfdf","flac",NULL
"8c57205527634ee7fd13f6eac8b67c20303ec346","flac",NULL
"ca407205224f394191f3eb2e75308b03a6e3cd61","flac",NULL
"5a6d0a7aef4334a9035c6aa7d1836652a1779f7a","flac",NULL
"71f5566d027d7b564f2c8dfe30a42cbd61866e6a","flac",NULL
"222486a50ded45c562670d7c065f560de4eac105","flac",NULL
"6a5979140dd00eebedc57dd494144ee88d09ac29","flac",NULL
"9dc2bae06c2311106fd8db228701dfe8739fa438","flac",NULL
"c8929aaefbe548a5d0472d1a7b2fe0ccaaff6377","flac",NULL
"a9778a99e9f370bebef57b4d841b26c91997a3d9","flac",NULL
"1e31bd5ce0aec130f3e5d838d381835586768203","flac",NULL
"5101ddf8e65150ed348819d33f9141b5c2e19998","flac",NULL
"946df139e091357f9471fac11ce8ecb4eedefa2e","flac",NULL
"e34a5169be5e9003e85db08b51f7ccd7035f60f9","flac",NULL
"300d1638399ed9d4598c8358d116d5a0bf655a1c","flac",NULL
"724100a45d513275688695b9b0afa4d63aa6f325","flac",NULL
"5a648507d634b114994787477f0b8566aa0fdacd","flac",NULL
"a5d299ed0497987676ebb355016fd56f3b495bce","flac",NULL
"a118ecd39e478cd45ed6609f88a795598d8bea5f","flac",NULL
"ed8e608148bd62fd4ac2c0c433b3fe2dffd5d613","flac",NULL
"eab5bf39cdebb7f44fbefda24456454df7573b5b","flac",NULL
"56f777930515d3b1575d4f638a04a9b1536418f7","flac",NULL
"d462b5a3915073e02d2c5acaafcccf3ebc339a03","flac",NULL
"491c48a1e81692ded5f2329df8f58f6935846971","flac",NULL
"d48c2daab8f767ff7b7098509b0645102902c3bd","flac",NULL
"644862d1bef0e66d34920e5739dd30479d316652","flac",NULL
"bb893d57139df2fa438166529b1410aba565d8ce","flac",NULL
"f91bfb77b5172b3233cad7ba9c7ea69c50cde1ee","flac",NULL
"c97686a8bb78e1d826de3356e321bf66338d4bca","flac",NULL
"de35a6110187be2abaa5d9bf8617a18e76bdb13f","flac",NULL
"ea0b929de3988348d1dcb5780a2ef50330cd9ae0","flac",NULL
"57fa206e6b9d95e51b879d0495a360c02bb6a936","flac",NULL
"921b9fc8c3c67c76cf2e9b221dd2d85286283d71","flac",NULL
"76cb3ca7533cbcc98cf00f862fbbe7ea457f32a1","flac",NULL
"6b067281d633a21c3ab2546e733562e110ed70e6","flac",NULL
"1635be1f34fadce745efb4b034ecf3d451ec6248","flac",NULL
"3e6141e29feeffbdb6d4d4660cac3c68c16a13f2","flac",NULL
"484cf0a3c780b62cdc376aa19df46e6584c17cce","flac",NULL
"b0521b31e10a4358384a2bb0b76572cc270842e3","flac",NULL
"bc9f864a56694f90536009def2b1fc2a24d78cd4","flac",NULL
"82fe5f09564f68fdbd48e81dfbbd67e24f7a8d00","flac",NULL
"5923e1be11c3552effed6923974a5dfd11937f7b","flac",NULL
"9a49002de3baa3411d6c3d2314f9c0c0ae68a73c","flac",NULL
"dc17a82754f002ccedafefbc675f1aa97f2970dc","flac",NULL
"eed29855bfe5f9a67029c262e50efcf46b0763b6","flac",NULL
"7175c8166797c497f2c27e820546a6438bbc1c19","flac",NULL
"266c4a57d952c430c70bf7910ff6989a34fc9f9d","flac",NULL
"d922ee9caaa5fcd10623249ac44cbca502ac95f2","flac",NULL
"943045868cc923bdfd35b03485424486dc1aa0ae","flac",NULL
"5a1f889f2df90540ba118aec72407fc0d81dad76","flac",NULL
"c983c1ee9bf049408599518a6be3a3616bdfeacf","flac",NULL
"bc51c4b592005da2a79ba84ff4b27eac8482c0b9","flac",NULL
"1e917d08615b722b6095567635e5e79f9a6cabf0","flac",NULL
"98066781f5d4f11ea60abe7e4ac7a896a5c2e629","flac",NULL
"91dade2dc9a647f9c16671b584e8939f0cebc9c4","flac",NULL
"ca62a1d2c775b89bf3524a5afe79ad37cf48187e","flac",NULL
"4dc5904abcc68432c8384a59436b7007da622327","flac",NULL
"a120e4285c54bf5c1962f2f267351e94631e559f","flac",NULL
"b277264f66e560a959d7ef0dec122552f7c3cc70","flac",NULL
"3148ab30c1bed009df93b4ebf1faca9894a50559","flac",NULL
"bfed84b24ec6ddc512811eb02f47875422699791","flac",NULL
"261d14d0f1d77784aea6ee22d54c97c1d358176f","flac",NULL
"ce1a711e3bf5973e758961ef1b84ac02849b1331","flac",NULL
"d35e51bec56d26e288fc536fa01e969a114dfea9","flac",NULL
"185fab14e3982b52ca7c841ffac3f9c3005d23c9","flac",NULL
"fa9318efddf09423744509bf004796861d801a15","flac",NULL
"7842767b4c30c6fa885d0365d02f1c2f3f26cf9c","flac",NULL
"fa7987d3a451fe2e41bb984fe5f2282e14848fcc","flac",NULL
"4812cadf8e8b86edca7714db28b336861eaaac5d","flac",NULL
"7ee2b7159827c7e7fccee2f71356cb6a5fb8e420","flac",NULL
"b96847969a6ad0701ec212fc95ce2890104a464e","flac",NULL
"ac302f0f13e1e06464c236bc73e510539da800b6","flac",NULL
"869eab0c580202aac431427b08384f575543446e","flac",NULL
"44b0a8e79841c0d058f9d36048ce43f3266081aa","flac",NULL
"67fefbadac0dfb2f58060738c79542d88e00861a","flac",NULL
"3dea10890ca8f09252609a714f1d1b84c3710a95","flac",NULL
"340755e8fb752fa07217c52aa933a9f7105939b2","flac",NULL
"d9fcb16366bce9c3bec3da0c7e2f3adecc606ba9","flac",NULL
"d65ade68e44d113a7f3ac0c25b6ea91038d7bfc8","flac",NULL
"3dc755126f73ca269a1fe247c8dc3c24b31b6a92","flac",NULL
"54948068a7081423d5c4c7cd08a6574ad3a803ab","flac",NULL
"a7b77e01314d79f7c8c42c742666bfd1b87178cb","flac",NULL
"d9bcf663abcd970f50efe8eb487f13bf5eda0767","flac",NULL
"78a36402f2fd2384aacab1acb49bf5db223fcd8f","flac",NULL
"fac421a844b0b570351648c79e81eac6a27bb119","flac",NULL
"985f3f7e36ed3671ed0a1e555635bc1a8b8ed14e","flac",NULL
"a58010c893810a53db12886fad620f7d7687527a","flac",NULL
"458ed8dd383b81b961ec8bb9e0e219018c378346","flac",NULL
"48ff30cd7b9912ec27023e490a8c5c26a2109dfb","flac",NULL
"279bef6298594883c1fd1f1e86bede1dfe5fdd1b","flac",NULL
"2501604d4527d44c5093737781c62d139a424a66","flac",NULL
"c75fdca0c622c1c156b4942c573e070e587058a9","flac",NULL
"4189e7171434d81dcb0a0d6e1377af75d52037de","flac",NULL
"27898de112cf3bdc12df00647a5dc40a4c62f1d9","flac",NULL
"0b7891d479952ebdae8e1f5520622df0cf9bd372","flac",NULL
"8c2d6520c96e49dc90342fdebe3dd32cf14b6d44","flac",NULL
"0c7c36807fca6daea703e455918e4e0b0e614def","flac",NULL
"026685a70b56fcdc9b74f2ef2f66cd48e61fe29a","flac",NULL
"c026feb2be2c5e18c60dcf4f4523bc9c0a673c12","flac",NULL
"e29022b81dd2451be368457016396f8f7bb1a684","flac",NULL
"2818552aef8a9b2d27531609c9b366d75cc9098b","flac",NULL
"2abe94e27bd50947161391d468cd635664372a0a","flac",NULL
"1c23e54a2d8f1fa4d1b6c0e4251d75ee4bf485c7","flac",NULL
"27bc6438df067290fef94ce611fe0ea399ea9108","flac",NULL
"04008f791abd9f9960b0ac80f9a6d41f7dc99896","flac",NULL
"a7e40c87baf5be460e8ac5508f9f7f09d29af4df","flac",NULL
"455314ae28cfdda9aa78b5705f316727bcd018a5","flac",NULL
"b78afa5558d90810729c39c17f39b0154295a809","flac",NULL
"dd06008b1ac37085b37d8a715abea0f968597e97","flac",NULL
"b80c062a12e2f8dece3d7848cae53567ccb6b872","flac",NULL
"ed610bb5c1116a8896caaa423c97312f6852a544","flac",NULL
"70637817e73de5678f637b3d70031da41e97b023","flac",NULL
"0316987016ed9cf28be2e4def043b9d4495d496f","flac",NULL
"130b5e360b81c27501170aace092b5995ea18c56","flac",NULL
"7b3fc6dfc9a155f6e4af983340b89149d1a46c85","flac",NULL
"1dfe89de00f83d4a154623eb73a38acbc480244e","flac",NULL
"30932ae33ad152b625e9e9ff7f334ea03d873fd4","flac",NULL
"fa51a15150186565a59e1732a3f0c2c70fe4ceb1","flac",NULL
"10721f664daa1778ec7d86a9344f8ed4420df50e","flac",NULL
"2c1139959d6acaa395935de9d0354f0662df1100","flac",NULL
"c466b03e315cba1891c8fb828877e90420bbc956","flac",NULL
"86b19dbef89814b557ea985553ad31cbef31b27d","flac",NULL
"50accf14994833e51871f840056fbbad87387835","flac",NULL
"8958b744faa84ebc8879e32885f16f425438c161","flac",NULL
"94b01f8c76b3e2cb1b9a1e834dab4ccd5c82ba97","flac",NULL
"08efe65ae05bb8ff2b1e22746747415873a500d1","flac",NULL
"f26876ac970c68b4aef1bea7227e1cf7ed9d904c","flac",NULL
"faf87ca9220879d3e2c2162010e0e81b357e9686","flac",NULL
"aee3d45ee096419703ce735ae2b7dd08e2f38e78","flac",NULL
"89cbeb8e20946d988a456072823a0c6aa032df3b","flac",NULL
"06d3dd24e3cf57f721cfb523c3c2a3f1a1b586c1","flac",NULL
"c48c472e75aef72505c09d98bedac26e0dade5fe","flac",NULL
"311f7a271a1504b17b5dcb6dd63f576f982addc7","flac",NULL
"078104b603ca3b4e568f8375a9d3e950ca24f59e","flac",NULL
"7a3c4eeb9f37ef2fa5c9d2ebedb60163be05ac80","flac",NULL
"6dde153979f056a5518849879fa39809de585a06","flac",NULL
"00d84effb31b82a8408705e3242df8d04737bd85","flac",NULL
"b591fbeceb0f3b20c92301f56a9aaf6ab2f2891b","flac",NULL
"aacda68d8ba12100ca37bbb3b7138c3b2856bcc8","flac",NULL
"e48847d6685e54f1fec8dc66feb1de072cc7e551","flac",NULL
"9e81cc0621a8c66c771ebb74ffce7738ecabfe39","flac",NULL
"15d729536f01afc81d216eb4197e77f04178f40f","flac",NULL
"48f8e92c566a00a55a3e45c6e37b5f5189b902b6","flac",NULL
"cf269def9aa4fd0347e597afce838b88c834d159","flac",NULL
"78345a462dd2612ce961f3c7d097a39967e4394a","flac",NULL
"69cf39775e37dcab41fbd2051a6f9705b3426bc8","flac",NULL
"9d36dafe68d7cfdf6f7d1373aba3da24983ac1f5","flac",NULL
"ee69955263ea27e1ab3f9c1192e85e8ad46333bf","flac",NULL
"a0138e2127799b9a6786722f95684287956f030f","flac",NULL
"389c5dd787efda05c16d1a0480fb74940f0500d8","flac",NULL
"39b108f1694c3b4584c416aac61d5f43a3e3ece3","flac",NULL
"3fd494e5604cbfd11fa5f96f02b4bb19721f1497","flac",NULL
"939beefe428aa7ac021bfc834820ffbf8da2e176","flac",NULL
"95e615f6aa5a23b5613251608b82bbc6faee4f2f","flac",NULL
"2292f8b29ab187235c7f59f7a84a3c865a39e18e","flac",NULL
"b91b3e2baadae4b5bedfb5a0baf74638c3df9bdf","flac",NULL
"c6f63b87241421bf0cad793c8a661563773f9f16","flac",NULL
"68bc074c8b4e7abb13ffabbad28787136ae66514","flac",NULL
"e8af0e063bf7813b4e8cd8e5ae2f11b640705cea","flac",NULL
"d78037777f06be318f75dd0fb11491c32ccc185a","flac",NULL
"00e45d73eb3a2a5db21e14adfaccc12224daa34d","flac",NULL
"c99eb0a6931bfeec9b123483147a7b900fc9d3d8","flac",NULL
"82cb845eb047731f40e8f545b7edbe808f42b7d2","flac",NULL
"52aec593cb4969d893a9c73f14d8896e01cd5918","flac",NULL
"4f4961616b66c9194a3c0c41d0ea3b5385545efa","flac",NULL
"dd83950b7c460fe285f9df4035a862d19144e8bb","flac",NULL
"c49fe2d889309adcef73491e1ab3f2ae7618ede6","flac",NULL
"d3761d8cd5c60d426955549d87352690ad928173","flac",NULL
"08c3781dde6ba6bdf4f74413cf557dd437619ac0","flac",NULL
"fb273e30672dd5d06598054ffda4adbf83ba731e","flac",NULL
"29f75b4bb7845ba9a8530c7f93316669c099d80a","flac",NULL
"8e74d2cae851ffd29493e4ea101efd1fa5882185","flac",NULL
"15292d471b84654a598228f5e24edcb0aecfea5b","flac",NULL
"66584af51e23cebadcebdb51b6553da56df238db","flac",NULL
"133e5ea4f82555bfbb6b5141a7b721895d55c233","flac",NULL
"bceb3f5f2a971765396dd0324730fd6e711b8332","flac",NULL
"d163d5a184f2a36d51eb5a109f05e326965dd09f","flac",NULL
"1884a28ea58aa6b64eac00f7e83168fc7f5d991a","flac",NULL
"44dfca1113bee504818204b53ebf83783adca2c6","flac",NULL
"8b913ccc4f7c10280a8fe160273b6268d2e7b494","flac",NULL
"e3195287fec8d1f5ff013958e8e384db568c3c3f","flac",NULL
"05d50be236f3f1fcfebdc335bce70d26834efda9","flac",NULL
"8caa0f5ed163b2434d05344ce046149f45d75e9f","flac",NULL
"363b1314caee73995136b9f2033e2dc847ba3ff7","flac",NULL
"21f2cfd939611619205222b0d738bc0d21301ff9","flac",NULL
"a5cf2c438900e064a936c75533a2d8a7d2b5bada","flac",NULL
"2271c372a5c56ca57a1802ee2663ef523452ac29","flac",NULL
"e141c1327adc3b1525c265965505a0802cc9e459","flac",NULL
"b265cd3e7bbadc265518518ae6411d5e392a6bc7","flac",NULL
"7c4c981cf88422a1bcd1d5ac1c408fa6fe770a45","flac",NULL
"e4f25db820c96cebf9b91b1eb90d268c2596127b","flac",NULL
"b108ed802455fb6ccc530e726b05d76e1819091d","flac",NULL
"218760932430aa20d5b1806f35e1c1a0755aa899","flac",NULL
"b041d249bd473e589178b910644269e35d0dac7b","flac",NULL
"628816757b2cd3f7c6b3878373d4e7311b86d4d9","flac",NULL
"cfc2f47d173bb2db70bd18cf5485f8dfc11fa984","flac",NULL
"9acc4cb077e5bd75362828d49ae037b0ae3cad24","flac",NULL
"365e310d9d1a53ec8f739bed95a655e2c58b9c24","flac",NULL
"7915d6721e4a3f000923adbad34f0e7728226417","flac",NULL
"70c2cb0c4e9a6c9ff9d199ef79e51feff3f516ae","flac",NULL
"a2f439c2bcc10c281bedf26df657a2726e9eee0e","flac",NULL
"1877d2a951114b0377d0a1165bff5c1caa7ffa1a","flac",NULL
"ef5d31b7f83426eb57eada92cf488fbb2dae7653","flac",NULL
"8806cc23e437df16149786023d7eaf8a7a5bed9e","flac",NULL
"51bc6eb774fc9e9fda29b168567596d34f19d882","flac",NULL
"42f3f21fdf8fde3363058bedb6a8c7b543cffa98","flac",NULL
"3c4ab187e581875be0c9ecf2be30293587e77fb4","flac",NULL
"f70ae26bd585e1d8153872cb96415a025f05f588","flac",NULL
"c7246acdb88eec3323dc42c8ddb7a5beb10ab5d8","flac",NULL
"3ac0460ef46cb2c0ff5d482fb80c6e64b302442b","flac",NULL
"c207550b0bf2c1f89049e6b7405a09b848387e78","flac",NULL
"1a921a644cc178543d90e17545506fa915c7db94","flac",NULL
"557b1bec650e18850a78ddb5a6783b6b5f087da8","flac",NULL
"c66febdb7e45dbb4efbc4acb09687a2497f41f39","flac",NULL
"0eaf3c3ebbd7de774c7bd93765c3b2c256a6c3d3","flac",NULL
"689b1d7b6d9fc9bab4e1e98636afb7af2c10b4ea","flac",NULL
"4cb0720b9f01229eac20564f5535af3a17767f5f","flac",NULL
"91fb43bdbba70ed9dc946575bc5499c1e845afdf","flac",NULL
"f9684241da9926a3afd845ab2f69797def959ca2","flac",NULL
"df513d19414c22c6024c777f0739608bf7f3a613","flac",NULL
"1dce8552911ff5e357504f03dff193fcc38652c8","flac",NULL
"4d8184275aa1c7c75da9f737600b12f9ab7bdd29","flac",NULL
"db6c77391b28a7ba39e25a403f538577448b5a55","flac",NULL
"2649527984fe6a230b9fc09ad3bd626cb0368e57","flac",NULL
"323c78b5b6173944635f5dadd6ccd6ea98e1f17d","flac",NULL
"1217c5ef6cd034c0fcc76732bacb9128dbeb032b","flac",NULL
"d45f612d023c0d56c9fa2dabeddc7336d9c542d9","flac",NULL
"38b38dae660bddd6bf1d2121dcad3a96e6d3e453","flac",NULL
"a631b49c89ad465d6b022acafcec9b88d88d78dd","flac",NULL
"c1c0ed3d18064130fb3b0775b9140e225ee8af86","flac",NULL
"8d2bec4f50dbe27db475ebe3a3b6432d72088dc3","flac",NULL
"f6ddde4473dfa31d15b2eedb489fc8a61f7bb070","flac",NULL
"3faf4eaf1c9aa987629e3ee97ba8fd7d8827d7fd","flac",NULL
"420fbcb802f93ae92d66323fd96f40ea4b928c20","flac",NULL
"480e2f0453da306821a76d8456398ca7a91e65aa","flac",NULL
"0afe1f760cf3d40c8bccfb5463a893b785fe5bfe","flac",NULL
"07c01889056148abdcfbda76868e7af814368ac9","flac",NULL
"c2369d9fa7f6713610c8b7367f81912503ed7a92","flac",NULL
"653386847fd6316aec7f390081da75c20573682f","flac",NULL
"08ddc48b47f3f856d71a6cd8009861feafa25e07","flac",NULL
"b77993014a27a8bf3fcf6c70dcf01755536a9fb9","flac",NULL
"9c3e2c1e6f713045db74831cde65bbf5f9d3e7f9","flac",NULL
"a66220678f0a8153d64a47ca3cb1eb81ba26fc1f","flac",NULL
"6a848b2101cf7995a3f16b05fe35dd88b27bcc14","flac",NULL
"fca85527a83a3e3990eb87222200de754cd0802b","flac",NULL
"139df3c532464018f9efcbad240eec2ff68f5a99","flac",NULL
"da31b19306cb6d5145118548dd91af32d479de07","flac",NULL
"40d2525ec65e860eed568b988ca099a729454f41","flac",NULL
"0d764bd7859e85764a9b90d30b00b84aa8f8cc6d","flac",NULL
"cffdcad3c13536269153a6c4336a033cc0d5252d","flac",NULL
"35e9fdd47d05ee17cfaf970328618e9535ca3a15","flac",NULL
"6f09dfa22a47e61f1b21d7126243c1faef0208f1","flac",NULL
"cafd4acb7e145a7637d071ad7baec0f9ada8ab2d","flac",NULL
"f03597f81d866d89bdac855297a9590907cd8ad2","flac",NULL
"015df6868fd56382c676f60e563161bc2ea4f209","flac",NULL
"84c66a5ced7751e4db8d6ebe8c0e18fd5d0a5a7c","flac",NULL
"e36ba4ad7a31a2a69d6a2454a4dc1e999b77432a","flac",NULL
"d5f999a0348f30050c7648e94a58d012e376deb1","flac",NULL
"1237a9955f53c6d7b6af0e1ef079159c3f3df30c","flac",NULL
"b4d9c4b64eb0bff4d924b991832740920de4ba20","flac",NULL
"452781bf63eeeb658e61fb2a728183b87131502e","flac",NULL
"66373078d32b74965af24e56edc73bc01b6bc823","flac",NULL
"74aa6c35fa35759e0da0cf60f570f1f70a3e12f5","flac",NULL
"51f115cba83f5277874166bcec2d93bc76ca18d6","flac",NULL
"c61fd4c4f9301128a2d74ca7f803c9b5e20a93d0","flac",NULL
"46d6c35abd8654d9ee2636d37095a0a7ce59cfc8","flac",NULL
"5d3f9161e113923e315b05e1ebda4badb5615c11","flac",NULL
"cc04dc473d82213abd4460f725775e15cd3575eb","flac",NULL
"2f960f1b6904db6676e70823c4a26fdd7b8f7e13","flac",NULL
"7d1f13c0436a2d82e19b316623f0ea5925e29ffa","flac",NULL
"3e72312c6b0efa1feb5b20b1d0f416e5e8a1d48d","flac",NULL
"8ed2041dce3a9c8aea4587c010a2c0d12b708fd7","flac",NULL
"79398a5c1a202ce639d3f52649c398471efc48f5","flac",NULL
"3d7e5908a857cb2423bab5371ed3ef6f8eb4b849","flac",NULL
"725673fb89a1a8ec5f406959c8006d8bba294af5","flac",NULL
"87314479bfe11d1e9953671f9aa686e9991fa8d3","flac",NULL
"92d42ae2fe4b59863360c83dcf880ed2c36138f3","flac",NULL
"8a79ebe6d182a0670dc821dd4d275c6ab3c172f8","flac",NULL
"2db9739ca69dcf4e54438569a072d81a73defd03","flac",NULL
"385435205cba56ae3158a6e5fcbc80e2fc4c4211","flac",NULL
"65e7a903d861991c9d0718dba0f6d0a396e7b4ff","flac",NULL
"b0d32376866dfecc0b31f1eb00c2b673a12e4d95","flac",NULL
"0c2f7865c9b5ed185929ade0364946c6ecc4d255","flac",NULL
"78429504076247ea67b0092ceac42e3ba8565342","flac",NULL
"f2fe3f0e73cdbe400af4abc0f5dd0a08b7be2a81","flac",NULL
"d275674ecdb1a7db7cf2c2bd8e3319f03e0128e1","flac",NULL
"199eaef7ba41a2da81e337aa4db7703eaea5f14f","flac",NULL
"4e5a5cf2bc4d0aa6eca852622d6efd3a185bd8ea","flac",NULL
"6cda4481f12d1196710d6bbf334a228e2f95eaa9","flac",NULL
"217680a836458f6b527110eca7d1a2066dc13acb","flac",NULL
"a1492ac9f09b7224596ab752ad21da4152f8b9b8","flac",NULL
"0d22491ed0f4f23c724f558a5789ebd38e311ec0","flac",NULL
"b67b98e25acf117d34ab4c529d2c7e5d5124b1aa","flac",NULL
"01e3bd7e7c065dd43c187a09fdc0f25ae064e56a","flac",NULL
"8449686db1277262307962cd2bbb5c4d82b4ce80","flac",NULL
"9db041d5d05f93c92cd4b3dbc7a3f019b5530e5a","flac",NULL
"1aaa5beb6ee2579b29521f855b8200a5e46da223","flac",NULL
"56131b49073f8b46ba8babac0ad99e2dc8dd01f8","flac",NULL
"a1578dc5942829b48051e22348cb54de5ee3b909","flac",NULL
"ec771eaadb2d4b7f3c6d163aee9c71cbf62098d3","flac",NULL
"b48790722e3f3c16ff1685de808a472a79bb9efb","flac",NULL
"616f4025f262bb6a0af6248c6096e74d60052395","flac",NULL
"1c70a0aec4710da110de753517e9f781985feebe","flac",NULL
"9e39aee53aebc3ce3078c36d5bba18626e7440d9","flac",NULL
"4d272ee36009ae91a41e2a4add6e928f42b38a28","flac",NULL
"65af845dbed87bb40724ad97ea6b569a3919c182","flac",NULL
"fae11875f4b7fe11d83c90bbe9b8ebf82483c7b3","flac",NULL
"c41edac958f34bbc6054adc3ef33d6deacd818a9","flac",NULL
"c2f71b651695892f53ded1586801194adb72effb","flac",NULL
"c4fee30cf855427db35e9181af92179a7f14e8b2","flac",NULL
"3d339795c9ed836999522dce6ca01bfb28b5a317","flac",NULL
"5cc5ba38f36d5a62ee8fac801ac621ee634c0543","flac",NULL
"df81411875b79260e9f7532a484c21f020ee9ec9","flac",NULL
"cb713d1692cf6741ddcccbf424f7e954376e6c2c","flac",NULL
"68180bca503f803badbca864cbe6c3e37722eea4","flac",NULL
"4918728028a26774cc8a168dcbc622c5f416a9d0","flac",NULL
"47eb6e8357118acb4d73c6729f158c974dd0b010","flac",NULL
"bdea96498cf30ec6661be3961a0272f8752620b9","flac",NULL
"2453fd9c22b49ee99fec5c61fcd824876a6a0eac","flac",NULL
"2881085736c9f632d4be4c573d58805b7f7289fe","flac",NULL
"38afbd5936fc9278c90322db6c6b3e7802df0dcb","flac",NULL
"d259386a4411e5fac024bab2d456630fefb6b814","flac",NULL
"6d57e66b40ed5d7a9368c057bb013cd9f9ec7497","flac",NULL
"cabe3c3396ffcf16f28493c708d6bf2a8dfff898","flac",NULL
"d56ec9fde0bc8b391b1911173f961d0d5b17135d","flac",NULL
"ba86fdd7dfe5f49a8ea54ffd85bfce66bd875e5b","flac",NULL
"f0f43fc85d7c6e6d09cdc3c0d0ec7bf607741e83","flac",NULL
"bc66774fea0f316bc444cf2fe4194db0a7353e14","flac",NULL
"f70c3a2f46df3c2d555efc42230cf5fb6a5f5452","flac",NULL
"47d61b5ff2366d1c0f019c6dd56747d1e43e72f8","flac",NULL
"2d23042130d1553b0fcb1a51b1ad2da526a9bb0f","flac",NULL
"ba9165018c8b8cad7acf67aa141087ca71068d49","flac",NULL
"bc4179ee6a0f6c725343c9f198b3e7dc213d4484","flac",NULL
"986a3052e059e9e27270a418231bf7a52c27ea66","flac",NULL
"f4359ed618351a90ecebeb527868e69a08092811","flac",NULL
"8de349325a3b535aa83dbf4d3c0faa71983b1455","flac",NULL
"1e0a587374e3243e361637522c4c82cfda6a9180","flac",NULL
"4da30ebe3e3a07cd387f46f1cfbdbeb648488c00","flac",NULL
"7f33d7559356e74be603c25b67738948311f8844","flac",NULL
"afd8d9ae82a8bb5bceb5b0017d5f9c77ebd8a4d5","flac",NULL
"3b26bb5e1a4adcba3b37702db05a688ef58ff896","flac",NULL
"f6fafae6304803203f6dc3095c3036d817734675","flac",NULL
"b13017f488828c36f838032027dd3813f2b45b36","flac",NULL
"223745b023b1dbcd9b90d90b3837c60a23c1986e","flac",NULL
"42f49cab71c3e736cf702c48a78f9450c3cb274e","flac",NULL
"69831fbcf09dd1652e64b536d2ebebd2d83cef25","flac",NULL
"d0a31b636658cd4a8eb691a9227ddca601a85ffc","flac",NULL
"6e97290676c55d93eb61c462738777be61634081","flac",NULL
"3efa5f40bc621b0e87fb6ac7ac10f2c2ceff1242","flac",NULL
"2b44a6bf61064acefdd72e2b0af53a6022204cb2","flac",NULL
"b08065da5617cbf99c1a031622e407d33c56afd8","flac",NULL
"661d8de6c71290842f7d8cd8f58014ca930d1d65","flac",NULL
"66f86a5066a3f6ef6d249f949437ad704e2ef6b1","flac",NULL
"dcf0aab6d6664682db4463d4c7e6cba7fa5f4520","flac",NULL
"4311064ab2c435020b0ab1da6ef738085b0f6eca","flac",NULL
"a547866006644866a8de74c02bf959014a12b9ab","flac",NULL
"e1bb4247a2011490fe4d9f34fec4efb7f6dc25c4","flac",NULL
"4def1e59189a850694592f301bdfc415210a79c4","flac",NULL
"850de6dd4b02517e9f5993ab1c03eb20a403b06c","flac",NULL
"0963809388ebd0d54ea5089a42039bab5a1e1b1b","flac",NULL
"d0a30ec2c51ad33487b9685df0128896bfb6212a","flac",NULL
"132cc8b386b4f2a7b8730b41238e69e2a42d1943","flac",NULL
"2de4ad30fea1a4b5efcfbd4c3c5be1d534fb5cba","flac",NULL
"f50d4575c8f5d272445c6448912c8e3afc0f92f7","flac",NULL
"0f9ed7a98735761f1950f41764f967c37eae4855","flac",NULL
"d33078df8fef1ed8575686d603f03c6b56db05ae","flac",NULL
"39809525ec62d7b4d237cb4d6848e2049d76a20c","flac",NULL
"a886be835c91af2e0192c3edba6447c68124e267","flac",NULL
"86b2830f540ddf82efd94a925ba90ebaf3e1a586","flac",NULL
"0c702191131da3d6b8af883bbb256213a53f8a85","flac",NULL
"646de97882d16b458b5d4f9ca07c8216e87bead9","flac",NULL
"2be094e5ccd499968ced3146eb9a1465ef2c6d2a","flac",NULL
"d203c725a91c536359f181dbf555b57da9d90f1a","flac",NULL
"3a88bed6a7220deda33f1911035f87d128ba06ea","flac",NULL
"12e9b442b87ee44e299cd76e525accbd559aa9cf","flac",NULL
"23677fc40c22c0cfc3e8ab2cef7cb01605176072","flac",NULL
"d1f30d4815f50ec8761050fd0b28f0a5d2237594","flac",NULL
"18740499a67ca7e64291e43cbdb0c0744afe2db0","flac",NULL
"2f25d95d6723e29f8c7b0173ddd437b5869cf25b","flac",NULL
"77dab0935e64a18b51d6bd480d49e610d3972d5b","flac",NULL
"b594f3f2a69ef40d481208bf1cf3c4382c8f3c01","flac",NULL
"70426c099a5f451ed476d54282bb4df64ed3f977","flac",NULL
"6925b1a5a30834809ef236d3ccc2ed0f0ac6eda4","flac",NULL
"6f317c4373aa3a427aea5cc1eafcbffc4425de6f","flac",NULL
"751d7e8c6b5cad35e04d1d10537376959df4b873","flac",NULL
"3692e5fb2e095060158a46cec048139651b6a9db","flac",NULL
"9285289563a08c797163635dbaf76e8b2e4e76ad","flac",NULL
"8b9e1be8ed31b36fa1a342a89dc2b7d684b6477b","flac",NULL
"fe031092e2e6dc069a194d5defdab143c9040d82","flac",NULL
"9a6ea2e4b59d2fcf543f01a21260c19ac1397528","flac",NULL
"fa1c679577295cd66c13ad965ddb803c03b2b2be","flac",NULL
"3b810300f5f6f249bedc174204a5eb78c40204de","flac",NULL
"66cd47b515c9a9080c3dfcfdc6a99cbcd9a7b21a","flac",NULL
"6b6864bd9a749986c4445ceb91b4d8debd63ce28","flac",NULL
"761188315c1bf11fb99976dbe146af34748d28d1","flac",NULL
"e5fa23a34500687b3e8ba4e2dbff5023929ce47b","flac",NULL
"2193bf9848f990c31cebd7b14c45693aab4f40ce","flac",NULL
"841511525eda264c6fb3c62d7c65be8060802f59","flac",NULL
"26acc526791baba2a2f6a72bf32e77f2d263ff22","flac",NULL
"e3f9a0daa03689dc16f8cbd4fef66293a0aa827d","flac",NULL
"322f494d1df69513d7edbf82d29c0f294821eb9c","flac",NULL
"393f147bbb1edf979199451e5e7021e6cb08a768","flac",NULL
"41edd7c90d23cb2373589ee69047925fdfcd18da","flac",NULL
"be7cf89bdcc3909622816232b32462ff21b89c38","flac",NULL
"94055e32e7d2f94eaae9a1157644d3218edc6aef","flac",NULL
"fb40b204942dce772fc8682536aab643becb7268","flac",NULL
"ec8b9aa06b05e8f6138213fc963d4c2100f165b5","flac",NULL
"0d98572b4b4acb2aef8e432e721e234c139cfcc8","flac",NULL
"e9f3acb6a9b246f3c89cff60ab670056b46be205","flac",NULL
"ebf981ffddf5e5ea1ccb0bbcc40a93401177e806","flac",NULL
"8f4702a2bae46a1ce03ad8035bc1a38f296ecc77","flac",NULL
"2e991a984b06fd3d0bf63656b0458be24e59d07a","flac",NULL
"ec48c15ebec50907371104aface4b70db4eaeebe","flac",NULL
"aadebbc4cb57fc2859a93e4e41314cda618d3cd5","flac",NULL
"e2eeb7cb6b8ed7a4eaba22a26c5edd8951272f09","flac",NULL
"3801f39e23ae9a7ad1469adc82d6c9ec6fe6484b","flac",NULL
"5712ad7ccf3038880e445b57df21ab801d283380","flac",NULL
"7a63ad511d74fc7ad130ac3c5735d0713b5367e5","flac",NULL
"95781f09a7af7105a31fd19719b58d5675b809e2","flac",NULL
"f7510fd551824c9719e79d96c8b402d33e4708fb","flac",NULL
"fb09b5c5faabe461be73edc940b52b35472ae6a3","flac",NULL
"9555b472710425aea0043a0a9a334773073e02bf","flac",NULL
"e33884410212c1aab9911236df7568d8cd7bb33c","flac",NULL
"ba707e09766847d3387e9c7602aee7a6cec9aaaf","flac",NULL
"41b1294e7f670f0a3cab33d16579e9746b622206","flac",NULL
"0269cbcf5704f86d3d787abcc2b8e21264393daa","flac",NULL
"83b3ea6f77db549a42349914116fdec51c59f31f","flac",NULL
"f34ef746d197790dd4702aa1f0d15c4ee7dd52d8","flac",NULL
"00b0585d5cc3197abc2cf9d890a1b29625d40658","flac",NULL
"bce05b231c28f205c8c5cc9ceb9447a15ab30abc","flac",NULL
"35cff8d8dbe246943600cd37808ba2a38b8fc06b","flac",NULL
"46091b427f2000dddf9ec58e3a56044ff73e2a3e","flac",NULL
"f4fc552ea02e84a81a86fab95785e04abd109174","flac",NULL
"08d72bf65613ba24d2296961af7c3a794edd4748","flac",NULL
"53c3f9ff45013fde103e7075f7d32949a0c30c2e","flac",NULL
"b3e800d3ee3f68bc3795cbf3fe48b2b0376e7eb4","flac",NULL
"774ec41e9605fc6ac886ed5c8d63c54c70c26400","flac",NULL
"ce74fb5f6fde262f521e21c98a0d12bfdf900b08","flac",NULL
"51003c83888d5a634086ef97e316f38191e71c9e","flac",NULL
"8136f8d30afde4d855f5d64be0433174d4273959","flac",NULL
"7389816746f493bc5ead9d097de463cf5b79d673","flac",NULL
"6953372ec68455e07b879a675a14e18b4d28bb5b","flac",NULL
"113ffc622270987306d86f34069fcbeed4c5613c","flac",NULL
"2319f82f567f52335f6040feae7bae121ce6d950","flac",NULL
"8823a1f3c1e2084d22e3ce2bfb079a612a444cd5","flac",NULL
"96a53c9a2f1bc83bcd965b54be4219c8be4efebf","flac",NULL
"492e1a85d6a7276f6dcf07bb1adb9c411387b2ae","flac",NULL
"9108d7f893ced1ce3c35bf90f3cc8deb297e0908","flac",NULL
"b80893cfd197b4594281f1aa18fb94eabf9dc878","flac",NULL
"b48fe61131d883ec06f3dfa83c0cf6fcf6626560","flac",NULL
"3249bc2a7aa0be1efe5b2f1115eb23c592186946","flac",NULL
"84c293bdc73c4881f68c72287a3e441e1ccd10c3","flac",NULL
"9fbf89d95c078e868d97983911c5ab5d971f2af9","flac",NULL
"d8d392b00dc9f3ebd01d3a71409e469e1ba38844","flac",NULL
"a05a51d572b9d11e3aeca2416b1b87331b1af8fa","flac",NULL
"fe4f207c3771c56582a741c87d81388f3db93177","flac",NULL
"aa4dcc00738acf335698601ec8c45c1d0594a149","flac",NULL
"fd59762c46e3284974253a68a39476211ee3e090","flac",NULL
"27516e25c1dc9100dfb479961d7f11aa075e9fee","flac",NULL
"5f5744865045d82710a3c1b42c83f6d102ddf767","flac",NULL
"e015c0ce439974a0ed20e5e2b767bb47a659bd02","flac",NULL
"2531f43febad79e747693f074dd438e54d99a1a7","flac",NULL
"f71b18348312b0b68895b90e3524c4283634e15f","flac",NULL
"c4696862e2e66ec6fa477b25928b332550444267","flac",NULL
"92ac16dd46f5ed80cc9f9bfac806a09f32c3098b","flac",NULL
"b8bbd7b6cc5f46a7a72909eb382ec79d23179893","flac",NULL
"b83fc08c15fa31071146b8052c1b67f7c179ca1e","flac",NULL
"a105d686859eea67672a5acdcb9b6c674c7deb14","flac",NULL
"c179eb2e41668f5e2d6c0c755ed3e1e816e65363","flac",NULL
"cf3cc274f8c4ba6d12e6b209224b6d5399e7f590","flac",NULL
"e6ccc72f35a9f079dbf60dd37bc64faad76759d6","flac",NULL
"fca4aa93280fc631b03216897b075a1f1ec75579","flac",NULL
"383086083d8ad214e9abbbf97250f2128c1b0d52","flac",NULL
"8723377b6bad10eb83ef803a263ce02d526c1391","flac",NULL
"bd5e1ad8ccae91ff5a3b4231962790f8ce38aff3","flac",NULL
"acb3321045b184b25ac96de0c6ca7b748d6a27c0","flac",NULL
"5878959f3ab1e8fd13132c0e4af1ffc085e9cba7","flac",NULL
"92e328e8b88e81130a6427e95f8c925df5a5da3c","flac",NULL
"07c0aa690c71768a24702c6295fc814834b01d5c","flac",NULL
"2cdfd6e6cdf523c0348223d57c7d0f43b255b466","flac",NULL
"d6b2a7f3a4b785b7799ef676e409c169928a9d19","flac",NULL
"bc342438cd1cdb92a3999f90336192b78181ba3a","flac",NULL
"a660717d5f46577f780ddb1e702ade92092253bd","flac",NULL
"9a45a594e305f9e03ad5297ccacdf30fdef6ee92","flac",NULL
"6e81d3d461ff647e1ccc09c5129076165bd92487","flac",NULL
"cfebde7732ad18d1fbbfe889a5604a92c0afbf65","flac",NULL
"2b68471a093e9b952dd4e9249b9f593aac65f02f","flac",NULL
"5f434599d6be4847ba835857d2133a9b75730167","flac",NULL
"7f0ba8aca3589b5f6d5152c7d43bf339dcb757d8","flac",NULL
"5f3be04879b93ee923344e4a0f9011717a078403","flac",NULL
"e8a767934fc4cc7577245a8c3fe7724df881f803","flac",NULL
"da2113581d2ec7bb881924f1f1dfe66bd819d3aa","flac",NULL
"c16e06d652c8251c38de08b8a39824d5e63517d5","flac",NULL
"43ca2ef443072ef0e8d12b15b957465d7e0b8cf7","flac",NULL
"50df8bdc6c85cf580fe729667f911dd7b39d9f2f","flac",NULL
"8d38bdbfb1019320f5dea4f8723c998740896e91","flac",NULL
"99c645ce4a909d6d5b901ad349a5ee0489a3d015","flac",NULL
"abe7034b6b25b496e825e211db0b0487e6eff5ae","flac",NULL
"22870a181d512b3bd56ae2c0539d4673e10b0351","flac",NULL
"5c2ef9c6234cc3e60b2bca7830813cb7f1a4f7f9","flac",NULL
"0a231a418233829b2edbe538598f81989c333e87","flac",NULL
"017eae03fba8906f72e81ca6a48ea84f06a3c7a9","flac",NULL
"2c853d94c1158226284e2248985b5d02a256dbdf","flac",NULL
"57af56362dd0961d4b6f180e1695be8bf404689d","flac",NULL
"b98e84fc08e2bd69e5553a1638de9f58a06f52bf","flac",NULL
"1080c6731c55144a0fdf349353b7a95c43a18076","flac",NULL
"21c68f7dbe1dd4f5b03ea53da64492d9ef38aa30","flac",NULL
"3bcedc64e7816e8d10e4b5dacf8e9efd053dbada","flac",NULL
"c9078bec0a073633d41b582b953065ccafeae9a2","flac",NULL
"77b121ee9dbdca4d3df39c739b46e981ab6ad01e","flac",NULL
"58e4ebe4bbaef75b231fd82f68c5e9d8aeff8c0f","flac",NULL
"1d1a09407d7f6d816127447697d2d17680b22f52","flac",NULL
"1b82f47f8e48e1e6352ed796ca60ec525cd0ed39","flac",NULL
"fc64ada7b97f167114d2bca86c49a56e9bc5c8b6","flac",NULL
"9382a0e854cbfe4acb2f5ef5cfeea89768b1ac73","flac",NULL
"6c34490d10f5a8c7e9493b07df984a8544b42de8","flac",NULL
"0c739cc182e3de74d6328ffb8fcb2e9a987833a4","flac",NULL
"133a10603b01735dcf923d9d425efdc491de8493","flac",NULL
"564fba5647858a61b9b8e0461f8c8203608ffdc4","flac",NULL
"bbc9be15199d9aaa0ac0c7e751c05c44b8e930b3","flac",NULL
"7dd305f1b0ead7f906c6db8630da2a33b9e0e274","flac",NULL
"ca2555571fd0130d3abd5b0a6794307ae38b1d1e","flac",NULL
"48b703448a22787d7d6f87f699e1bf98a099b041","flac",NULL
"239b52549925bd3620e2d978c6146cf0d2bff62f","flac",NULL
"c30e358d66b1d9481f500528b9a6e0246963aa45","flac",NULL
"d110fabc824068dc239507c17a60a200639c67f4","flac",NULL
"383442237ae533f4eb581b6b7103eb3f9bbff032","flac",NULL
"b64c819d1b21c4fc7629dd55280c665f9c270ce4","flac",NULL
"5f2d935b8925b1c3afc81aa90386e2d90d0539d8","flac",NULL
"275e8e9df95ce914272938974697f132be473e60","flac",NULL
"f49548fe0fec6c31ed347a055bbc7c2b5a2d63e0","flac",NULL
"657e131def11455e221f5f0c4499a31ab5e1d8e8","flac",NULL
"8a912f9f7a479a47191c97fefa2a82a6b9bdd731","flac",NULL
"f407b0a5921048535bf9dba8ee44b20e91812dd2","flac",NULL
"f36e3a32a135682d5b52b03c6c69eb626b85f78e","flac",NULL
"674e95aaa868673f267c09539ac948e98222d4b6","flac",NULL
"5d68dc7528527dbf2091afea36ed3b35d0ea7d50","flac",NULL
"64e24030215ebcf5714136e1f25440458f4d1b55","flac",NULL
"d0210f8ed2568ac2393e780600b81311f2e903db","flac",NULL
"2045bb72d3880a512471004e28a6b93da596cc93","flac",NULL
"22cd9c62286bed8354543c1ebbb92f2a434822ce","flac",NULL
"a2050cb12401f1b3201da25af6f3fc85c621731b","flac",NULL
"5ee3414c07040ccccfa5350c951c8769c468cecb","flac",NULL
"a273c07f5db6241a92e0154c17e213bb02265ea4","flac",NULL
"64e80d933ccedbb2b3341e1a188b75787ccafb5a","flac",NULL
"7f8c66eea4e27ae42660c31d47e36bb855b3a3b4","flac",NULL
"1d8e9d0c4a06418ca418283f22d8eaaef4e680c5","flac",NULL
"24b390e61d2c237476ab5f2ca1c537e404945c2e","flac",NULL
"12d1bcd36be5cc9b299bdaaa4edc240626e926c6","flac",NULL
"f4650c06531eb2eadccd5b3dce48393e39ac65a9","flac",NULL
"f723f63c32c49e4bdee1783a252ef044c22882c2","flac",NULL
"7dcad64586d357fc184d18499a4797602fbb91c0","flac",NULL
"135bf5a8fee5905d42c2952fa51656a64f52b6ea","flac",NULL
"327e267dd1a65049dbea35a7a28e6c25b48d3670","flac",NULL
"9adecab81422a9cd320c254d917cd9b533b80c2a","flac",NULL
"a5a6c6ef1c58edc3aa1a1fdabaf3798ff4334b4c","flac",NULL
"5c49e617a156c1b06d66b9f873edcb2897bd56ef","flac",NULL
"082fa6921dd25d078991f47220a68572a289abeb","flac",NULL
"8c8c5621c15fd60ca9be4c5040afd44002bf67d0","flac",NULL
"055976e5c132a400c76b248899926f4a2a2d413e","flac",NULL
"3e346095ecb5428ec6e8b11c00f148cd9837e325","flac",NULL
"36b4e3567c11767e634f324ca888479c602ecf09","flac",NULL
"564701d17be05c0e9cdc5ffdb2f81dd5d9605344","flac",NULL
"8f11b3b4d248bcf50c9a23593c93a9fee86dfdcb","flac",NULL
"3088f4fcf785e5ddba63bbba0c47c0b271dbb1fa","flac",NULL
"a3b4026029f46e28c0de3d9769b3bb5180a1a3e9","flac",NULL
"b2a1383cbc73b94f799473d6aaa19d5d989a8a6b","flac",NULL
"9f960d78546d101d73d0c7261f3012c3c155f2de","flac",NULL
"6f97a843f8253996a4a2a64986980aaff59241a4","flac",NULL
"42ed464d836ad04ee1e272619f4234aea5e94379","flac",NULL
"87edca77c8b3e35eaf669bf7302cd553dd48ae38","flac",NULL
"d65406cdfc0a74acf53fd0615361e95fd350d76d","flac",NULL
"a42c78a680c236a2cad17a8be8308747b37dbe89","flac",NULL
"ab4e485de4b8fad88cc182ec2940e38be53d0c4e","flac",NULL
"4da555299fbefd6ffc0d4a702bd79025275fd046","flac",NULL
"b7b6c2b280cfe6d39846450a3225e7cff661ab65","flac",NULL
"2c130eadbc3fe0c70a8cbc6d1b88c8c82db66d1a","flac",NULL
"0e2daed8cec3d1e9ded671c085b66868d2971f16","flac",NULL
"f96b514786025c49bc07d7f81afafe62be2b1b30","flac",NULL
"7436856044ea0ad45a31190611555931636cb717","flac",NULL
"e492671a12b878eb264eb77bb92f6453df53d3ce","flac",NULL
"0126653c2c1a0bd86f906a87bddfa51fb3265de4","flac",NULL
"95ba11a28f1f9f1502dcdf48844673a0acc1477c","flac",NULL
"e408e62d6c2bf1433137ac49dfbffc22c302218c","flac",NULL
"269b5cd6ee749a1e13f68c79e56e15c941f297d0","flac",NULL
"436419dd194f51567b5f4b161739cd36f8be6169","flac",NULL
"728321f2610a678404220434aba64c7cce505b5f","flac",NULL
"9323c13b0c0bd7756257db5ad3509b5f25e57f4f","flac",NULL
"0a879f4a4f23111387c4a2f660d08f3ec2525155","flac",NULL
"2826527ecfdedbf98c49a1bb35f0c06dbe6f942d","flac",NULL
"6b634ec3df0f9b084b3a4be0332498795e441ca5","flac",NULL
"0fcd9678a6fbcc6045ec97ae07f93925dfbff303","flac",NULL
"6f373273de977c6663e72a7e0dc8fb5d0c626657","flac",NULL
"6b74adef7a1ece98bd0b191610b8918a00e95dac","flac",NULL
"6c314f6206f4f4db66584893ac3a04b9892bd2b5","flac",NULL
"48f20657bf56c6e04f5a43f212db2ba7cdb99d8f","flac",NULL
"b79408aa8bed9ed38c1fe2110a8ad5bf874220af","flac",NULL
"cc443f40cfc761679ac285b2caa8374573c78718","flac",NULL
"0ac8e8e3707f483a22bd29d7631eaee6b875866f","flac",NULL
"36f3f909d84238cf465b972cc4e5946b6eaef661","flac",NULL
"044f460f30a2fb3a6538637f8c4e764adca0b5fd","flac",NULL
"7bb4bdf8b102378199b11ded3f71a32a719b434b","flac",NULL
"04901ab0bb5c0e63d5617f8405fc7fc95a2322b1","flac",NULL
"100a0919b8ce5493354c5cdfb17572892a70cdc3","flac",NULL
"38de583154c32540a230cd2ed1c7483b2d3d958f","flac",NULL
"d71e41e9ffbd4f9aa2992ab953c74f39d260b48c","flac",NULL
"b3c4b0aa1f6d669768240f0acb383008c91a6411","flac",NULL
"767bebe0dbdd5fec4cbbc4ab82d994922687180c","flac",NULL
"619e98e7e26244c9d814419d482f3c3643938ce2","flac",NULL
"f2e6fe4ad4c4bbe3ea47bbbb8bc470560f634d9a","flac",NULL
"1952d0a47d8a063a87c81bb73bb7add2ab6f205f","flac",NULL
"fedcb4fcc18448f72dfc2368a88637f4471015a7","flac",NULL
"d3de3fd110a694b01909dd26287e6479b833ce44","flac",NULL
"cdd3640b16ea69b7690a735c4a5935ddd06f68bf","flac",NULL
"e51090bbbb0d1e843ec06e1033a55578fe66158a","flac",NULL
"655e0d25b2d175ed17905197d2fe6b00648f8911","flac",NULL
"fd974031cb1748836dfe3336982de2c2c9e66a89","flac",NULL
"22f4e16645c99b78febbae2206f06d54d79c1d60","flac",NULL
"bff9d1d34ee7827a28ab9c9e9e2ceeb69baac458","flac",NULL
"a3d32a3c32667571ab6d4a51dc801ccd0169d0c9","flac",NULL
"97893d107328bda03516f19cefb0284b86849449","flac",NULL
"da8e947815b3c26bb5bb7e9f8cfcb1e8577ad5de","flac",NULL
"e06b18f5f6fe1478b2c02fbf61f6931981434dff","flac",NULL
"cbf3f5114e2d2ad0363ab2867381a8bf0363ed11","flac",NULL
"e9c32e943fad1533750956275800d7725a401a05","flac",NULL
"e812bab29de1627724d5a193ea8232bdac167cd8","flac",NULL
"b4484b2da0d40dac6488871da02ec656b049c863","flac",NULL
"7690bad68f1521cecee9ad7239c8ae9197e402e6","flac",NULL
"f47ccd841729bd0c611316f3417985ff87ea0d53","flac",NULL
"a0ef8999f81f6cc227d35c6f0511d25801a734ff","flac",NULL
"32af4a802a6aae2ba26b60154677769b76553dc9","flac",NULL
"333259bc91b9956ebb84b643a700693dab700d1a","flac",NULL
"8365c697cbe4ac0300a2075f060ea59d7ba97d1d","flac",NULL
"fda54d65ae295723137936537b4340f691cf1a38","flac",NULL
"98c52b2bfb9b72bd77a107ab7d3de5d6de81eb46","flac",NULL
"9440df58d1762fba9bf07a11a461731b5bad6fa6","flac",NULL
"8fafcefa742da7b0032ca5930238ae226889a10e","flac",NULL
"9ae9fe938c477c61b33e47e33a129e88a0b5b9f2","flac",NULL
"ec7f90735b8ede3fb69de3fe581652da7b73938c","flac",NULL
"080908bd209939343d91181a8eeede49b98abc8e","flac",NULL
"ea29cd0d0cccce83a133c3de36b86269b269ae23","flac",NULL
"7ed92152646f072ac1f1e7230a8da90baafad7cb","flac",NULL
"65b7e439cae813ca9c48835800cf66994926746d","flac",NULL
"efc34a3811f016543cb1186fb1c7af5ee72c9944","flac",NULL
"38be585b004481217dbfecca9116ccccb0dba1e4","flac",NULL
"7d542778fa324198d228ae5efc91ce604cfdabb8","flac",NULL
"dcf3570168dcf67f233031481bbd2edec0216410","flac",NULL
"31db310516070ed0ae827906a7b98d2a89d94986","flac",NULL
"b0d2ec2da5e922b1915526591451517359de6588","flac",NULL
"c89ef1c82c29b60e4a7b9be8283f35407887a64c","flac",NULL
"d44803c26ac8801c72b18522664e9b55e92f4c0b","flac",NULL
"78bb0249dc49db1475d8bcfe6332c14dafcbbe8c","flac",NULL
"f35fa732001514236ff465e306068a69870009ba","flac",NULL
"aa557b3d8f4ecd4ddc6e15828556fce6e0aab616","flac",NULL
"31a9298b043e881bce911468c52d9de4586a0e02","flac",NULL
"ca4faa14ed51abf9323ab65af20d26234d0980f1","flac",NULL
"1d9bedf9995ab7ea694a9d3ec2e6ccddac00fc52","flac",NULL
"4840ef8ea4d3543cfbd8759eaae29e7b98d1f694","flac",NULL
"8b6f9cf3ad05387f1a6c348bf510d361ebe9cbe4","flac",NULL
"19a2e4a99abfad192e39030b2c01a1759d0dc42d","flac",NULL
"ed0a9c513f581a02238957972197fdc5644e8120","flac",NULL
"9e8d6734dbed92d2d1159f94d55fc2a7bb1f3fc2","flac",NULL
"f653d2534c88025efb75d19ab3a410b0cff0e63d","flac",NULL
"7860d92da00990cfb51fb47d65f276e8f1fe4b5c","flac",NULL
"11a18827f7a13a6a4e86ab71310477e2bc35af66","flac",NULL
"5e01a21af4f825fa6b1b7661df3fd79fea835133","flac",NULL
"efa9a92a9f1131b37bd32ca8018087086c402ec5","flac",NULL
"72ba89b0440b08359b7b0f1c6d90205faf2e1378","flac",NULL
"5886a6f18309f4809a2969c10829c3929270df6c","flac",NULL
"1e07646850ae580c453df70aca6bde6ad5dfbce6","flac",NULL
"c738fb0f770c8287486e159ed43923f278662649","flac",NULL
"208c6196912010ab50da8dc787593a94bd487285","flac",NULL
"5679a452b75375e4916d32005c6f4606ace3fa0a","flac",NULL
"91a34779dadb703e4ac092fb51a932847b1a6d52","flac",NULL
"838a6c65425600e079386bc62232220842faedee","flac",NULL
"47d6ab373aefb56dd1484c2c9dd6d3e36a4dcd5f","flac",NULL
"2046782e144272fe23cee7869f0f325404e2833d","flac",NULL
"dff9a7f19420970b154d73dbc062e8d45c04248c","flac",NULL
"52a45447b806f1d7e8fe54c1527821048013ce54","flac",NULL
"d7f5a48953b1b77eee3df16578100ae33cdf9ad0","flac",NULL
"19e4932076e5db4a51442c92e2f1057d5347ace4","flac",NULL
"1dfccdf4431f2d30738e89c3ee759eef27211474","flac",NULL
"baf11153fd9fcbcffdc4eac2f55da805ad2161aa","flac",NULL
"f366052dbe483786d73ec5a3ee03982548cc74a2","flac",NULL
"c0c7f2afdd17151d706405d60c20d3f7f3a6073e","flac",NULL
"59c67dfe098003ce19aa880b16e19e4f67bec7f5","flac",NULL
"009c6fcf680a0c17286aefae962c22e32a261b03","flac",NULL
"48a75c1aa71fdb4743817d31dca6146cf86b6382","flac",NULL
"670a559693f8b346797317c74e339c9be5ff7d6f","flac",NULL
"a959c3d1f6e99ac3589c00aeb1ce178a68b8923a","flac",NULL
"a7f2fdf748c09d7fc99f06c27e48c2eaddbfcdd9","flac",NULL
"ca691335727a42bed4eb7de2066f2d0027599e70","flac",NULL
"6e66e577f60fedf1a4587891dbf64a5b9a34aba0","flac",NULL
"8e075b241e645849b01d2945b1da44ffb14ceab7","flac",NULL
"d37f6deaf41c49d9a93605615eb461301eb4d2f3","flac",NULL
"75defd6b1689b4f304f857027d160113ff806edf","flac",NULL
"5210e1d2d69a00c4ac7cd81ee777db88488ac2ad","flac",NULL
"3403119ca66f4b00c9cd3e56cf8ffa1455381624","flac",NULL
"8a4caae516e7984dc4565c40117fba17e812eab8","flac",NULL
"b2a9f031d57c276305e499a35bd0bde80298d29a","flac",NULL
"5a78bddd8e3b36930d52c8e895a7b87b9bc8d4f7","flac",NULL
"38701ab1fd9f5996cdeef5a68c7897fc54a5e56d","flac",NULL
"da11c7037d3d0794e91ae5f7d41c11b630d482c1","flac",NULL
"d50131aea02137cc396fa4fa4bd56ed5d6b05fa4","flac",NULL
"f1e5fcf9d1b22bfdea3f31a45718aacd4d32b3e7","flac",NULL
"4cdf29e0f33f1b72ef3e9ca02afab1b8029899ad","flac",NULL
"bb440eae84a50fc2b2c8b0585f615c250512ff50","flac",NULL
"c7bdec60e26db9da8ade49e72b81e2a72ff38002","flac",NULL
"ead3023b1f61d4eed3241cce8a57ad89228745ff","flac",NULL
"1718914a29286b64ec07bb806029197c751a87b6","flac",NULL
"8ab4ee1d20a455c04f9ba11419c4a1a0550a4070","flac",NULL
"2d49e6e74dbd55bf2feda8fb290d4a2857fc1738","flac",NULL
"79f2ab2e27376764da9917681f97c70636063bfb","flac",NULL
"22b0ebef05546c43c59cd2396fe043415e165ffb","flac",NULL
"24927b61d6123728019279ba5ea6e7bb0b33b0e9","flac",NULL
"03f2e89f415131c24e874aafd2d3ff613f1a5e29","flac",NULL
"6140795ef289c19ff48b99770779b8b873db7373","flac",NULL
"464fd6bfa9bc4f80c98d039857bff3dbadadb7be","flac",NULL
"8b5dfbbff44c61a638f250454a97930956181a4a","flac",NULL
"553d6b655cb85f7f29d1af4292a6cccecc183de2","flac",NULL
"2ca39d83aeed412abd5a2715bf16e947706ba0e0","flac",NULL
"517eb7ddcf18ccefea9fd92e7b4e0a5194b351b1","flac",NULL
"f7deb5cf11a7918b711f6f40747458a86f45f001","flac",NULL
"dbadee7574375424f1bce19e512a9f74ab1909c7","flac",NULL
"50092c2b8ed9d798719d71ed6f8660b6e201c03f","flac",NULL
"ac37920ee73fab03899897fe018840a0257f7a1c","flac",NULL
"a6d78fbc39da9c309fa3af82c82d6848dca2e636","flac",NULL
"85b59c4427de982c3152b7fc130b79727623e281","flac",NULL
"c224a47c54f30225bd63db415b4858e85953a975","flac",NULL
"8b380bd19a4e1b7f73ef72c13d020ad625e315ff","flac",NULL
"11309111ffb3feb76c1aca89b668ae8496b12130","flac",NULL
"8aeada68e2b8ad663bfd5f04fbbe1faba8d54ded","flac",NULL
"24254f90ff4898254d46830fcf0dddce7bdf2b0d","flac",NULL
"76885057ddcc9195602ca5e6077974899c43ba8e","flac",NULL
"5d66b4a0d9629b15ae2842b79de4e8b0501c7180","flac",NULL
"a59e5ae0e7950282ee7cd2a4240e5b74eb3e6e64","flac",NULL
"51be613e24915f5a5d19a5ca8c8cd9fa38de7fc1","flac",NULL
"86b5caecf5305d54c73c0ef06fd2b3eddc4da800","flac",NULL
"7ffa98389a784fa1094d26384d17f0e560a473ec","flac",NULL
"20c609391961713dbbcba716f0fb40f5e0eb5b9e","flac",NULL
"bffb8c62ac369b14baff1fbba4da0ace1c657b40","flac",NULL
"b1095350340125cc67ae360d9f7632ed787f6c5f","flac",NULL
"09b5e5ba22dee04b16ef1f58b3719007e32149df","flac",NULL
"99903c0832a64eaba941bedca077fa9e4042d2ef","flac",NULL
"fd35398135a678d8bc4d7f254309326f66ee7119","flac",NULL
"428ad59e3f2f03eb0afb45c744229de7023cc638","flac",NULL
"c5558e2793b7084423547deeea51b766aaef0d67","flac",NULL
"d299e15d4c82dd5f4ff4762cb34ebd8c9c23d85f","flac",NULL
"4f2e9205a44fc46ad1113c2500918898adcbd24f","flac",NULL
"7de4ca3ff50930ff9de5a8eef4c43a02f7007dab","flac",NULL
"622ef4089b6e83f9e3036b02c7e9c8fa4c77ba5e","flac",NULL
"337e6c1e7ebcddd62d7a3d1cba354a9b890a9524","flac",NULL
"2e5b17cc4d4a90b160ce2296022629a4e7427d6f","flac",NULL
"c8627f9a68a9107f1478f414b3ccfe7622a6c974","flac",NULL
"76388c52baee2c5836688c869c2eac2d6c14c4d4","flac",NULL
"4022721d81fabae56548a60d438ea64ee7cb2115","flac",NULL
"d537c7d21633c26307f3928ba92e6391b5904986","flac",NULL
"62d1ebcf1f0667f55847342663916f05c27aa6a8","flac",NULL
"71b10ba907c3733ea4b3f50c406ebfcba20db96c","flac",NULL
"1fb10e348cf532a0e32ef3f67433e481772515c0","flac",NULL
"a734a4cfba2094f7d732dd859460ef37dec2427b","flac",NULL
"76b59c4796723c1222ede806e869d7636f1ac7ce","flac",NULL
"ef5c8ad785b2b4d8de9c1630c8f39eaae043df72","flac",NULL
"f9bb30cd3290aaa42a349394c07ad252ee4b4f63","flac",NULL
"4ef804f1ff4e0bc84bfbdd8a060a4e88f3c79982","flac",NULL
"1a879d221625103f4e2a04d4f31b9266ab3802fa","flac",NULL
"5ce988243450bd1278ac0dd09daa01efd5fb3462","flac",NULL
"c7fe85742a2d5e3e0ec8bf7802dab9a158677f84","flac",NULL
"59e9726f4ecd1f07ed5b0e7428df8fca7d1e8259","flac",NULL
"09982240b5ecd04f517355bb2a3d317d9ffbc878","flac",NULL
"ac24ac13d84c4967a5584cd0aafd8fe35e8cf434","flac",NULL
"b0665cfa167bf4d20566c73dbff1928a79dbc822","flac",NULL
"f57617efb8fb1102ad2a426f3fad3ff7debc90dc","flac",NULL
"c67e191302e9357db5fd60e91c27ebf31f4cc234","flac",NULL
"f1945729a5c0d92860f3302324fa6f578cdac98d","flac",NULL
"1142f1b82d71451bba2db8a22cd117691b036f66","flac",NULL
"6a358cae1b4d2224297259912e3c9104d4cc5d39","flac",NULL
"ee217bc76771732512b2c5fe2a42ae045466c771","flac",NULL
"753f63bbd2eb68497e9626ef17ce5b3a84affc14","flac",NULL
"7c60a45c3b17ba00dd9087c95755f25b7a0f0115","flac",NULL
"e05fcf7dbb4e2463154ef4a9914418222fb8bd7f","flac",NULL
"b102b999cb16fd66fc99ccbef475621fe65cddae","flac",NULL
"c3715a7b961e79eb52feb84de8c6f949e5b92e94","flac",NULL
"ee5687dc2560d6664368f09d0ca24725117a1a6e","flac",NULL
"d6e2c1db64e30651bd54d50cea9544b2456453c3","flac",NULL
"79a7c029ba111d0c49315b2435cb9576630d84ae","flac",NULL
"837d7663336643124f3e1c86719638e83bbf05d9","flac",NULL
"aefde508afe20c13396231dfe59487c2545d9570","flac",NULL
"689fc2736667bc45c8174e609f46d839448136d4","flac",NULL
"a7ee24dcf1c97d6e9ac882503d315e05b77262da","flac",NULL
"f834ba9b5b5264f54cb2cabdb87fa2e1d52f5b3c","flac",NULL
"4adffa3e5cece715e975b53577ce49a7cd9e83cc","flac",NULL
"c7d7d275e8a9582cf7b0f428f86bbce2dbedadbe","flac",NULL
"7f0eaea48e5f701dd64a7514ae04ae9ad1c1e60b","flac",NULL
"de1874ed428c583ef7b906ee3a6e8892a0941483","flac",NULL
"2005da952f885fbc3678376e1ee617f25f1e5067","flac",NULL
"9ba50251612d43a0fa56fdaacc5bc74652898c29","flac",NULL
"88219f28512a565dbb8b2240270e49fe30249774","flac",NULL
"39314d7226b4be258fff4336977d3b90adb9986f","flac",NULL
"f043d1236a99dfff9fef81e2e6e5fdc7854eba72","flac",NULL
"bd51d9f9766d597c83715182aa5209c89bc21c99","flac",NULL
"0b45e5cd33c5bccc0bf10b05c8fa33aa03d62b24","flac",NULL
"60b2833f8b1e7737a260e93400d0ec72db8dccb0","flac",NULL
"6053bdd78f78ba5c9e35f97c824fbf542c60dbd0","flac",NULL
"b8cb840a10b04e32c3c0f42cb4eb6d8932e8c721","flac",NULL
"7e5ffa8b206268b5b6d226ed83657707969a0efc","flac",NULL
"f113f66ce529939be67041b647a61dd69f900eae","flac",NULL
"263b651b7bff1cfd9b10f0e5d0002979e4fb70dc","flac",NULL
"22577436cad664d3dc3444a01eb46a474f8b86bc","flac",NULL
"da525bdb956ffcd87860daf91ea2b003b85ca67d","flac",NULL
"c1846167a1324b59dceb15c67fe0923f2d5e1101","flac",NULL
"68a560cdd5af37db1d8b893a541c07c885080c12","flac",NULL
"2feafbb51d0debbf0b6af77878b23111712ffacf","flac",NULL
"f2d472073959401782bcbdfe7504b15241e9a8d6","flac",NULL
"d6c1082e4f4d7e6cceb67c04c526e38884210d9e","flac",NULL
"bb8152187ec1887958cd6d6d4b2e7e1c8548b2dc","flac",NULL
"14e7f0aeea90b91117b51f3b5ef1c1be273d2f63","flac",NULL
"3e18befd335faf67ef8f37c2877009b468adcb14","flac",NULL
"60fea6e3b11a79ff19ad400821ac0cc7893505ce","flac",NULL
"08f8cc9f4be5c72f5963f3b8df4de956bb3141e3","flac",NULL
"1ae82c236ad3b4d48d84f07e82ee5e46f3c0f3c2","flac",NULL
"f274e5220d49bbcea98a6e2cfffcd3b06f7733d0","flac",NULL
"791e20b9027ad8aa38c506b00654aacb1342d87e","flac",NULL
"39f6253ef10bc3cf32f16de8f44f3395fa5aad9f","flac",NULL
"dfd1ed3c590ecdedf1c0eb07caf253605c6f3040","flac",NULL
"c08f6070fc542e8240a740f30495c922506edaa8","flac",NULL
"31913faede81a83baafd88de0abf4d5ded754613","flac",NULL
"894c297444241e1aa8f0a6e84213165bf39f4a09","flac",NULL
"831b0ac54f90284e6e5d86285d37ac163c548ea3","flac",NULL
"5f6bd2b472c0fda2abf0cc1577dc35ec1a9c3887","flac",NULL
"5edfb1ebd85216c2a2fdf410a665831f4635adb4","flac",NULL
"372fd540fbf6feb8b7432754c088f544b1ffeb9d","flac",NULL
"829dea24fb633402b14f4daeadb114661002e8bc","flac",NULL
"106514ea9d3d47bd11c53a0899bfae9de253e4f3","flac",NULL
"dc405adf79660e8b06fde1f046a5ba5e7ed6196c","flac",NULL
"99c02b6b4fc2949bc6b4cf7699bb2dc720520e83","flac",NULL
"5f197815e0eb934cd2711cb510b9a2330e39156e","flac",NULL
"96dc859d4d8566b0c7f0272bb02e953eeb1e6408","flac",NULL
"adbd7c9ad25dd014e875d553880a5f0e9d699bc8","flac",NULL
"0726e65c292875672ddcb8ba5921113a3acdb61b","flac",NULL
"f95c1ed09eab899f27c61767b7cd32d494694763","flac",NULL
"dc3e1b248c2ca80ba95fb2615c53489279bc67fc","flac",NULL
"e10c19978f221cebd4e21d7aa804bb9b80291aaf","flac",NULL
"a72e7c0ed76c93c83e69c24d9daec5df0399247f","flac",NULL
"c4b48dbb8f7ecb0a7333a612778604ee9686a8bd","flac",NULL
"cffcfb3ccbf803e99c9389544043b143be5d8c75","flac",NULL
"1cbcc0757d503609817e814b8db40a126e40510b","flac",NULL
"2ad6df3e3393f54a924d7f2340c950b974e5f136","flac",NULL
"b6b3ca82edd3f7ae3d95546f55b0be1f696ace4f","flac",NULL
"f88d686a7d47546d6289b9f6e63ac8eff6d13c78","flac",NULL
"0120302f4cd3acf1d61ffeebebfc33ea8044a35e","flac",NULL
"91e2a4788e17c242a10c073cf310bea52afa7c1c","flac",NULL
"59c458883e048f9232dae412285a1cccbb9a0f8d","flac",NULL
"0da480ffc9202d6c74bf387d0821f18c9f1c601f","flac",NULL
"a12da5c490822b037e473306bd3b5cc2db17f109","flac",NULL
"b33db5a41787f6d676969fcb1b5dafd19499eb8d","flac",NULL
"67f4db58ab82887717a62a400ac3683c2abaae4d","flac",NULL
"0f46737ffb7ee9a50d7b7ba98e133d369e195099","flac",NULL
"ee20732a4dd2559bbd24adab95ec322e61b68177","flac",NULL
"adfbccad23eeffd9f2b0a52a4c95d592a1d1aca3","flac",NULL
"ebd2db722975f4d10f527616f74775953064bda7","flac",NULL
"d2ee88d218bd30da7caead636956febf45520d69","flac",NULL
"f0dec32ed3eb34d247e95b0968defda608e1ed2c","flac",NULL
"0a581e9de64c978420d7e6450d74d20bc1f5082a","flac",NULL
"c24ea1d74030baa679944270d05d0436176212e7","flac",NULL
"ac4f8b0fd8c4c239a0ac512ec302959209edaa7a","flac",NULL
"43f4881e8c9c38cf4899faa99814d9d98f053399","flac",NULL
"4902ba9ff29713102598c3730756a35ed7526a33","flac",NULL
"65d5bd7e5c4d8f1ceaa1de79b0925b92f2bec95c","flac",NULL
"5cd2171caebebbd778d7c46054a15395e0d1ea9c","flac",NULL
"c6daa9413bf0c3e43cca9a9b65f15e8c11a28197","flac",NULL
"83d1f8435e800c198257b637dba4074752c79f3b","flac",NULL
"5cb54ce17a8a3f98fa876457f855ec63ebaa9845","flac",NULL
"cef639cb7482738ab92326225c6e6603403981d6","flac",NULL
"54ce456bb910c373aa66ca9aff2238a16ef607b2","flac",NULL
"7f4f688a451a1cca10b9cb9188f7d574c4ce7dd3","flac",NULL
"be29ed02eb77b30f0bea679997329b5a338a0174","flac",NULL
"676b7ad95371b2ea4ef516bb1465aeaa0d8740d4","flac",NULL
"1fd38aa3b810675b184977128f7c898c4f4619e6","flac",NULL
"c63ae4c2f32b58ffcea68527460e568bb05dabe3","flac",NULL
"66c0f09adc56325e5ffb91ed40d73015ea6b2dbe","flac",NULL
"5731da9c0c7dc8cff61465339465a64e3a262552","flac",NULL
"55171b72e13ed9b7b47875dffa8290907e6b0f65","flac",NULL
"556e80567d74aabb9fc2eea8f7779f07b227522d","flac",NULL
"0c4efdbff8173b400dbab5828bda79646054d2bb","flac",NULL
"9522e9d12ef2de7dba0ca4465dd4b7f22476d14b","flac",NULL
"adfccc07499df85a8a7664d82c73b07f427d9219","flac",NULL
"53a0211af97a3546f9f9b12af272b561a60d947b","flac",NULL
"ff1236106142dc87dc93e7a78bf71939df30d00d","flac",NULL
"6a68aa77423dc2b0ca9d86df03aab7af89f1a2d9","flac",NULL
"3026cc529ebc572d99911f062619324db7abf9e6","flac",NULL
"e59e6c82dcf77f5e1dc141690e013f9aef1570b9","flac",NULL
"ed260bbc4d451d8e05e52b6d84671ee3ee67dd25","flac",NULL
"8e56ab6b24be6b48352dce74470442a540226757","flac",NULL
"c6897c2ea71587bf8193cc7591e80af78f94be36","flac",NULL
"0759764f3370def0787dbd0da5eae63c8c34e9e8","flac",NULL
"ed213f312047c69e0ddffac4578aee9e0cfd3165","flac",NULL
"d247a409559f39646aef6ad5572acc1b2aef12b4","flac",NULL
"debf459c10029dbfb8c42de533a58f050535196b","flac",NULL
"c9ae654c877ff398a4021204aae08a0b8b8ba10b","flac",NULL
"bd734a119329af0df5471f49802b37d31cc19ead","flac",NULL
"26cd948694c5356c2fb3cead20be58bfcc1419da","flac",NULL
"f077199b2ee01e839a75a3f230db67b3b96cf170","flac",NULL
"0219e45686538b06780d44fe9ddf54095ee3888d","flac",NULL
"9fb3f21331e9f5325025c84513e262e976ae4657","flac",NULL
"d35c27b833dd4dea3d3b6c24251f7637065e8270","flac",NULL
"7bfb0d7a671e1ba1b8a1a3e60f925164fa335b19","flac",NULL
"36b151381077c45ec3d7f8283a39b63172a50f4d","flac",NULL
"4e0aeda41198beb58bf863f5345b455e3141e426","flac",NULL
"d2d138cf7dce2de5ade310b684f9c03f98e3c79e","flac",NULL
"775aefb3ca83e61b31ff1a3b1cb1f6bf0d060ee9","flac",NULL
"58af740745fbe629215d0bcb668721bd6cb7be6d","flac",NULL
"0e11510691c0001834faab2f3f81b72de79dbd78","flac",NULL
"5fcdb3841037c760516475ad9c81945e521cf182","flac",NULL
"c48109f1f4fe111fa842c79ce4dd7728ba035b37","flac",NULL
"4b24faebeaca4c761d646f9e339fca148cfea43d","flac",NULL
"e028168058c19c87b0d838da8e60b64d4aa6da33","flac",NULL
"6a4475572c9fec8de81a8fd282d177d7328dbab7","flac",NULL
"8ada08b860d5ab0afc2c863c91adb2f2979274c1","flac",NULL
"6b27be6a1d175beb43d2bf7c3a5c58e71915009d","flac",NULL
"f1c0e63922d84b18a509cebf20d6c82ec712bac8","flac",NULL
"aabee1d926fb087d4d46af7bdcc2c288e7c85c81","flac",NULL
"24aaf7996c676baf9fba11e7f33e65675fbfe5c2","flac",NULL
"806af8dbee149963023ec56a651f13c220065eb1","flac",NULL
"4d50641cdd8481298dd573d35983f8e2521c239d","flac",NULL
"038840a6c9601316453c08db933311ac60646c19","flac",NULL
"ff9a929af1e4ebb73366e4ccfc56da36f9bd44cb","flac",NULL
"3f67c5341c7b2c40a0d0e4498966c3613361b647","flac",NULL
"f2a3838167f020456deb480913d624eb355f0a26","flac",NULL
"2b5ddc3e33d8efead1432f332225c44ac0579cd9","flac",NULL
"8c294c72629d0ce6968555a24fe5f55e566ba7d2","flac",NULL
"365e974acd1f404bc35d17764abbaed610d43a0e","flac",NULL
"e6070af703056b1cd7b7389dbd6516651660f48a","flac",NULL
"4d85839f5330696fce8f20f57d1551792a80f4bf","flac",NULL
"db0a9810d2b8c8441ebed4b0fa1d1ac1b6132961","flac",NULL
"428a25b0ee20f0e4b5b78d689d7420f64102a7e7","flac",NULL
"bebea7fff632dbacf12c9f3d670937ed139ba12d","flac",NULL
"f0d861347bb87d9fa4d7703c1533231279d69483","flac",NULL
"af0490a2e437208534c761952ce04902bd79f5e7","flac",NULL
"2fa019c670a37e1697320c8745c2cd0231f757b3","flac",NULL
"8d2deb3e991a14e981b09da9873d30da4fa4584d","flac",NULL
"37dd8f893b131860c2cb6b26b62a9b07b190b018","flac",NULL
"530eb6beb72232fbfff03b4d9b3658014e6e3b6f","flac",NULL
"8c39bcaa00256ac68840c3b1089b27fb54f5c9a2","flac",NULL
"a18f4474fa4b81a5ffc163ce8937892e799fcff2","flac",NULL
"60018124847cae0865184cc6b5058d7097591124","flac",NULL
"3490905c6a48ddc4c2cc730c083d11e203b831dd","flac",NULL
"4ad77501bb31b779eeed65f7985f1d613a6f91c0","flac",NULL
"656cd30ffeaa03c0e23df53872fbfa3622663eb1","flac",NULL
"6afd72af6687963649f963e6b2c279a2f27b32e7","flac",NULL
"05cd182d04162c693badaf0eba9ae9a13b2c3090","flac",NULL
"6517234c757a45e967995866300498831f4ff150","flac",NULL
"e0a6b4d3fdf2ed334458524add635c0c97d0d543","flac",NULL
"c0c25ac7462d99f6a8b63d515c0ec9b6c72cdac3","flac",NULL
"64e4d0e2caaddb800f9fede9c6490718a2ec4468","flac",NULL
"e70d3be2016fccc21612136b48d5cc0082adec86","flac",NULL
"5050719043ebedcc53935c8a5ebff5ecd809ed48","flac",NULL
"a2b62b9541a28a86eb0c9fd43459d306e362478a","flac",NULL
"c4d5ebd9026f60953062df094375cbfb8fce3ad4","flac",NULL
"bee90f0560fe82bb5c2bc573f3aa756d2f4482e4","flac",NULL
"07186562d712f0e1a9448bf7e31bf4c05ce8adde","flac",NULL
"a8cb2060855779bdbe74ebb35b1ac9b9b7e02248","flac",NULL
"532e4794f75acf65f9e7ba03aa204ee229eca813","flac",NULL
"3254d5ad061af8452fceda8f744e29efe8b1b95b","flac",NULL
"171476bd7160eff296ced02b9c1386787c54b35a","flac",NULL
"9cae740be66b7f4baba725524975d45063f85384","flac",NULL
"4c758ed693a89d1693a99d8276d6eeb132f28f3e","flac",NULL
"09625a12f009afc24d0c13c44150a1dc93d571c5","flac",NULL
"6eefc32358e62f9a1c90479a234ca0df09054acf","flac",NULL
"11eb317d2e9ef28dc533a3fe665a69c81c70d280","flac",NULL
"3309fdc9d52899d29934f5f94d635f22139137a1","flac",NULL
"3b51082cb9832bc2e2a39004b7d2a0680073df2e","flac",NULL
"7acfcffc488a8ad790d33f6a772cd5e05e36af73","flac",NULL
"eb72c18becdac958997d492a6fd143b2c608e555","flac",NULL
"99c00ea2143f9c847eec0811bc6d21e66052e59a","flac",NULL
"108b075eab3d697603f1f8da78f5e195b0191607","flac",NULL
"ca0c2b68370d0c493ae871cbcd1b5327991099cb","flac",NULL
"ab1285abce79aa541c4828166f6ffa96beff0835","flac",NULL
"5e98e0ec79064b17dad23756e138006151dfc189","flac",NULL
"81f0f918d2315b85348dbbe26585e0f5c9ee10cd","flac",NULL
"f44cfaaa07dcfad4eb4b203ea3b48a8146cf04b2","flac",NULL
"1e9739b7f9ef836ff596597c2acafba46f571aa9","flac",NULL
"23192e6798ffc2489008c984a76da0e4a4df8440","flac",NULL
"0afe7b80764d8686f9c3f3acc97afbee82a3e4bd","flac",NULL
"fef5a456241c3accbd692e85b15d810b58c3ed21","flac",NULL
"c64d698e639709d4a9f090d35748fc61c03ef4aa","flac",NULL
"c17650b9ca97c18683780e16dd4b0662ea0e2955","flac",NULL
"24dd992a82b7f15186c97cf28c2d33b1fcdabf17","flac",NULL
"0ad6241b181d913eb15c3ff8c0515ab852cf4d97","flac",NULL
"7e9f53aca491787f808c84c76aa28cdd64d3d710","flac",NULL
"d174dde9dccb01db9fbe04c44b5e3ab91d6448a3","flac",NULL
"c7233c7a7a5816c94e5d2b803b9e78df45a99191","flac",NULL
"efd4bbf974c0180fd3e216a4ce5f13f6e92af749","flac",NULL
"078d056927ea5390ba0ae4c7daaab99d5ff71e9e","flac",NULL
"10d40a713e8512febda24a173c1d075bded1fb73","flac",NULL
"c1fa786dbdc1c90df3aa35221e9442f10379bfbf","flac",NULL
"fba7fdac31887eca85f4c81aadf1f00b8619e7fe","flac",NULL
"81de42b48a8925a12f3091b6399edcbd9505d7b9","flac",NULL
"46527969885e020391880d38d126371f56b6080c","flac",NULL
"1c0a7cb6d11898ff7290a549ea1f78783fed8734","flac",NULL
"5e5ec2012fda362503df1c17e06a96891e136506","flac",NULL
"f5412ed505904fe28f81c80fcf9a97d8032d3ed2","flac",NULL
"daede1cc2e2193f7bc23fc2e97ca1f1241359e40","flac",NULL
"cbec02d8279b1fc9d9455ab9ef4869b77a5116de","flac",NULL
"39de5151440c2f91b9f06121320ebafaffda5359","flac",NULL
"10682f34ef1d0fb568e025012a167eadfd0baad4","flac",NULL
"347f4134ba3b3c307d7f22b7693dd877edc16e81","flac",NULL
"8e252893f090239257049363e7c6d605cee220bf","flac",NULL
"cb46765a94708efb68bb040e0340572a9d21a1b0","flac",NULL
"6517ab2fd1e09a2d962661ce8545c8d0de2d3cee","flac",NULL
"0d5e4efb35d6a8a4d3e0abe0eab296d26ba698cc","flac",NULL
"c7c6b43874df67949be81dd2edde6824b1754626","flac",NULL
"1eef97641b5f6432e381ce31904b07f3b55303ce","flac",NULL
"30b3e3b4f12b7b0e3c3c19858afa6ff4f16492f6","flac",NULL
"e8ef76291ee2d5cd4e562f1c3285cb615715f2e5","flac",NULL
"ffc2316fcd57fd1cb0dcf65d0e298a00b7ca5896","flac",NULL
"83c058143680663dfc884844467a3ff2f0c5036c","flac",NULL
"4144bccd61557482360681442eeecb2734c29fde","flac",NULL
"963a89676f54b652641af434c44ea01de6b41d82","flac",NULL
"59cdbb5bde6efa8bd8470ac1bac49a16d6030004","flac",NULL
"9aa35fdf3be0f453d6aa1a93c930895fc94d88be","flac",NULL
"56ede263899effb24c6c1e8a3e778a0b8ff3da2f","flac",NULL
"dd218d84c0b79680c2030756b0109a237740c1cb","flac",NULL
"693e7ed286182ed2409f4aaa7e3bf8a3f737babf","flac",NULL
"1c09fbfe0e4c6a02f249a8276d07ec4aa864bc16","flac",NULL
"c33586eeebcc2904a2e38878bab0b0bddf96297a","flac",NULL
"32b8adbd22066a34585f35a487c8134e8e819100","flac",NULL
"949db27468302f533bc53b695001f82955de10b4","flac",NULL
"aca46509a1852d2c06b6c83fce23d3e61086afbf","flac",NULL
"e698fc472b4d5238c367b4621e414b3226e40358","flac",NULL
"0cbecc1887505c40d09f92679600e4318fd00d39","flac",NULL
"1a8109533e38e79b5028e92d2ad1a4da5d56ff8d","flac",NULL
"8c3d8a85aa242521be07828b9f391fd1fe36cb2c","flac",NULL
"024cc20ee61ea3aa8a03eee548ddd566bb1c0f0d","flac",NULL
"f30b5e727e3d7c2fa5aa17cc2518952c49181af6","flac",NULL
"83903fb53e570d80cabafc41096c9bdb7e797f46","flac",NULL
"92c21e029619b78d6ae8967db0496833edd70c63","flac",NULL
"1004c01c29c2e7c4767225b88566ceaa438cdca0","flac",NULL
"38a38f395f12df1414adf0cd535ac8de7184cb7d","flac",NULL
"4707fb9baf359590979a2dfa63736e614dd5f2e0","flac",NULL
"c6fa3acdfb035c2ea599cdd00080dfac17902671","flac",NULL
"335e63e715e1cac340c74a3040d2e4b00aaff557","flac",NULL
"5dfd01ee7ec35025b3aa500f6c4a7c629a75c506","flac",NULL
"b2e15125078c06f9867d2e4b012bbe590ef84756","flac",NULL
"5637a9eebb7a09cdc292101ace9dd04c632335be","flac",NULL
"3d086c498115c9009d2019b413b0d333fa710627","flac",NULL
"8afd1731baf8747094a96188d157c2d534cec1d7","flac",NULL
"4484918075ccca7bb10a206aa01f24ce7c043473","flac",NULL
"6b71f3ea9bb4cbc67c19f508618df6e7146fa48b","flac",NULL
"56bd0859a18dc1154b830d21f46dd42c7e2d27a7","flac",NULL
"e042ed74214505e9781f89631c6b6edbdf969f0e","flac",NULL
"6f1d3e6160d4bdae569e6095304d2cae3f722543","flac",NULL
"6ac815ec0a0ed2478c9fe1dd08ab77d9ae19dcc1","flac",NULL
"c2b0a2bfe682c3eeeacd0f58847413a5396aa2fd","flac",NULL
"406d121cfdbc3f42ec1b9cdbf99c47f3111b5b6e","flac",NULL
"2d96b02dc402e1bbf4e75131970ba6954859f795","flac",NULL
"3468826a9a00f64eb9453fbce39de96e38b35b06","flac",NULL
"dd9971c3b1a13f991b47a8fb208d0bea6771e8b7","flac",NULL
"101936c9d0507337fc87368e5ce4232a0d84d4d7","flac",NULL
"c41a33245b87f8cf3bd17484b2b94d82672496f1","flac",NULL
"b1e47ab2e522d01dcb345a62ca11f8d52c151b8f","flac",NULL
"072c615a9119c75b5a34502037b19c4c68a6fbe4","flac",NULL
"1777b9ce18deade671055be322b990137a9306df","flac",NULL
"93462c7dad8bbae4601435aeb9c8e873af56e41f","flac",NULL
"6843590e47fb2c067a1e24c3a9e5a5ac463b0cfe","flac",NULL
"1e486715765430217001855897ca23d435e7f7ef","flac",NULL
"f85e81cde170717aedbb1f833e9d0823979a2802","flac",NULL
"ac4e12f64b0bfe4abb41de0cfe3642bd699bdaf1","flac",NULL
"7bae7e0a40f78e1ad6ee11e4bbd7a476965e941b","flac",NULL
"e9eaccb78bc45d57b09f7f14d2569564a09f7958","flac",NULL
"1e240978358b0bf621cd20651b99e1bc3d211f5e","flac",NULL
"511e9c827cac05244013d3a576d21400cf9d4d1a","flac",NULL
"fc89b3b0e0e75c424d3dfaa3f7fabab4b7a17aa7","flac",NULL
"331e6c4c71d85f6b6c83f814dea873700d6d4bb0","flac",NULL
"fa2ffb9affd805f89a2a7ab22a1b0d9fe335f2ba","flac",NULL
"2964f830c22bbf2111716965226b20c459e40a67","flac",NULL
"5842bc3bd9ed2ed6252438d91500941ded92293a","flac",NULL
"30a46660fde9af6a637b59471ed4d4893b45afda","flac",NULL
"1e01f49f1f999beeb4beb8f8c68dbb80d8ccda6a","flac",NULL
"db0b44067a94c2e5a308da22dcd772b3af3b1628","flac",NULL
"74d3695ecd4ffdd8118b41738f67aeed52639e2d","flac",NULL
"c8f459298ee30d5696a951ba7ccbe8476fe5b59a","flac",NULL
"b4a01697722475000c595272e3eb5e2a9515ae76","flac",NULL
"29e55dca31e3fe03f3547b9e8d6ee7515925d59c","flac",NULL
"14578184db4f3a4257d7f30a077826a07cc326e3","flac",NULL
"5a2e681720dfb4672f0721a2e62375b3a52ff887","flac",NULL
"c6cf34cc7b1350f7f697232e42254528b9ee3584","flac",NULL
"e6c79c742d7430cd030ff843f41789cc89e743df","flac",NULL
"036a6fb4054a4ec7ac2372545a34a177db7bd3d1","flac",NULL
"5d6297ec607037f480c55ded764db3011c4a824b","flac",NULL
"2979b0e85cb0c53bc93d44b925016eb27deabea1","flac",NULL
"90f74fee81e2a870732076b827808a43f60ce5b6","flac",NULL
"8afb5f90d5dd1633cf035b6a141e08d8e81f7e6c","flac",NULL
"8bd9a116776715ff27017410a265221699964c72","flac",NULL
"3123b1aa4553dae77b77ba8cbe75a06e3d4b3d8b","flac",NULL
"837c2aa81dd822e036d50eab4644f0f2fccea9ef","flac",NULL
"876785de5840aa420685748d5e2ebf76c993ad28","flac",NULL
"47398151acbbe9e7912bf2fa8e678bfd19abc69e","flac",NULL
"f0b858b80224bba2779bfac8dd053c276c9d81a5","flac",NULL
"d309cdef861a9f5a3fbfca308d45c5376185e9af","flac",NULL
"64432946d342516262826fea743666131611d123","flac",NULL
"932abc0b76ced3562e4c206eabba3f128c29f9c8","flac",NULL
"c6135fa416863dcd320494e392dec445e9e3a3a1","flac",NULL
"9c088aa4e7b99c3e97fbc816e2b8cd2f77f0f0ca","flac",NULL
"14ed2c2fa487707b7ca9ba00650049b220bec354","flac",NULL
"4fa61a25500f6b7e16882ca24fa5e49ab1bcb424","flac",NULL
"78b08b72eab198fc8c08705e4152a90303cb0809","flac",NULL
"013ec423b62eff52e240e2ad7ad3804e7b0eeaa8","flac",NULL
"7b3eb901982d317612f5de90399ef47a0e2957cb","flac",NULL
"55f92d43c9035656e20760a95ae8a6dbaa4f42f1","flac",NULL
"6265497b79a5e3025a514620df7206b43e0efee5","flac",NULL
"c1659a83c28d34e7090821004a6cd7b3af130539","flac",NULL
"ba6d8c54df660fe36abf75fe2826ea0a654f902c","flac",NULL
"d64bfb4de9c98e596fed2086231704e4758d441a","flac",NULL
"62f41ba2af930d03f8bbaa6cc63df57933064478","flac",NULL
"fdbda041edd27d9eb7ae8c7657b3d9faf57b86f3","flac",NULL
"f8f20342710c94200503a0bcb8c59923f12fd905","flac",NULL
"59c8d12633303f0ed1dc85996fe94a8ab98864cc","flac",NULL
"d9ebcb0aed5dec888212d1ed62fe14667900cffd","flac",NULL
"df8a6f1fa52def41080b9c9034c9be5d1282f87e","flac",NULL
"dbb8723d91d6e7387882d48abf3751455c124476","flac",NULL
"5b35d1455e4da6cdc247ec662c248063dd300674","flac",NULL
"94743b3f248b7cf1c50ad63be17f8f1239403ab0","flac",NULL
"f2202f6940183cca7cc1b74e643941a4cf5dcddc","flac",NULL
"aadc3e09b10eec02c194e016f4fb5bee8307d705","flac",NULL
"ab02f23c02b68b50648b85ccb7c5bf359b605540","flac",NULL
"e9fcfcd83372b3a4f268661db050019203aa8e04","flac",NULL
"7830414db127c839f775df9279e80af4bfe325fe","flac",NULL
"b41f80b01543674aba2fc25e20bf50c78b1197ca","flac",NULL
"b6b93f9eb29a4dddedec367b3dbaa52e1b4b8178","flac",NULL
"8a2f72568e712f994be761704b4b919b8ca304a9","flac",NULL
"2b86eb282c1c2db60a75839ea48bcb3941400ea0","flac",NULL
"bb3919d402455dd4f8ab9766b4dc414e49b3613e","flac",NULL
"b80308b4b64dbdd84b16e2001ce014b9c083b990","flac",NULL
"9f8454378f5c9a44b719096a3be5dfc542e43a69","flac",NULL
"f662c37b655c6a0a0c7df776ea412f5a7a8b2356","flac",NULL
"003dea2cb0cf5156203c10b2d5e6937e2b6a9289","flac",NULL
"581d98919a8eaa133c2e37e7a23834c28c6f9cbf","flac",NULL
"86374d70f5f40eb133c7a5cf4999df7966c19857","flac",NULL
"8a4b6855b55cbe4e21a61bffb3960298c6f9b720","flac",NULL
"128b9e4561c65e82f648cd8de26f8d734e5bc471","flac",NULL
"5ee027e7bdde6fff1d6d761aec8b77ec8d1b6817","flac",NULL
"5a97133843aa4ac6c72b0da44721d662128d5597","flac",NULL
"d25b6eea4397620ea94b5ee090cdddad2ae9045a","flac",NULL
"d6c64b020d66fb537048ecaec14b7288505672fd","flac",NULL
"a5e6db0df21be1f24f81da7abd685af2f3fa4f69","flac",NULL
"ea7fe610d05d43785238f9e05fee54c925c82433","flac",NULL
"09bef7299a0a2765ce8eb3efb97a59fdf024c65a","flac",NULL
"2d4af59608f69ea2073d03012606aa218f99f68b","flac",NULL
"53c01cb21be438b790c5dd196619389d60945a4a","flac",NULL
"f4d146c6683f522baf1031f5e9004ff86dd41cec","flac",NULL
"0732997af5b243d3366af86a2278073bd702c279","flac",NULL
"556343e21f9fba5b1a9306ba0f8f072a39651955","flac",NULL
"557e73b2086869aa144908e178c7e7b95551a1be","flac",NULL
"c66ded5419ea876a6e366136c99d4ec73518ed67","flac",NULL
"634fc82cbe50f2e5db1c9de05019cdcc1bd90899","flac",NULL
"16ddda21435b709188a953dd7cd8842216b5901c","flac",NULL
"06631bf9b04c1dd51efb9a06860ca4afdfea3a6e","flac",NULL
"2d8a323c3fa62e3faff93c56f4f8b760795eaba1","flac",NULL
"b331b009e8ea1e4fb8fe300a8a04a75ba660d442","flac",NULL
"5357448503a519039cf878172a4e66d388b2e00e","flac",NULL
"a84448bc6477ccaf3fb3940dac3b770d353751ad","flac",NULL
"9b4115b4ea7449e2b20d332011e59505e65281ee","flac",NULL
"5601e45b64ce2cd38c4b3609a1b67a58d8cb6806","flac",NULL
"29da89ef113c36cb368b6789ead97489d3339e82","flac",NULL
"084f466f21e097b361f2d690403ac09dac360a90","flac",NULL
"c948dbf427757c8cd20692048d1d65ae72ce08a9","flac",NULL
"c41548ea5fcfd61c771f467f91dcd177c546145c","flac",NULL
"983fa762a311e63339f3185d48e9c848282dc6e3","flac",NULL
"91d73d2154c3e0cec5c8846403993060b4f99530","flac",NULL
"05877db5c43898f93cffc60ae1218251b30c68ea","flac",NULL
"29463e0e75cc506015680c616430822f72ad0117","flac",NULL
"39f87ecb5cdcc0d643037b9f08c3344c169ee591","flac",NULL
"41a5e58a1f26c6389974f2404cf2ea02eed26e47","flac",NULL
"7428e9aa8294021e23c9a6254423d1002cc649f6","flac",NULL
"be58a00f9ad75a3f93fb421610cab337a46f9a38","flac",NULL
"8bfc6f35e5bc8c117d52f0c6f0169914b6359795","flac",NULL
"d292410fd918c3508eac6ec10decd89c489a4af7","flac",NULL
"fc087595b5bcf06ac5e79f08e4af429c57eb8778","flac",NULL
"169d9ddc29f31ddd1ab0a12a7e5b94a0177fff52","flac",NULL
"3eca078a988a698d32670613fab36f171b1ec7fd","flac",NULL
"936bb333f651a06c21056812ddb27ecf6b6acffc","flac",NULL
"e5cf049817555b6242b4450b891722309e24ae11","flac",NULL
"6dd8d053968fcb93f2ae6bb62a14a45b822ba8f4","flac",NULL
"89715dd34d9c389c94ff6e9821f1c6dbe2059696","flac",NULL
"0bc8d3412ce530512a0490a2ca46f92d5262fbae","flac",NULL
"0b7315e372e25514cf25189fa944ccd6681dffb1","flac",NULL
"7d57de5b5736a04fc2a6ef41962ef96def8eb88b","flac",NULL
"8d2ee28c4c97a54a9b04e167058234995be79363","flac",NULL
"9de74913b8bfb533b7613ad12b134e44121963f4","flac",NULL
"47a1accf5a6674eb8afa5ed53973b11723187983","flac",NULL
"f18b90495e5e897ecab126f78bcd8df4b916a739","flac",NULL
"421d4bf59f3bcc38aa4f4d6513c85cd4bd6e2b08","flac",NULL
"d33cd4c032d6d95d756714398f8e24eca43b6242","flac",NULL
"9c7bd37968b96cba63561bc9785489f8825ca904","flac",NULL
"e75a7eb413160f38657fe192c8ab0a1c7b307379","flac",NULL
"f620a01a2172a44c7f51af9a4745c142d03a45d2","flac",NULL
"2eb40f55d4cf2a7e6c63e5af6ab982dcabe4c7af","flac",NULL
"f8927ed302bec43a81f00e2a7ac4ac27d86f25bd","flac",NULL
"624aa6823791167dcb1f042563027763e4a169ff","flac",NULL
"eee6580e44cc479dbaad4012bcc9c294de981bae","flac",NULL
"4dc59576d790ecfb34f196d6f93ed41be7a7f992","flac",NULL
"222cc9e33b22ac6c2502ca42e94b88cd586247f4","flac",NULL
"39937bdeddbd6b9cccaae6847da3a95cde9e4a5c","flac",NULL
"deb87e87ac9cbd25f2cc4f6fa3f65d1044f73a2e","flac",NULL
"08c0117dda32f64efe67b7188bc86a78f85d9294","flac",NULL
"79e167953bcf58e58487cd8dd964ef5ef919fc03","flac",NULL
"dfaf1535636b94db2b323d235d1336412b5dbae5","flac",NULL
"52f819a887a8e5227a358c2270f6f45ea7d13745","flac",NULL
"56b7cb1672890bf8d9cd636b844bc802514df3b8","flac",NULL
"d4dd2171df20d8fe2cb921c6e6decf990e6bd72a","flac",NULL
"273d0a3e971ddc80f7b980f76b1f382d54dd84ac","flac",NULL
"5905f2e6fe68ed33fb421f0ee49f08b2920fada0","flac",NULL
"e8b1dfbdf736741014bf0ad8a9b7fa252524c0ef","flac",NULL
"94abcdcb2d15f2d1a9953ded5137bfbd329d3acb","flac",NULL
"a780b23ddd4aa8298eb616b12e9d22275912545e","flac",NULL
"4678ee1354363b5c78fc9ebaf2681fd31ee75233","flac",NULL
"c3db74a1727aac487c48ca56b4201b76badf3649","flac",NULL
"60b77516926215f4271e0dfc52d579eeff7ef199","flac",NULL
"8f3f2f2de687e24c399b2356b5c0d641b9418d81","flac",NULL
"83cbc89ce0256839321ee422bb7484aa388d99e1","flac",NULL
"fe148a282a625e5932213a681e73c156e6c50b12","flac",NULL
"304b5b6b56d67e4fbc61710ec6b858051c169aae","flac",NULL
"fd6ff9770c7622839e0dc2caa7f0ae56c1177005","flac",NULL
"ba19fc3c26a8bae66f34d3d14edc4b007d666706","flac",NULL
"983f3a30373b5476a9a815fa4443a26652eb53dc","flac",NULL
"f4105d0e2672f5460baa97c05309543a9a74f7fc","flac",NULL
"e0a0c3d52dc1ea808ed3c0d3004ab582e1aa58bb","flac",NULL
"d0c6575d3e937f5cee8dcdf69758fe5b214e4021","flac",NULL
"0a455ab56b1b41fc372d9380375e75418e921bfd","flac",NULL
"f30077148a5df125aa92f852ef59d723a806b135","flac",NULL
"3ee9aa6340577347c4b1ecf53ab99dda7be845bf","flac",NULL
"ecfecbb1302b3483b55edc197a7f9fde91c83233","flac",NULL
"706da79826f7841426cf72ee7625b6d217f7326f","flac",NULL
"82665460437afa98f0605e11713c7fc43fc88b43","flac",NULL
"ad643f145f64763f6619d2b34cbd6213243c60c8","flac",NULL
"4052b52c654da23f35e9417faad26fe71555e870","flac",NULL
"beaf417417770ba95f61981374c1341ff07366f1","flac",NULL
"ccbabc3c53721c1ea3b29e083912fc3072917314","flac",NULL
"0aeb497c34a0a893acee3a4bc49e2c9eb7f05af9","flac",NULL
"0235c23cb12092efe195d44e0135ae492c0f8a25","flac",NULL
"a3264fd301628205169d888e7327b0471c415c34","flac",NULL
"20935a5123c7bbd19c7c79b4cacf1573a9be2926","flac",NULL
"c3dcd1c4cdc8a803a7de507eba9bee5353c91129","flac",NULL
"48203b470846c6c83e1fcf70081e2cf5d063aec7","flac",NULL
"6e316e4ccbca4b3218e4980781517dc3de2cb2a8","flac",NULL
"a18837aade520cac94cf08115fdd6cbc4743e571","flac",NULL
"387be636b9180d14271b4b5adf94bd4f8f1db2b7","flac",NULL
"6a56cdbf907861cd236dc18e47bf15c0885c5abd","flac",NULL
"2c95b0f6ead7a62ababbc6f6cc0e87630c4a9a7e","flac",NULL
"c4f5d15574789520a910f2d021bc1a197f31ee7c","flac",NULL
"9821c2bcc94d9c8ee46b84313f83fab0516db990","flac",NULL
"4e6107c9b62aa00335ce29eae9c0513be2293025","flac",NULL
"b88b3e1f628233a8b015017b55275f1647fbfe2c","flac",NULL
"dbe7f16034a25b53c2c438372834b3e03a2c0111","flac",NULL
"f1648879cb0b4807dd676dd8481a8e6c18ab230f","flac",NULL
"e910a9498492521528768d470359f037c746274b","flac",NULL
"1dfc3064d8337cc8ee6b0192b46ca6d97a0db7c5","flac",NULL
"3a8fd7635613a416d4f7757ba2baa4b4406fd022","flac",NULL
"b1d3dc9b652166fa8b45c6c06dda78a61863287e","flac",NULL
"dd2ed7d488bb358ba3d88d0ff56a392e02632f75","flac",NULL
"11d2f6c7dabe79ffd67174289d519abee08488e5","flac",NULL
"df3d068fd7bd500f37b75f9426c6b5bb9af52219","flac",NULL
"4b46c288ae8126cb131b9b10ef1c6ce786ed4fef","flac",NULL
"697a0aba49b8ef94a5a9440db2ef654c23aeaf6f","flac",NULL
"bc50e344ddd7be03a7974b84bb97765053b8328a","flac",NULL
"64a1275e685bb2b2a5df9b63923d124bdf89d85a","flac",NULL
"1d75610511255149e0b6e71741c7684e7c33a035","flac",NULL
"0cc3fc237e6a27df3a684afd7a0d65f15780ee2c","flac",NULL
"ba35b65106a0ff87296439c00ca4330300e0f87b","flac",NULL
"3253e0352168ff17adcc09219ade1b1e6f079af7","flac",NULL
"f84e73c658cffdc7fff3542f1937acaa5968a1f1","flac",NULL
"fa25b051136f9d7dc3a9d263033b5e94dd0785a2","flac",NULL
"da26b3be6c47e3869a957913e9c46fd88049e559","flac",NULL
"a22cf41516b04957920a888a83fe43904471c14d","flac",NULL
"d76298011ee09006eaf343c5fd6bcabb22e7fa9f","flac",NULL
"9d3ce06e4316fe250fbd94e636d9809226d51f2f","flac",NULL
"32d05504e5b45a9b55b07c6c031d92cd6a8cc50b","flac",NULL
"002c5572231588ca5f551d1b6b7b12f853ca9a13","flac",NULL
"8b14edde98c7739c6dc128e1afd5e0a2f225737f","flac",NULL
"2a6f1c16e50d22261a337077f7e65baab984954e","flac",NULL
"61afab0f0a5a735582d5407c181b866c050c681a","flac",NULL
"3a65d4aba3d7e65853fab9f090a345be8ec7d0be","flac",NULL
"52f3dffe6f6a67c8880e1865f396204fc5930801","flac",NULL
"ea384676dda846cde22138bfab25d350d231479e","flac",NULL
"8604507209045c039d68132e64429c88d338ae78","flac",NULL
"725216f9a4f6e6dbb5eb5d287c8f43a8cbd8e2bc","flac",NULL
"8b9df4d2cadf90311982e494034bdf3bb3957547","flac",NULL
"fdf6586560cee8f86ff3c2d16ec0620d309fa1dd","flac",NULL
"347b9a2ee35c833486da7367a84df058387199c2","flac",NULL
"feeb41d649f33cee250624b7645bce8753c05161","flac",NULL
"5ef42e935c5970e4ec189aa1ac82137693f208c4","flac",NULL
"b471c7dae5e2430bf059c04891fd8e1bd5ed20b9","flac",NULL
"cd8d5cd1466678b0a417983bfef5ca30f54859e0","flac",NULL
"6b9e9c3a051d569c7a5da008e3ee5ca87017ee7f","flac",NULL
"bf2d8cc83ab8cb78296a1ac45a96b582e97cdb42","flac",NULL
"0040ca05782c3262e6fe80d571b16894eeafab7e","flac",NULL
"56e74d67305add00885c1c61d426ce84c2e77e47","flac",NULL
"d95014b8f0f9d1feb7e7bc28e927fd5f4d37029a","flac",NULL
"fab5f7bc4f48dd39dfb8acc873a557dff85d7159","flac",NULL
"ec0c060129705061a8f7734876a74ba8a6b9d6c5","flac",NULL
"5e505fce89734fcba3ed936b4d29f4941e84950f","flac",NULL
"aa81455ad3db814e15f0f02161a964304f43d2b1","flac",NULL
"91ca3158937e3af23c03b46a2f837d1baa27fc56","flac",NULL
"a469651c93f65ed410d9f9522489be55e349aa66","flac",NULL
"a4e2705fd859c8f7c68a7cb12d49426466c1c7b9","flac",NULL
"50148d54e734b90d06887d858a7bcbed6bdfd654","flac",NULL
"bd96b9ba404a091d610a65fdf08c3c36d7c9740c","flac",NULL
"bad87a3171b66f7d2ac0779fbd34b71e1bd25a01","flac",NULL
"b3248ab7b64ebf98d50596d7fbaf48d656665dc3","flac",NULL
"813cfd903ba7f8230ca6ea8fc125e89d398ffdb5","flac",NULL
"8e98bde371e4b7cf8fea2f1429968b337056c48a","flac",NULL
"f9e56325b5d2403f83e87745bc09f7ea30c72472","flac",NULL
"e2f67de398898e57ea244c557feac5498373e9f7","flac",NULL
"5a1c9266d3756081374960c63a2d17e89dd6fef4","flac",NULL
"07bb68241c9d5d45149c426f03ad054d07a518ed","flac",NULL
"50c8fbb9d3e1d5b6c09de4fc6199bd7b4d0dd7df","flac",NULL
"7824f211cac1c770bab34c3b24b108b71fc57092","flac",NULL
"9e5fa44a15b2ccf67f32675057ddc4e59ba99b80","flac",NULL
"fdb12926de3889387cdc5cd0ff525672f0001a0f","flac",NULL
"4df586140a7269de774964549f2e2851fe7cb05c","flac",NULL
"d9ec0498730d74a60e7a7d23b4cb2547d5644b78","flac",NULL
"037efbceca647e7b798ad8c9b70a974c0696d947","flac",NULL
"f4a02995236117fb8f7f4cbd8f411991c4180013","flac",NULL
"491d7cb7278ec27401de6bfd25331f9862235452","flac",NULL
"253242ebe4e500e52ae323d6630b64e057985a9b","flac",NULL
"49c37c472656f98901b00ac74d35743e9739f6e9","flac",NULL
"7ca12d04c15b7c45b698499793b97cb665653f3d","flac",NULL
"9a73b8ea6483710e624df60d74e00108375679d7","flac",NULL
"dbb1245937e8f11a109d90795b72f259d7e088cf","flac",NULL
"ad8df835ddf84392dd25bfc773bf0f467bc11213","flac",NULL
"19e219a702bcd32e8c343dd5399e7382d77c51f6","flac",NULL
"a809fb3895c7f5cf6156c36690ebaad27dc11182","flac",NULL
"31f371b17a89efa279a1ee6b58557f43c70949ae","flac",NULL
"64ff6a59a9b6a8e1fe2caaaf3f9c6e0c797669c0","flac",NULL
"e493e6e895eb77655f72f8e804459beb99d017ca","flac",NULL
"8f958d8a33133bfba2eb62f4e00a433a446d0840","flac",NULL
"5046234de910ecad2725a6f0c166d35fda418ef8","flac",NULL
"d060746f3984d821ca6c9b2acad5924569310598","flac",NULL
"dd878c68ae62b47a50aa45cd7366e4259d2ccf9b","flac",NULL
"9f3209e7330ac9eac1f14f458cf2325d6c092b07","flac",NULL
"b3f3399afd39f5881f93ff861928064364e1f895","flac",NULL
"df3f1ec12aed68ff51129e0a0e1b10178b9d95df","flac",NULL
"c808c09431778322f795ac50a8143ee7269adb55","flac",NULL
"c25565a9f6f625f63e05c35f6157fb07f961cbfa","flac",NULL
"5d2f1abfbdea4708f7af29d79b8aa9cb89eadbcb","flac",NULL
"c0ec73485b1ba024014c10a66eab2fc480f78a2a","flac",NULL
"fc4f348e43d8b97158fec7963cec45070d60f710","flac",NULL
"7b637ffade5ef19f7dee32bccde2c3a9a1b65ebc","flac",NULL
"3696a55741cf23b0c5f13c27b1e6ef8714fbccca","flac",NULL
"684cf3c97998cb067559bf5f4aca3b5fb68f606d","flac",NULL
"40a2e38ca6712a190567f3cee4b3e0d4b6828cfe","flac",NULL
"9784163d491f8fc40eafc08056064ebe40192fae","flac",NULL
"3d193a313884144a019bbc95d10e59f07db5d5f3","flac",NULL
"1f4f9937be4e435a2b56ea603c0a082704a4f285","flac",NULL
"8a2b9092c2e4dd200270497af9dbaae9d276a069","flac",NULL
"76336831a77485e4cc0d89105ba4c48012057104","flac",NULL
"3bce8e2d59d1d02fb761b5e0997d52b14d8b21d2","flac",NULL
"743415fc217e8ff0590122d605530733a14833b0","flac",NULL
"03bb0fab5a8ff0062b331c71abacf3d305081de3","flac",NULL
"dd4a09dae3439fca1d153b114d2ad0229f36f800","flac",NULL
"7487f2d0d61135ff8f2615004d30b8ff0c4cb61f","flac",NULL
"c901f5b916dfd3c889e1e2dae58387f80992cb5e","flac",NULL
"0b59f879f6dfef725c79b6492b7a98a0d16c390d","flac",NULL
"49e0e63d4864a154be0a11315ba667c3a5e234ee","flac",NULL
"a9af054081bbf5d96788ed81bb3d119d6ef0acc0","flac",NULL
"111dc9410c8b082b51f5606d6321465e1be109d4","flac",NULL
"41b4cdd1f33ca69a3f9a450d0a169550b6307976","flac",NULL
"15fa19ca0c2729ef32ba7ba01a3a34f48543bcba","flac",NULL
"812d5aec4c9b4ffa28c7d84bfa53e5b88e7b28cf","flac",NULL
"f1a2f79f21076592bb2fe8f8a2fc13fe33a43d85","flac",NULL
"09bb9b4bd1729fc95afdcf7cfbb7822d2aca1c45","flac",NULL
"690488dfd1df817cec719eed89906f32d63a85c1","flac",NULL
"2886dadfc93b07239f06333f1669bdf05cbbd06e","flac",NULL
"0050b26644a4750db46374614d16377117096535","flac",NULL
"375d88d4dd203c3249178e079c0a5a387f6fd5f5","flac",NULL
"669941dfa52813d3e422ce966713714899739f2a","flac",NULL
"9502ade10d2ff26f9159a3f944f072925b2a4391","flac",NULL
"4f54fb64f7cfbba0c546b6c1b9e13633afd3c52c","flac",NULL
"583fc1c06664884e1829344d0c90e0d1316fe8e3","flac",NULL
"eaaf95e02f4fbb3b296db16d517141a064467a8b","flac",NULL
"e6bbdd5624ba70aaeb0071445ddf9d076e762716","flac",NULL
"164f9458182eae0984946546581709ad8b47ef06","flac",NULL
"4ba56dacd0f278036e3a5c41f00233b38e061338","flac",NULL
"65d3d1192e2ce0e7f08e59508c1b1bae5b39275a","flac",NULL
"a8675a3ea4546cc4f6ad1c67b24927340ce3f573","flac",NULL
"ecdc3cf3a9f1ce5cbf0a14fce0cd95457d13757f","flac",NULL
"e0602229acb1ad685e4313e6dbdcce1cf1917cc3","flac",NULL
"7cef53481d360ece6e85c6a59e284af406c53aa5","flac",NULL
"98c694818a4d3d17e227d5ba21a6467f1ae6524f","flac",NULL
"0ffcb4c6284d74169717d46f2a5e2a8c1b285d47","flac",NULL
"877a832cde959c14b20babea8f3e5fd01aab5a75","flac",NULL
"084e80a9a6987f5dde12cbd1742bd252dce2572b","flac",NULL
"3daef6d90c33cb628f44cdd94ac0810974dda363","flac",NULL
"2be80f5256a8ea619107aac48d9135ac3539c032","flac",NULL
"595f8ca2c0afacfb628d81c91720a3d421567596","flac",NULL
"813b917b6b33e3f3af4f70b9b08597a21b04a9bd","flac",NULL
"7decd926d2edca8a7ce3e63355be09243252a1cb","flac",NULL
"aeaa9019a5b9fd10af39b077a34b63cfe85d57c6","flac",NULL
"f17df2fa0c7831e94a50a8aa8c02a08b7d283d46","flac",NULL
"da94d00751fc99409d4720b77bc91c823a02a9ad","flac",NULL
"be35e554018ed063a5a7ddfee629d77e03f03148","flac",NULL
"7ff4e3444f11e1eede93c7c8381ffb6550ede571","flac",NULL
"dbba9b7d8a48fdc59920e1d0a97f4f1d9dcf15df","flac",NULL
"8bb844083473c53fab1736384b2f7dd2e14fd743","flac",NULL
"68331ada3b92d1145e8c80a9d62779b970240fe3","flac",NULL
"7bd45456b3beea851b13faad9411a646c4c1efd6","flac",NULL
"7098d3b55bc74154d21d3a0300fb9c9c969c2d26","flac",NULL
"d2f140e805f30bc4961a60328e38d63e500c7d90","flac",NULL
"661beb7b567e55838b8e45d07c3c0fa7af318681","flac",NULL
"32a7954d4fad5469ca875543f71907ac7a99cd9a","flac",NULL
"acd3abf86f42b8d0bc89ab3c98b6a6aa42ca1b73","flac",NULL
"379e694cfc3674b4aff1134ff9db86943fed21af","flac",NULL
"469223e5422392173b4071b229472a92a81b52da","flac",NULL
"dfbb01f5a57e431209d9618ee28f7ae1740970fe","flac",NULL
"c7f0d59e02e2054bdc5ee82e0890e1f66f9b2280","flac",NULL
"778a751f407060c6c4182ee785439774eef7ce1b","flac",NULL
"f5b8bfa330cb2e4df34a66241bd4f6c0f129ae8b","flac",NULL
"f9c36fe03068c2ec26eed9ce17a72da78a829259","flac",NULL
"3259255a00910204b4b0a1bd21304de87ac3f7c0","flac",NULL
"ff548c3b584d6c7640c43397a87fff5e7e378cf4","flac",NULL
"181d32e3ef17cec5963264f473c44b1602323ca7","flac",NULL
"6858359e9b911b6fc1f5f0e84904b9c65f217831","flac",NULL
"7c9d8366e20fb60500ecaf4aca3361c4f5a5cfce","flac",NULL
"28a8194b56856ceb8ccf51e8228f2a5010fe4772","flac",NULL
"8fd10f713467869300587a43e02505e4e66c9e14","flac",NULL
"39e8a206bca13c34230b85b059c8ceea758d7e7f","flac",NULL
"d32bd29542d9734b12c50e32de540ba0db1e83dd","flac",NULL
"5728453e859aaa4d4a1a19817a19a272c043b4f9","flac",NULL
"24c7670b92746e68fe228fad850579097915b469","flac",NULL
"c64018f76397a909ae086cbf54f0e1d267ff2148","flac",NULL
"c3ba84af4ea7f612f9cc8c1f47ef1db343eb20d6","flac",NULL
"ca9abd378916b153c21d77085762ab453bc9e2f9","flac",NULL
"26da05574677db99eb9045e7ffe912059e4b27db","flac",NULL
"626901cf6b9149f382d5fd0e31ec97aa737e0d9f","flac",NULL
"b2cfd01ece3778f8baa99763818b1192ef8e3095","flac",NULL
"140559b30bab582147117166ac27fc7f44c0c00e","flac",NULL
"641618a8460303e4e1dd0a94c9c6ffeeb9ebd86f","flac",NULL
"e3abb322be65048390c485a0fdd61812f6b2259a","flac",NULL
"4f6a896147538ef9b6e5ac669a1abb5b9bd0b80f","flac",NULL
"b6c629021f36b66b74093ece29b717a2a6af0f2b","flac",NULL
"f8bdae2ac3d1bea26cd0f29452890bb507dbb1ec","flac",NULL
"b407371338fe7b0f58755df0badf790e9f58ca0b","flac",NULL
"cf27be4ca1fc3be734bcbfbe525af026011dbbad","flac",NULL
"970d275697c460158648681520402bc86693ba9e","flac",NULL
"ceaaa37e2bfb0ca40a59ebaebb5f2e5f9f02f445","flac",NULL
"791c2a04a4cf20acb124fc207428620636aace9e","flac",NULL
"a3c4ac0c9cdb71fbb87e5da72ed99e6edc8d3885","flac",NULL
"5bd19b14c6b51f58ca945d8d566e0774bd24f95e","flac",NULL
"9942221860957cd84213eb2b30eb71a9afd39eed","flac",NULL
"662eadcccb47df7c7c21dd584e1db2f31ff09ecf","flac",NULL
"319815d5dc3ba89b5c725b055247da7719a6dddd","flac",NULL
"acda010a1902684b1337674ffc31960b5e3f501d","flac",NULL
"b7a39ec5e9ce745c679cece2aab11fdd44c65502","flac",NULL
"dd5003b4449e802ebac6d7b6fa6ec917d6f21f73","flac",NULL
"49d2a16347fb16cd3514c363702352b5295e8077","flac",NULL
"a573c7e024a8e51c7e3bc7e62c834cd1af49e8ea","flac",NULL
"f00e06ac2defb17360e34241a54eff4ed04ac3d4","flac",NULL
"604e727881fae45954fc99ee832cf1722f8fe314","flac",NULL
"35ddcae6cc4763fa2e2fd03d5f0c208060829862","flac",NULL
"16203afc315f46abd989858ad04103e40e0f696e","flac",NULL
"97e9a9d38e0bdf2f99f25aa6b26881ba3ef825b4","flac",NULL
"39d3805f8b2d362efe31b21e66b276b1ca16ac0b","flac",NULL
"12c1e9a142db8678ddbf8a4f2c47e893522f3d1a","flac",NULL
"05e43350de9c71001aadd249c967c70f6888623e","flac",NULL
"2eac6c3297fef1e99f00d60ed55553b010df9176","flac",NULL
"a4bef3482dd981d0cf45f733e8bb75ded5ec53d9","flac",NULL
"60d571ad438f1882d78cf6ef18c5ae8df1e8fcdf","flac",NULL
"c2bec8428105ebb3f9d59f3cff27ee7399a7cee0","flac",NULL
"5c0690471ad056325da772ddf5746c11c86e8b08","flac",NULL
"977dbc6ea2018c4e92180f04e934ac0d8557ca3e","flac",NULL
"1f6e06a36a2f17e2797792b936152b38cb95b488","flac",NULL
"639f18999ca32e22dd61fea04ab6e46fb1fa0ca5","flac",NULL
"a748a0931cd438a112d4f8fdf6c31b7a38ad5aeb","flac",NULL
"f5d745c8a201bf6ba9f765376c23cb985ea41f1f","flac",NULL
"542266f4e90442ad647f5c164a8923ff119721ca","flac",NULL
"83eb84ca695b63dee45a1f9ed40683ebae851bb8","flac",NULL
"af4904dc6adb597dbcddacd90dedfe1e3bc30485","flac",NULL
"7f6024f8766a406bd157927505426766853b162d","flac",NULL
"f3b288490dffcb0de37985c2448c6c9ab545df01","flac",NULL
"25d624db49b42779a44a148a90b6d0efe78d2a6d","flac",NULL
"ed9befaae5bfd2469e7ec88ab2278bd082d79620","flac",NULL
"2c86e0684ab3dbdd0e261ab75eca084b94d9e516","flac",NULL
"8caf89cb455b5ce70a990337f5e25ef0c20c2ab9","flac",NULL
"17687ef9043813f1a4e2f40c6a9793db4f7a1f0d","flac",NULL
"e6852f33fbcbacb5a96e407db2243f1b0456df8a","flac",NULL
"491ceb756fd0bf15511273737490deb1305f8c99","flac",NULL
"c3bac30370ac87ccd8d7b14fce1cc83cc92e2a53","flac",NULL
"5e09b56e0fb784cba5b23b6bdf697a47939e56ad","flac",NULL
"8ad74cc7d3f5677e08d8740860011f6016f56a0d","flac",NULL
"fc7de53a838ceaae63d1ac3f40a9546793845466","flac",NULL
"a52269d732624a857cd97a2ca1af3d9572e575c8","flac",NULL
"722486b9a8aefc634fc08aad485d9e1948661ab4","flac",NULL
"898c2d4079797c1d6a85775af575f7a0f74013de","flac",NULL
"cc418b43dafdaf1dfb589a09e9f7d86ba4c9abda","flac",NULL
"4d045cb91e097840634589cf232804384a56d3a7","flac",NULL
"161435df67dd068246882d3f902d0e52bf73dddd","flac",NULL
"535ed5c7c2d8d3f8e06695ae64603130798adb79","flac",NULL
"71f18d0a2f9bfbf7a4789c3b9505dde80ac46cb2","flac",NULL
"4fc657fc38c6a6c3146b9eb5ff3089f8446bad9c","flac",NULL
"56ef537705b0c815315da95af31cee474758f815","flac",NULL
"beaf366fe7424e51c64db74c543539f48213c4ba","flac",NULL
"ddb8eb17ca2455421da15be705aec3102ac8510b","flac",NULL
"b588557013a57579031ea051b461de68b8a8af54","flac",NULL
"1a54a52d70cffd2bef0de74c16ace7f48048e077","flac",NULL
"e39d617e76f948df8465ab059b84025de26d0170","flac",NULL
"9a60d7b0d948ce5dbc174c65758df78d7ce24d57","flac",NULL
"2b8c2ce93badc5ec3be843c5c2ec5a539f3db12f","flac",NULL
"d3bd3b553b3f2c248583485e28d0559dd31b70ee","flac",NULL
"71be336ad00a20c94418cf9120ea229ac21ec9f7","flac",NULL
"14ad2a60e601146c796dafe96b6fae6b2d5e7073","flac",NULL
"85ae47ece5015b53404a7bd7338aef413c1b4bdd","flac",NULL
"52266896ba7daea51b5f7b1188fd39054504e1be","flac",NULL
"df93b1a0baac7d967d1868d883bddc159176106d","flac",NULL
"61cbfa10c9f791c482810bf5b2991b6c13b2b5ba","flac",NULL
"d9992a9d54fffe45dc7eaad1530c2b830586cf75","flac",NULL
"dc4331fa2158a531a7362090901392d226fa4944","flac",NULL
"bfb112faf0597de0a2f6a625124399e6c376a6da","flac",NULL
"3c87294dce1d059496ad6f0541fd0977df3446f8","flac",NULL
"2e958892f790772fdc5b9571c0c595bd2d21657b","flac",NULL
"a7918ffda9bf3631b1a4edc25f58f940088a5bd1","flac",NULL
"3574235fb6251b0701f126120e271fd74c451a2f","flac",NULL
"bdd2669459f4e384d97142461ebd644823314cfc","flac",NULL
"849e88f5e453b6dd351114f81f3b204bdea137cd","flac",NULL
"317aee812b663e5e3ce46d10e6a70a13e62d5442","flac",NULL
"6f937102b74d2804b527c40c09644172878ea2b2","flac",NULL
"a60e1062c38fb6c4465468a7fb4a5a224b8898ae","flac",NULL
"40c8fd5bacf7b93602b47531c73be8eeea5578a5","flac",NULL
"7f457c0d5922ea43d5efa712a7f1eac2066622a9","flac",NULL
"09e0bec3d7510e51cc414f2e1055a2c48ec9e547","flac",NULL
"99142d252624546bec989780fa2aa5eefa21c5d1","flac",NULL
"5950b7310c64cb7f62b15045c43e585f0481f3ce","flac",NULL
"ebae78b282097cc6844d42cc601f25a651a7c5b8","flac",NULL
"96383644fcd0d53b885a58029397b2b0587166ed","flac",NULL
"4a47582796c99497dad639f57627c0a59246723e","flac",NULL
"03781e7a8cc4a4a88dde28d7077b565372c0a980","flac",NULL
"d36095580be899c972629391bac25d870591a493","flac",NULL
"87b50a3656d371aba7c6f6dea495ae582137da88","flac",NULL
"c3f870a73b88c9ecd3010c47be0d10dfea0c317d","flac",NULL
"9d815639359dfa6d1059690a059539b446486375","flac",NULL
"3c293ab9ec3eb98dfeb10ea84ed8e222e2a90e31","flac",NULL
"a5272f754114c3fa85228a29856990a0d57cd412","flac",NULL
"413e1435d8723ec807c5543e94a4b692737b79ee","flac",NULL
"7d9facbaa869ad3771e2c26f091b31475c00fde9","flac",NULL
"6e47b571334f44fcdc0993807a5c609dafffd91a","flac",NULL
"7af53adab8b8f64e67c28287fb49273f9ace97b2","flac",NULL
"6055a209b3b9a5a904fa72420aa2b84cf7f310f7","flac",NULL
"52c3af85db801cf98a92eefaba48a099a33fe8a2","flac",NULL
"ca1d04a61d222d5ea0f0d7ca96094d0cc54119dc","flac",NULL
"6e52a33f4665fdcc2f9c5deed4c4caef19495447","flac",NULL
"ea3fa38045ca2dfa2d7c8594277f7fea79190602","flac",NULL
"9b2a39e0771fd6adddc45d4a2629033daec5e624","flac",NULL
"bbc249dae7d2d38da5b0aec51dcaec2f02a7e19a","flac",NULL
"623581e9a17af36d955bffeac55cdfb192e9d553","flac",NULL
"fe1bc303a188b63cb7444f2903781d37d9378eac","flac",NULL
"88b55c3826c4c2c23574fa421d58b2fb999f9e01","flac",NULL
"d78a0ebc57f353ec9e9e8f3c7385995e3839ca49","flac",NULL
"6370287eb03c3926459a548462d5386fc9629b4e","flac",NULL
"95a0d04fc8d439e475eb892ace85667d8397a550","flac",NULL
"dcc86e56e32fbc5415be0ef95c34da44d3696a56","flac",NULL
"8c506201927fffea16ae88e0b25f9da596c7773a","flac",NULL
"62987fa8c5fa619ae8bc19c27a7199102ab3754c","flac",NULL
"674568b307a72792cdac0f08cd24bfed7d23bb6c","flac",NULL
"89203cb1bf6ad5d8ec6c535826f40d3f7e709948","flac",NULL
"7c090cb19dc81f8c59847c5da43a993e0d95c52c","flac",NULL
"973af34fe6e6abc8c0bd35c465213a7dfaf66e8d","flac",NULL
"c16d404c46d1561a587c7b075ce352f60742f514","flac",NULL
"967f84a4b72df4b6a7d69dffa18d8da15abdd854","flac",NULL
"b6fd04d68496da517e9678f698ac3706eef09c5e","flac",NULL
"f9bc42400e10e75707fea5a0ec43a61186866f2b","flac",NULL
"33e101dcaf6d615b43cad1520234c219101bff34","flac",NULL
"a3993d58b0be3f7d0167121341ed0059d5da107f","flac",NULL
"6dca8b6dc284df68189e2c49398ac5e567fd937b","flac",NULL
"61fcd6f51ad1b41269da774644314b3be07bd683","flac",NULL
"e5bbed296f3a3a4b5eb7cfa4dc167df263dfaef1","flac",NULL
"7d97bd9d1d76b8d2b7588094f2ff79d488f8ae5f","flac",NULL
"291e1214f22d941850a54f8ecc44fc0c63d7b0b6","flac",NULL
"4a041c48c84bf1366b9de906945d9667d938a471","flac",NULL
"9c52c02e501f9e7fe705b4e9dfe667045d1090f3","flac",NULL
"fb785a7a5a960c237bd3091cca9534fceb446c7c","flac",NULL
"b93c19bbe788acf650cd9b7b3077c35107a5246f","flac",NULL
"c48acf3aa65a38f9ba9d3fbc686bba872bd28538","flac",NULL
"60cd3897c973591593fd51a467640fd540557339","flac",NULL
"176b8ff34ccc08d9a1d836767f6b23779400e80e","flac",NULL
"076d159332cc689105ac256d1546404c99205915","flac",NULL
"f9b4cc04875a97e42e724e17ec5e5c8f20fb6dcc","flac",NULL
"5f941b2c310226591dad9a5dc00c1514d2132128","flac",NULL
"15882ce0b526fb7575741a690fdff8d17f4f36ba","flac",NULL
"fdee110d640fb874d3e09b43785dae95d6a1db47","flac",NULL
"a5f2efab6fbfac2895ebf21d7fd9d50bb2dec3b5","flac",NULL
"50232f01b934a737d0500b333090222e7e28c36f","flac",NULL
"4ba2ec4938a8bca668c968ddc979b824aa13362b","flac",NULL
"f070ec9982300091484634d021c1b16801731480","flac",NULL
"174b9bbade6e8d0e3aac40a88885f8f3bf7ee193","flac",NULL
"effee8597cdd6d9c6aa90422ac633bb6020e5fed","flac",NULL
"2a068be1b1e8154eda9be1a59eb043f5d9f0663e","flac",NULL
"07ce613172c168a090d358234fdb33ee5f230311","flac",NULL
"9eb4faaa363f560b123357ab433fa188dc9819eb","flac",NULL
"98eb00cd0688303cbc41dceb99afcb216be1a83d","flac",NULL
"10c144c440747e3756fabe5fc58d02d7ae2d1ab0","flac",NULL
"7096f22ea007426029e005bd97c4e803b9c7335b","flac",NULL
"097a1eec92f7fa8a6a2c2b7c0296d649c54f7628","flac",NULL
"7576065a4f305cad2501a8c179800507a85b7732","flac",NULL
"b63868a646bffe718bf088db950e3326fe37ce6f","flac",NULL
"32fff84883dbbca4ba4049f4326b078c69b8d753","flac",NULL
"b5f48dec35d25f38ae4c8a2b43e9c24817da3ad0","flac",NULL
"53a00f36ea926730a71ff310a9ed8052ddbcfc1b","flac",NULL
"1cc6ee3bc49c18a7daa9af617ddbe302f123c8db","flac",NULL
"b15300d62875821854eab308e878fc185f68df4d","flac",NULL
"9612c710ceb057634e5184fd9341ceacd19c1c71","flac",NULL
"3aa691c4fb6d34e04859ad474d99696368b7cc12","flac",NULL
"25fa5706a97bc118685ffc5527c09c08feb6bba8","flac",NULL
"cc104129c7c499e99903ba87b93455c4ef2634cf","flac",NULL
"aa8a5b11b4050ba747de2ac8057faec9d63ce23e","flac",NULL
"95f2a7720df250b826c3a2becb7eaacd14d191b6","flac",NULL
"7727b9062c9ee124a27c66745c3380811068b458","flac",NULL
"1e246cd8077dab3c424b617150fc5d709303ea59","flac",NULL
"dfb2a700b281745787748a7b05deece3fb1ef8e4","flac",NULL
"da3857f10b1afd678a175e93fa66742ffb18d4c5","flac",NULL
"d332b47bb8b3e66a51f289e38b12f31031cc136e","flac",NULL
"3325034a7cbe62aff86f78a5a4134cf79f506b4a","flac",NULL
"c2aa968e6e7ed88f686f9d2b2ced611e8dbe2106","flac",NULL
"ed48bffedd6916ea59e45be52405b9eda0b49dd2","flac",NULL
"335defe5a156b13d50cd94a2c45885acce458522","flac",NULL
"6514244b8c4c855c682783d88c7cc0afab8ba440","flac",NULL
"1aa9462211b519065b94cbe03a6b4d82be76446f","flac",NULL
"782bf13f0e9275825bab9876c0e385c13918f17d","flac",NULL
"9ad61a60f8f4e855e5f080863b7149dfe99cd81e","flac",NULL
"1e574c70ea3e889088a630cea2efde84b8026789","flac",NULL
"2097362d4f821e41e6b9171db16e389f6029d1b3","flac",NULL
"d8206bf9ef17190cd55cd073ca53e75eabeb4e3e","flac",NULL
"480c2d3d147f4cd246089a208132a71f998a1ef4","flac",NULL
"182c8e14127f339e09eee6183591fd98f6fe54b7","flac",NULL
"b49fde7c3d9cb1165dec2d27161b1ba84a7e409e","flac",NULL
"cae5b7bad7966821d3aac865808239db57afc8bc","flac",NULL
"e2140a13ee66f455cf544e496da6a59314659c13","flac",NULL
"7d9eac7bbfa1800645c690513ed1ad8866c46975","flac",NULL
"79210e9deb690cc27f69b71610f0e6477bebce10","flac",NULL
"c46164eddffd3c1d3f6183f80ddda1319431e751","flac",NULL
"63b7e8c1e3fc63a8d49f54b4d1e7f58e43080b1a","flac",NULL
"22c4b5864bbdecefe4db9448db348787e5a03a90","flac",NULL
"f55e7d4edfc2dd5c663f8c7929a3aebc627f1b1c","flac",NULL
"7178d26b5df1781ce31d521c5002ae54fdb7727f","flac",NULL
"7eaae3fcd578d0e8ede83f088e11977c67991543","flac",NULL
"9440bb46a5847122f8c782d49430b82554d1150d","flac",NULL
"1e6a7b1c1b42bf3074cd87beb156887f4159fade","flac",NULL
"175f61f42086061150dbcd3369aef3462301b4c2","flac",NULL
"dfd8750991da1caa8e604dc9dafbf03a68cfe52e","flac",NULL
"db2354165b8269bbd6fb2763de41aff809de0983","flac",NULL
"14438a9d4dd06a80e47bce10d10da82b42ea4120","flac",NULL
"a81bd6b6508bd1823a01e8f9f489b39d0de6cfcc","flac",NULL
"104b71727006a6dd1723dcd30c30225e55c513f6","flac",NULL
"aa24f82b22abd92aa35d71abd13a4793946a1aac","flac",NULL
"321329319cb347c13583a30ad2cb60bad4265934","flac",NULL
"6be08b54ec900681c15b792f290cf1b5a4ab3eec","flac",NULL
"61e1243dae98c8d5c9e21fc6287488852fd5ac41","flac",NULL
"ce1b0e535dd2ceb09b70087e05c2059caad756b1","flac",NULL
"3b414bfe04bd1e7bb9a4bd7647864d75b80e0d46","flac",NULL
"79ca5e421eddb27541da5e9f4e26248a86cc2d4f","flac",NULL
"d6f63e5e0787510f8b498852bef08aab51dd3254","flac",NULL
"5d1fe45fca160d1ebd672d607cab885796c320fd","flac",NULL
"19d90424a1c1763a8187f4be299a5b8f8a4c6bc2","flac",NULL
"44514445910dd104f37b53c8a3bb8d9e669663c9","flac",NULL
"c87784b1fdaa5df7dcbc8990830b8413a57d4f17","flac",NULL
"8a5e5ec7f469f157f240f7777a2e9b1599ccf0a9","flac",NULL
"8c8d5a65d2df501c16bbf96850fd37e29dc0a567","flac",NULL
"4262cc859ffcbd800fad87be79cf7e3fe9d11c36","flac",NULL
"0450d7e7485c7faed8e37365685170af8ace20f8","flac",NULL
"195df52ee43c972658a1615260cd52298c368cae","flac",NULL
"d5f25b4cd7bf0d9bad7f43cea5f92afa16646cfa","flac",NULL
"32a88d73fbaefcd3aca40e0a6f00bc12e99f3669","flac",NULL
"eca197adb66174166b2f3f326590eb97765fadec","flac",NULL
"fa61fe79277616dd161c5c49edd4071c44106168","flac",NULL
"c7962055e7954bc517258012f06ac1c36c344d10","flac",NULL
"a757b21780aff62e152dfa4b2a7d00c1b3f7c9c6","flac",NULL
"9d97d9a9c11dea0f7f59570ac399c1c7f55b10a6","flac",NULL
"1e60c31a5a75eaf2267a8bdd34896a7e3172cb03","flac",NULL
"52d23c2f09008531361094a00aa665f88f98d36e","flac",NULL
"71e888dd052761a89555db63869adaaa13bdc41a","flac",NULL
"55f530fab418ae18c28e8264576fd9d1dbb30e4f","flac",NULL
"bbca439f64ba3674144123a8d279bbaaad168810","flac",NULL
"532d39efa800ab5941bcd144699a3445464b54c1","flac",NULL
"d92bea50d4781a7891267fa889392e9e70155fff","flac",NULL
"1d497421b201c142789f97bf0bb27318a0b12039","flac",NULL
"88d24dd3cce1e7ec3ccd689e0a7502de52729bd2","flac",NULL
"6b8bfe643d4761c6ecc474670bbf6498cf933e8c","flac",NULL
"7d07d7f2ac557b530ba11de4fcfb2b37790651ae","flac",NULL
"3caa4a85f467c28631f786bc9d7deed7307026da","flac",NULL
"6438871b7b3022ca0dde4cac4e679c138194bff7","flac",NULL
"815864555a63eb04d9a340af9efcd194ca1d2a54","flac",NULL
"479d56137de0f89f4744960846560125fc226113","flac",NULL
"1d3a081334945aac97310b3ec3246466477ee280","flac",NULL
"12b999238263611c5fbf23f1ee5ff3bf1b6559b0","flac",NULL
"ae582d640240e4c72861271f6fac45e256b0126b","flac",NULL
"5468efec4e3f8461014527d8a3da44bcf291270b","flac",NULL
"b15837f55149a667200aa9fd58b2c3862cc077e7","flac",NULL
"b9b156bccdc5694d3d92899ef0c66f831889c409","flac",NULL
"77268c6fa1cdcda833ba239b900c44939db8cb46","flac",NULL
"2bfd164e50773b83c25256e94521a066758d73aa","flac",NULL
"5db53eb35d401c5770c7c4fde816c8db23592b2f","flac",NULL
"c10f732bc21e9f25d691678f3440f38858fda1ab","flac",NULL
"a75fb56899eacba849882d781c1c6d6b13cd0750","flac",NULL
"2144bb58df123602a14551375ce2b34d81e26c57","flac",NULL
"e05bb57f63558d288af4597b56bb83e5b7a3622a","flac",NULL
"7e5d16ec4b846aac826f502b7357f391564ba932","flac",NULL
"e22513513ea712a024a4197d2a99c5bffa3107b1","flac",NULL
"703f5940125c8624537a6dc7ff1615baf03c09c2","flac",NULL
"0ba70ac8a95307feda94037cae9cccc3f64cf615","flac",NULL
"c74479ca4dd0a9f0715817227ce6e45816fcbdcf","flac",NULL
"a58e970553bc7d9d0282e64c55da8bf3d019b412","flac",NULL
"48e647a6f08530f615ad1d930e5773543bf49ddd","flac",NULL
"93b363794961d82c994f0c29482e25062ae889d4","flac",NULL
"37dec0ec72b08ae0978abd14ab90e78c20e3c16f","flac",NULL
"6c8eb34b5c8f7da12d7585a4947a13f55ae13699","flac",NULL
"afdf8110967c9a7d6ab95c36046bea2bf58aada8","flac",NULL
"b7eb89f0937c2f1b187943a6043fcf80ddf00f90","flac",NULL
"accde89f5c6d482a779b5c690cf7bbe6661de5c6","flac",NULL
"5699748e46ca941b9640767f7c97b187f780a764","flac",NULL
"d05642790d084ecc68307a5c36937256b3e68014","flac",NULL
"e9674a47285a82f24c2a3b17512886db8677d970","flac",NULL
"a38c3898cd14e12b12961ac56664683be2aa484a","flac",NULL
"d24db01533181a02b9b16966eb782a173b68de68","flac",NULL
"c9c9b19269986cc999ce7ff19ca9607e210613ff","flac",NULL
"9c91a1693c4f1cf7ed1b62f0026262614cf8dc92","flac",NULL
"b4dbf192d214ceb936a24304eb967efe8a28cbd5","flac",NULL
"bf709277fce4f766540cb28a8b3da21c085deff8","flac",NULL
"588d833bba54f74bb8c4a11a7196187fe9075c3a","flac",NULL
"49ffda1fb3f38d820003031ca620c29914e582c7","flac",NULL
"dd39af18a16598a74abbd2266e045eb768bede35","flac",NULL
"b2f0c0f6fd4bf6503a9ceac5a8b1be1d4c98012d","flac",NULL
"7852bb60be72f6be25732d2d9ee7ae4a6fc05608","flac",NULL
"f65a77dcdcd62712968607bf66038ece955808bd","flac",NULL
"1d9c9c812dc4d181360bbd3a06df3805e293fcfc","flac",NULL
"c3ae2790820f49cd96813e19591e40db980b36b7","flac",NULL
"8dfc3d7d379d43bf0f323f50908b6fcb0433960e","flac",NULL
"88698c666e059870f4b5e63d897d8fde61d9e982","flac",NULL
"04217c425a5693c2925e05835360ddb062b45f13","flac",NULL
"10544d9e14b88fac8b7b1064b6b9b29e00bace65","flac",NULL
"ca9655aa2c717291e76be162c515389f6a953b7a","flac",NULL
"7f2940842303342f63e05736ad9c80f9aabeffbb","flac",NULL
"da2a55bf11c7e14afda1a543e404a4d0cb68f803","flac",NULL
"cb6954149aac01c1bb405e6ec4a6baf91387783b","flac",NULL
"19f0b9591cd5e9f412a21b5b837c32a849e786fc","flac",NULL
"37ba5ed62c99dc75914370f506830757e59ca58d","flac",NULL
"7d8f4ee5c2756efe350a43d2419cf5b4ddab97ed","flac",NULL
"1a728910da2fa5cc645a0e719ca047d9a44b160e","flac",NULL
"e9b5c1d1168165dedddb37d01a593c7a84330842","flac",NULL
"cd8f45a98ace254e58c020244d500a85d91ffd1c","flac",NULL
"74ca4bd35c7a9423cacd5afe40c5fc75a724dfe0","flac",NULL
"d28565574692bab22fe39f3f0e3ba5518f208128","flac",NULL
"ebb1770d314feb40fcf734004163e8eff8384e98","flac",NULL
"9a1aae1c3c253031d051f717eb09c571776fd3c2","flac",NULL
"49d2e0cd21161c48c75e5d0e540027d440093026","flac",NULL
"37534a8bc20e21eff1136155fda4731426323824","flac",NULL
"8b5a16209168c61f6b867aba5aaf4f21b5c2d875","flac",NULL
"6493bf47b7f33fcc6c71a89daabf9351e1ad378b","flac",NULL
"79a477e361c3b8e469586fef4d7f385f88023ee9","flac",NULL
"f323ca6add16ffdf1773a0caf8eb50dce6513165","flac",NULL
"122d824bcdc6310779ffc2744dc2f9dfc96fef1e","flac",NULL
"146c3aa01299b009c1e712b87390b58709a9611e","flac",NULL
"59e5b8c2d8ccdb5845697f65751a1a007ab6910e","flac",NULL
"8000c716f4eb11dc66d2b3440c0e4a630482977a","flac",NULL
"54816425d428445ed6dc0e511d8f0fbda1152069","flac",NULL
"6d4839f0d4348da50330d8b2d79050fa420bc5aa","flac",NULL
"1aa7bdebdc05bad3de4c12a1f097b988c8bc1de4","flac",NULL
"3af75d57c9264ee5faff2af6df08295bdb58d386","flac",NULL
"b509b10a4b59a839a402d333912fd0998a6b165c","flac",NULL
"f037cfa40886450382485210bc695380d7b0095f","flac",NULL
"3c9d5991c5f21a2164f98926df76617c870be60e","flac",NULL
"31f3f29fbf52d852fe661df9bcb896a077c6abf1","flac",NULL
"7fa706e74f4e0b4120b6a99988d7df947a355bdb","flac",NULL
"c75090cd09a301506a1b2301313605efff0f342a","flac",NULL
"9dd7a387696ada81d19b8f00a34375c96d42c3a7","flac",NULL
"d466fc81a02d9f464bd173615273b94dbcb0ff42","flac",NULL
"2edcc89a4f41e2f6ed6cde099ececc6ec1b2bc07","flac",NULL
"4870a28a47d6ca651d8a633786a1f6ca1ecba97b","flac",NULL
"8501ae744e70c9745107997e5bb0d717ed102578","flac",NULL
"20446be8feea850aacf27d656469d4e152fc7a06","flac",NULL
"4aafba32800fe91c0538ab49ff304eb3cbd34877","flac",NULL
"258d573a0c5432cdf2387a97a051a84d20e9e2b8","flac",NULL
"dce95c94d1e62adb43c5abde6d674022927c4228","flac",NULL
"a243ae4129ddeb526fe1928c6b04af76de17bd97","flac",NULL
"6b514251c124e191ea2c69c4cb4071059271b427","flac",NULL
"c9659f1f45d7ed42d4697106a8a75cf5fd8932df","flac",NULL
"d2d4bcd802a7755d9525332e5f3ae36e70a10fd9","flac",NULL
"f08a63d1d45b6027414a6c5d8e5c3f29b3e00fd2","flac",NULL
"3744f81dc2f5f3648b6d8367a1ce69140f02d0a8","flac",NULL
"94eb70cf4c35e92718959515a7b2a647514517a4","flac",NULL
"80b2518ffeb0845353ffbdade3a103ef6db03903","flac",NULL
"c8a5d444451b05af7ffaef139f3589e78cbf6cd9","flac",NULL
"d958f0bc159949f681c7ff1f90b8ec2884b1583e","flac",NULL
"90046050dfcbbd29e2810f120d5c998247575e84","flac",NULL
"c9b8dd0b8b0bb148d5dd232bd5af547183537303","flac",NULL
"15a804967c595421124940da21b9a6f253749c9b","flac",NULL
"2e3514888adae4ab0324e6ed13cf3ee817232730","flac",NULL
"0feecd95624c594d55a385ab1bc0b52da345a3a7","flac",NULL
"edadfdb63695c67da6f4ad39964cc739d52c20dc","flac",NULL
"6562caf15e8b0fc9f3c7dd79feb2933f2ce6344f","flac",NULL
"28ac6b0398121d16827ae58e6401eee05b4dbb1e","flac",NULL
"444163d3b2aa59d22e8f03822f0464ff60a0a042","flac",NULL
"c7e17f337daaa9272bfcc368f8aba5fc25dd2bd9","flac",NULL
"d27014c106308252c81ba58e7fa1ad12b2c604e7","flac",NULL
"c510610003962f46750e1e4f62c9ff30e23ad1b8","flac",NULL
"36e2e5a663c209b48065afc1af377b4fc17d6023","flac",NULL
"17ebaaeb3b9e7aa1f92bf5e53392260d4528937b","flac",NULL
"4938d7f63dfb6d449020a835f0317965edba0627","flac",NULL
"61e32e10b45a06d9ddae965fc2325403c8834ee2","flac",NULL
"9a8ffda9ea2f15ff79d793d9a2e8d5e922884548","flac",NULL
"c2676ef82d74451f0129be106031fd0f37a644da","flac",NULL
"e6921d2f056ec810838918a446c7de17cf912ecf","flac",NULL
"7489fe1908270dfa4c6cc6eac515d1b87d753c29","flac",NULL
"7d25bd834d1836a9d8d11cefd105dc02007ef9bd","flac",NULL
"d24a65f842a7aebc1e3710c0d05a85c40d3634ce","flac",NULL
"c7b8795a57ca8642ae3cb602de61f98b0bec90f1","flac",NULL
"31725eb865b8abbcb12327c0f7dae4393791b7b5","flac",NULL
"97a733de95de1499f127321768e6f5f604cb81d4","flac",NULL
"fdbf4eaaa5c3ba3172f2483b4cf3c85e30fd7cb4","flac",NULL
"63f9f74ca56644dd87d65d7aa1fb2c626dd70f91","flac",NULL
"6cab7d82039e6fb2a944c55857c41ade1e416cb8","flac",NULL
"33e53dbcd9d010acd89f6bbb6fdeeb5138ccb7bf","flac",NULL
"cc2f42b9c4e71f6b77869ddcd2ba3fa4ad1bd2d6","flac",NULL
"e991f8072e0d68781a3e54d4c3683fd8bae15350","flac",NULL
"10c1638b70318b3eb761ac6fde26c735442cfc8e","flac",NULL
"e15f1c98f67b0277dd7911301ad50327fb44baba","flac",NULL
"a21f147f7b09fcf1ef4e983ecf99d2e5974ce049","flac",NULL
"33cd92d78e54343d015447f5ad59ad23794d30dd","flac",NULL
"2c3e7847ddfc949531dc45b586c31eb6da1910d8","flac",NULL
"f58f76daf981df68686d4af2f31307df9493023d","flac",NULL
"d291098e4133de0468c39180da808018c32da167","flac",NULL
"0e27ef201f4df4a38e0d6ad1f692e6aab30afa5c","flac",NULL
"f7e726b3cf3206977a971127f4065e667cdc311e","flac",NULL
"f0f8eb7118b251dd4cb7fb4a5fbafda61ad6a294","flac",NULL
"ecac83071a4d294af6b091e80bc0ec851bb1e8f5","flac",NULL
"dfab0239131354118070fda957edfe3484d7fd9d","flac",NULL
"a1ef7394ec8debbec8ffb7c68d44e0e2bab8f9d0","flac",NULL
"181c49a22dbd67fa71153fe06876adf55cec0885","flac",NULL
"53039e40187bee4c34d2806c01e259ac3457efa3","flac",NULL
"c2ac1e716920fe5ba55c7e2aa39cc26994f44cf0","flac",NULL
"7e5bd09c3e0fc1880593f9d629853734fd42ef49","flac",NULL
"77cfaab13f728716a4d2c3c60e12824aadb0e3f0","flac",NULL
"08d3ccc1437b0175244593601aaf4308be127cce","flac",NULL
"d495eb958ded2b5a532fde2f52fc0c8252c72836","flac",NULL
"099152bff84d96de7ca6d279800e3a320d40dae2","flac",NULL
"0789cb9b48620bd90597b9b45dd40c84e68073e9","flac",NULL
"e24324096c27ff5fa79b75588c357fd55357c48f","flac",NULL
"fe952592a21b47f14191b14f87e7264e7a281183","flac",NULL
"a879f5bc1203063c40262fcd8198f942dcdb1adb","flac",NULL
"c62b3ed2e9b60ccb0c9c4688c7ecf2d982089d0d","flac",NULL
"f952def3caf9b2712f827b1ec6442c9354d64a85","flac",NULL
"528b1f6c2f01439876691450a57497b8cd0105b4","flac",NULL
"c766c7f22391f8eae35fbcdde87f670072b8080b","flac",NULL
"d3101ba8c11ff345ef34ede788996ca6bb3093c5","flac",NULL
"b3885caa99a654b109ed694070f4fdd5e0a77fb1","flac",NULL
"fe94420f720c9bbcd869bc9a34a3c87e43095f7b","flac",NULL
"8dacf2cf4d6ba3e3235eb3f4cae82efefa57dcb1","flac",NULL
"f4c9ce4a2f5fdd64edd9553cfa28c918f07f4f19","flac",NULL
"c06d4e0098b772f286cd84a73be6cc30cdbfb80b","flac",NULL
"6d408a2d2d9a67cac8312b5fe450ca640f2e8dc1","flac",NULL
"a6cbaa092defc1af18e46eb151484845d603a256","flac",NULL
"d6f48c882f1b49bc1df1c4d87004a451aa779e77","flac",NULL
"0605cf6df5daf085690967a350dba361727ec14f","flac",NULL
"c131d795824eb384023a2e007e2eff4704887ea7","flac",NULL
"9b9e982b22c60d7863796fff59764bd35a7bbc27","flac",NULL
"48514d7844af61033683f15b8a243edbd96e665b","flac",NULL
"21b2394f2da1fed29e5af94795d394db4c8c1966","flac",NULL
"0610e58579cbdbcbf2b1db20aa9042ba2fd8ac33","flac",NULL
"30ec9ba632875d429bf6b49751ff4bbbf95c6ae3","flac",NULL
"6491a239169eee7a373e8bcc31a7d80014ebebe7","flac",NULL
"3ea7dc19b141ffb91360b13889cbefd3306267be","flac",NULL
"37f224d23f8764d9ff51dfe28420c1d0a836a810","flac",NULL
"8ec3c3aa6a6bdbaa7b425b4880227e71db636b9e","flac",NULL
"43bda993d74e0a48867e4b4b1a2430ead01a7f31","flac",NULL
"ecb578816e57031fc7f43661300f5c888ea2f16b","flac",NULL
"855245a2f1e09364a834c4045635076bc918bafd","flac",NULL
"da225c822f1fbbd7b8dbfb64bea1ad756e67f279","flac",NULL
"78ca0a0aea84ff5f348489ce3c0dd20193d7f169","flac",NULL
"201c55ac519ed1e6c01c4d23ec18958de128f8e2","flac",NULL
"d2ceccbb6960e6cd9bd6803aa8c0682736addbe2","flac",NULL
"dca9fc9bd068f233f20e71598574c638aec7fcbe","flac",NULL
"c56d1286ed496b0559c77129bb6f7d60505326af","flac",NULL
"b0af3529dbab7df2944078d77b009bf50aa779cb","flac",NULL
"bd006aaf45581333ff6f2b4b4a5aeae1ab580313","flac",NULL
"56140873540650339afbca86a568c4191e4e7f19","flac",NULL
"5a7d63194f312dbf56cd7b4ed07324db8c2842b6","flac",NULL
"0041fb017e6761646f027f5e1ebee0190b19977e","flac",NULL
"ee45c94921d4e4558b2bdab71b290db95c0e957a","flac",NULL
"5e6304401d772617a7d5fdf510ae407aa13d54f0","flac",NULL
"0ae609dc7d529b248391a9dbe486bd91601bd3a5","flac",NULL
"bd19ca9faa668a60a810adbb8f5cfd9434571ebe","flac",NULL
"2c11fd3a44b3e08986a3665479ea01f38f88461a","flac",NULL
"6ad11c046f0717318cdb0b01f295f484327f945a","flac",NULL
"d9ff0bd9a141f48d7f672574949d764e4a3a905d","flac",NULL
"3b51e6846e21bed497dffc929136d9270e660823","flac",NULL
"940ce292ac7eeb3a66f447c9c80de74f4fcb6b8b","flac",NULL
"d36c06c527f6c72090310dabeefc9b01af2ab001","flac",NULL
"766d8f898065048a427eca7cc172855f5237ecd9","flac",NULL
"2e44ea605407c4ff6503b9596c092498622d84eb","flac",NULL
"c520afda3f5883305b43f5b3ce09dbd4455e5543","flac",NULL
"6a04bd5c3d062ebc6132f468bb2350567cfec39a","flac",NULL
"61ea8f393d14c232e57bef1c65411f37f800eb94","flac",NULL
"fa768e81cb9a21358e92464188165c084a8e62f2","flac",NULL
"425357bef4178017d8c6cafe93fede07f139788f","flac",NULL
"dc07c3ebfabea3cbd018201b7a2e8a7f5c50a623","flac",NULL
"2fc758fd29136b0a2807db943acf8d2a1079279d","flac",NULL
"dd999b19c97a654bc104510ae18f1d5dfe58ed9e","flac",NULL
"0e838326e553919baab261f547010df433477c5d","flac",NULL
"692bfbf5a8e97558111f183372626f341e3735b6","flac",NULL
"150af3051f5ec3213e7061cc9d4147eff3ce822b","flac",NULL
"67796f3270e1867b23ae4c4167aa5ea974171b7c","flac",NULL
"aa26762ea63beaa773aaa691d63bd09fea37c0d4","flac",NULL
"3f4791118acaa2590ece4fde3f7e105de1e9ed3f","flac",NULL
"1472d3de255415dcce12e543a3b0d40bc0e61a59","flac",NULL
"718bee073a09b12917ed50cfb5d4ce3d6e51a399","flac",NULL
"d362f1dadede25a418cdf84b1b3dd4c1c6aeb225","flac",NULL
"8b5acf4749a2a3240ad9f66f270c6da75d6fbd2b","flac",NULL
"696ee7cf8ba38d7c81a121ec44f4edef60f0fe4a","flac",NULL
"527b33ff4641ce4089e00ea96d43db61df45902d","flac",NULL
"339b5af7143b94392de978113925cb46f177a86d","flac",NULL
"4164833661b3aecd4c1bd0208324523366f9c2d5","flac",NULL
"24ca0d5f2520577c70f5e9f5b3a775cc2864bbaa","flac",NULL
"6ca453381be4c633c28b7aedbc8f70938b48dd19","flac",NULL
"07fa1630938d5f41baf9a89432bf51daf3be008c","flac",NULL
"49bc41d9ef228ceeebb5bd68b8bb1565f7bc6c87","flac",NULL
"bca904b02ac7a12a9e16d03ea2af9e9e85b0e108","flac",NULL
"3a980b65645ce39491bfc82b58a02df525afbd1e","flac",NULL
"25b10951c2c21a4243560e391a0949266fc4471b","flac",NULL
"2f668e5dd97630d63412396b7cf0ab7c32fbf4bc","flac",NULL
"ef4761593a8edaca812b648c22109fb57e9a3653","flac",NULL
"2a1ce249743a5e34196347644cf451d0b91868d8","flac",NULL
"ee83046d480f04a07837f95dce914935566e52bb","flac",NULL
"a2dbc4389c35fbe1d7e188ca2c8162633bb4bd9f","flac",NULL
"ce6a1bf287c579495dfccb03bc4e407e12ff85b9","flac",NULL
"de0c1ff01fda2a686a6bebbe41b793afb29e73b6","flac",NULL
"4cd23e80727fe6a8556fc3724320c1639bed55e4","flac",NULL
"d914ec33398901ce5053282242f195f0082dd94b","flac",NULL
"cfeb22a9c1cf56a067bf93a451f8c9fa37f12550","flac",NULL
"579f5988efc907f9472f59eb755a6328e63f317c","flac",NULL
"3dc7d44905d4013cb0ef5a25704c90bfd27607ca","flac",NULL
"d017a5d719cdc31fbb8d7842eca83c116b6c1c91","flac",NULL
"26b97791f284c53e6bde4e0caee3edf3524ab29d","flac",NULL
"52659ad73ee92d5f4da48e1c5588afdd05d50d68","flac",NULL
"dff0e14456178fcecf3a9cde2390cdbdc678392d","flac",NULL
"292c489ca2b50edc12ba83dcc5eb645125d2fef6","flac",NULL
"1ef32478a7771fcf78c5b4c6e0c02840e8b6386f","flac",NULL
"d14f973624186485aaf08357da8bab383be05155","flac",NULL
"a013dc0e0bc43ff5c0195b7323177a32ff7a847a","flac",NULL
"adaeea860f117b8460d1245cde94b19cc3944370","flac",NULL
"d31a299d8469a60cb2552127d4479c0acc868a9e","flac",NULL
"2461e1648aa2c3b260c456d700754f83d69eafdf","flac",NULL
"d832f6d498624459ecee6cff334d7fb001607d61","flac",NULL
"cee410ba6db08b9aed0ee9c21c61ff35a2a44710","flac",NULL
"c48a57c643f96d11019c2864c246272288e9aa59","flac",NULL
"09f81e2a9f85164c588c02ea0d1420f01818866e","flac",NULL
"4b12a6ddd59dff7336fbd96e84ae93cf824534af","flac",NULL
"8296671250b65d60cacc6aec121843c8f5dabe38","flac",NULL
"9e29a24affa380816bccdddf6e21f26689d63024","flac",NULL
"5f0de76a12f05e89c40ebde591149edc99c9e4d8","flac",NULL
"0f4b7db3d24c86cf16f33d0afd00dcb46239a94e","flac",NULL
"8cda933251a48b416fcafa72452ce581a43f4373","flac",NULL
"0bb65aaa125f801f7f1843d3155903b7919005d7","flac",NULL
"72120924adb49f27e9c7cb3f527fe560a25bd310","flac",NULL
"84d5434dc594e23fe0c7823c130c9763975fadde","flac",NULL
"49b378d96c03842d30f323009340f1a8115a7660","flac",NULL
"4b074e10a110b6386365eddc686503b5d3f2b1b7","flac",NULL
"7505e0ae507a48b9043bdeb25f6d3b9235e8c404","flac",NULL
"7fe7241ac9999a960f5320c1ffa289b9bc8df70a","flac",NULL
"5df8742f310b5f22434d6b1ffe3daa162ac92f55","flac",NULL
"b7a6f4b7ccae1f642e279fb774f8e5181deb42ab","flac",NULL
"9d416b944fd78f9074c33067f3d2ad1d520b2d97","flac",NULL
"714e4f7c3df296e37ab3146172b008de00ae807e","flac",NULL
"23fbb6a9b040e26c91a0c4b2a067a888f71ae713","flac",NULL
"d9da9fbad4a844b9539463625abaa5827666c4d8","flac",NULL
"72f4e86e15e670c482d5bdc238ccab4b16cc00d6","flac",NULL
"881e57fc7385ac2006fb2429e850e1bd268d968e","flac",NULL
"d5c8f3697e81c2a8108a229da408ad961ace78cd","flac",NULL
"b55e6ca298b4b1c7312706812081f4307b35abbc","flac",NULL
"5bcf5bcafea116c2a1a5ef66b50ef8306b73b054","flac",NULL
"406870c55372dcc983693a411d30d9d0f9576a47","flac",NULL
"821b0946500b4a2c969a59b5fbe3920c63799509","flac",NULL
"b418e3c26546af92aebabf7e763293bf05481143","flac",NULL
"6e2619972b9807dc1e89cf6d8e17175155e7dae2","flac",NULL
"9cc925de5394013db27be892f6d3923361e1edbc","flac",NULL
"fd2d14f7551a73b78a90cee2da342165bc75217d","flac",NULL
"463f800b6433e19f8dc3cc3a595bc363f86e3c18","flac",NULL
"38da6ea87b3a18845d725ec8f7ef8465f118cc69","flac",NULL
"995829b4862385f47bb849506815aff8f06c0fe0","flac",NULL
"051f80cd8742622f727551f939d13a5fce63566d","flac",NULL
"c7ed3faadd4a4e0936bb581cd943a316e2e7bb4b","flac",NULL
"3e8e3dafc50d63b7ef4e7f88801c571fa4e71702","flac",NULL
"ad436b920c6947db22a9f09e4ee3e29163798063","flac",NULL
"3e21bfaffbeff74fe7b9b99b4c3922e718853a07","flac",NULL
"7d56415533f78ba7ac8531f8ea72a1deee78b5d4","flac",NULL
"d69c7d7ede3f20b1928ca1a80552b3210c7bc0d5","flac",NULL
"6f3345213eb8491ad24f54b4c1782c57116be0ff","flac",NULL
"5d9184efd98a0f5a1bc7a24e6ae8b1ea0e880943","flac",NULL
"491efb719635fcea6c38182ecd68c414a0b5f567","flac",NULL
"2077cc4ac74424fdee20eefb40b7bb9a4fdb7ced","flac",NULL
"753d05a6edfe3108165e25d52d4378773827a915","flac",NULL
"f2590675eb42c0c22cf9107ae5bfe5d2d68910cb","flac",NULL
"0b81d67094e783fb9118980513e907595c7583c4","flac",NULL
"2bcc8adf19dc2703733f0b42db328a40720ba595","flac",NULL
"a88737a8cbb7fd4ec62e3135cea862708b776621","flac",NULL
"aa0498a807c99e8098c05c28ee3410a85f0ddc6c","flac",NULL
"61f1bc097a36ed0386c27daa1b9eff28c85649c0","flac",NULL
"229f25b81b7d68e9b03aedc980cf0d6ae7d3f8f1","flac",NULL
"bb5548e6e656ab28ba8e695b8e3c797f0d89ceee","flac",NULL
"6bbe3573557e0b08d5410d23f14683374c0810e3","flac",NULL
"831786838fc70c9d1b6fd2079687eea1b583a6ff","flac",NULL
"990eefdfb513636606cd4d85d6a88bf056ce9bbb","flac",NULL
"39286901d5eb5519ccd320b8950005cbba18b455","flac",NULL
"592e71a7e857dd269fdd543254b62e1d23eff60b","flac",NULL
"338cc00335484be5b821dcdb99f5365791e7a22a","flac",NULL
"07cef760a0b774928b8a6b21769897562a03b02d","flac",NULL
"4f710e0ff9c872db94b1355299b6969a1e7a7eac","flac",NULL
"aca0a1ec1cd990696936a6188e246dee4f0833a0","flac",NULL
"318dbfb5117265ec343b5cceed44b7962c259b23","flac",NULL
"8b64606ae5652d6b11db66f9ad6b2d13aec017f5","flac",NULL
"c6768a4d919685d255376bb38f5a11199e9e87e2","flac",NULL
"e553c348e440a1a0e9a2b5f4d847a7f0b73e779c","flac",NULL
"41f637e1d1aaf86f7fb40624605a67e0c902284a","flac",NULL
"bc5710ee0396daed649565f8c89ab5b4bd7bfac3","flac",NULL
"38dea750916e5a6e78b1c813990577fbad89ad87","flac",NULL
"18e605dadb2fdd4abd20a24f6e67fc0e75b5914a","flac",NULL
"4ebbfdccd4a8f9dc4deb320b65d5351ba9194be0","flac",NULL
"34242db17f8c615ddb7e13d1494abf8c3f69dd64","flac",NULL
"72bf4aed386707d4145e82f8935ea7512f3c9d8c","flac",NULL
"978675d83657ba0bfe983772b9d7cf72dd8e7b80","flac",NULL
"b286551c26e5fff0e0696e83b37d4cb4b1553c06","flac",NULL
"98fa88fe7fa0bd26ddfb2c2a8a08716376025465","flac",NULL
"8a9b50e3e72e910fe3e51cc14799a66b8f5a0df0","flac",NULL
"1ec67a844abfdf904776a6f42df831b1480c4020","flac",NULL
"737f82a2dffbec8e03558019e55057b66402479d","flac",NULL
"6d544c4e84b03747126f9851f6a282abfd6b0f56","flac",NULL
"57ce28b5c8b3fc751a112e9edf7d23ebb9c12d40","flac",NULL
"89e4efdd8eae10211b817b4b88e6d550f83219c2","flac",NULL
"df517b7e9a073497f0fa08ed232d4bc75d8d8850","flac",NULL
"0466e1ea861934088bf1cb60a46a1f92fe061e85","flac",NULL
"5c0ab514a549f491c04aed0cdbaefaae662d7d00","flac",NULL
"0e1358119c1b930fc006dccf462f94f0bdebf8b7","flac",NULL
"f3c0af5f8850473352a081b43a6dfd0535434a18","flac",NULL
"dc7b6021e242bed95b0d9d1f2f3205fdb6a5eaaf","flac",NULL
"6c388b23589d29993b34fcc0b1acf1783b15bf36","flac",NULL
"cde74621b96221e340fa865e3fe99d47b77f3ecb","flac",NULL
"302fc719c3d6d9ec5c66d03c8a82a8ff00325ab6","flac",NULL
"31fe16aa67c016aea5b6402cd39a8d81549afac4","flac",NULL
"2047931b8b16fcc15a5b069f49fc3ce7bcc15712","flac",NULL
"bf10180cc44c85875d2d46c07ec74bca933da73c","flac",NULL
"115d9f92bbc5ff07d5d0d79a7b845dc7cf1ae188","flac",NULL
"c1be0f76b04e43958ad6983d88b213ec8ee94b1a","flac",NULL
"2a7235f37965ec53978837d419f0542d7343afbc","flac",NULL
"163bb1481e077f0bcbda9d7a4f3d4772a942f5df","flac",NULL
"d35d5b366b5e02c0ec068cae7ee80794257c4317","flac",NULL
"d8dd87b0d11546b3807fe9ee9986d51386c06fd4","flac",NULL
"c3d2ec1b6eaa3a9295a90a7698939f96a7ad8700","flac",NULL
"e8d44817f279553566cd23131e9fd45e6d715cd7","flac",NULL
"d1bdaae69ad2bf35210ff22bb51f9206e79f22f4","flac",NULL
"80dfec11c614c3732e8801a7c2d810edbfa5d66e","flac",NULL
"bf5e7df3668dd29ca771ffe154b2670c1005ed3e","flac",NULL
"6c7ee4c2f519c481d99a0a83609218254d9d6443","flac",NULL
"16ac98597ee95f89631a7294de2a0a2a75ee5dd7","flac",NULL
"a6f67f033886a774f713ed5086af07ad8661ac94","flac",NULL
"eef476aeeac48b4aba70be074c5fd3a3cd33cb15","flac",NULL
"9351472a7f6a9e28dc9b97ee77f9a2dc192e46aa","flac",NULL
"640457d88a23ffb79292d9af02bba168f71ad4b8","flac",NULL
"ade5963b694d8e8c5dbf604b0d3f4afd08810bc8","flac",NULL
"9cbdf16f3b242a27a4e5b09b2a58a5e7a7c4274d","flac",NULL
"be3ebbc2fb3f7d92d3c3a284b9af1130b08c5260","flac",NULL
"e7f58252772e68b463d4967dcf75e295b6b53353","flac",NULL
"3c8e030b6e866dd50ad4abd389a07972a91f54f5","flac",NULL
"cda9e54483db18082d3e8ad1b5b376757a8dec11","flac",NULL
"5a553bd1b32b5ba5b109a545298125a3e45ce3be","flac",NULL
"a5e148fdaa4006a42b34ef43853d601ecb1d6b34","flac",NULL
"d1585b118093605dc72f12be0dab0bfb90205ea4","flac",NULL
"91ae49e027c07a6d7cd1bcdb3cb5e41d5e243bea","flac",NULL
"a59ec23973868d9a74774d4bd8f18be7481e033b","flac",NULL
"91c2efd01752abd8e8ed8ea1027dfc2e20ba0b3c","flac",NULL
"b45e5b922350ba319db943d144e9ef1a4eb5465a","flac",NULL
"3cf000f23f6bc6979963f57428b70fec93ce2812","flac",NULL
"57d546d9ef9bd3776173b7c2968f8515d50330b7","flac",NULL
"47ac562a25b8496d0f960648bb8af64d6fcd34dc","flac",NULL
"ff8f485261556dc66435f06244e408fc59f6b82b","flac",NULL
"953e5e348728f4e4fd9518fb2867e23090a84a4f","flac",NULL
"0f27723518c82dd6bcf3532f3943684045bbb606","flac",NULL
"ddc4bd2c6c1571be68d8cd05be27fafb4079daec","flac",NULL
"caf1a1d6fb319c02874836b043a1c46081de88a2","flac",NULL
"c9b67ee7aca36aeb418b663ada83152a7f091941","flac",NULL
"ef4df798a3c294ca40b8a3af93840f379b0b4f2e","flac",NULL
"65f005089a836a02b34345a71a8c75e18dce0550","flac",NULL
"eb2ff0df5c3daef4fdf174da837a8c06754d5fd4","flac",NULL
"12cf7e95b2cee011e8535fbb3b78f39c88afe988","flac",NULL
"b05b33576e2fba66e7e7b3244a0bd24cce1e92bc","flac",NULL
"2bc9f4865ac4adc1e59e2f116a60bac49f98f884","flac",NULL
"21685a4c282bd22dc101f4887d055cf9f78f0667","flac",NULL
"063f8f30324ec04fea6706f75f61ae6c131cee31","flac",NULL
"74ad4051ac0aaadfb7719e175e7275aec6035211","flac",NULL
"c2dba6b831ce68542480a83e6cb4dca5f53f71c3","flac",NULL
"73e70e22449736e4c3569a1ce82efdca536f51d5","flac",NULL
"12932ce21623934c30fb5509ca855d743c2fd106","flac",NULL
"918d794dbc04d7db18ad2b27955655f0af24a5a0","flac",NULL
"1afe13f031eb0f929e62381c9b788519108ea8e6","flac",NULL
"4cf5111b78adc61df15df970b1b5c3e10d96c493","flac",NULL
"adda9a6ac3721d428c3e5da2d9e4740e78e8fd4f","flac",NULL
"24ee73a9e6e8efb9f013af05f5bb6a09085ff585","flac",NULL
"e10642eb0fc78f488ef0f68fd4ec18aaa2623e0c","flac",NULL
"fd04ffdc36aa6093b2b444eaec269530f92a58e5","flac",NULL
"0084a7a1fb4887ea5e82c24d01f0043f2c6805ad","flac",NULL
"7c45200f51f205b96e2502129b3f1b54687fa269","flac",NULL
"b70fa51a2edc4b0c9fe5475ce543e3c0cfccc9fc","flac",NULL
"cbdb21d1377cec6f7fb71557fe7d3b5b7e9fe39c","flac",NULL
"e63d0a39239a37b04935b3b3aae8242f611f89c5","flac",NULL
"99d6196f58bb7cff4f3f46fae645f7ed9f53e747","flac",NULL
"575be87bac21b75d7e3fc10bea6e5c40d72ca604","flac",NULL
"8ead81c18d2b59a726fb80e36a47ab95cc82328b","flac",NULL
"ce73bb0d88b15c2442fa9f96b99e01f3f6fd2bed","flac",NULL
"eae78861729708ae963c4fb23ba3628cfcacfb54","flac",NULL
"c838c05a90671728bf1843aab2fbe774c785613c","flac",NULL
"acb9fae43d36e75cbd20a907cd1aff8510d76a0a","flac",NULL
"a9d9e6aacee9276b0c9896ef22d5b3434a5caaff","flac",NULL
"dda91511c4adfe285d5d3fb2a767c8e841029264","flac",NULL
"9ecb1722ec8ce4b8f5615f74a144db375e4f9939","flac",NULL
"e060f31adf37afab6c03ddbeb25f9d044e7b70e0","flac",NULL
"83cc55b0b0e6ff90400a501f6321cf6a517b653c","flac",NULL
"28a4b00092ae43ce830211b0b303b1ab8de3dcf1","flac",NULL
"9694caca68492411ccbd0ba5c3702bf88cc42739","flac",NULL
"1662eac53835a35444eca86967e137359c7722c3","flac",NULL
"b21cfec7cc31677cae28095c10b4901774daca12","flac",NULL
"39d0e52384910c4976413f8f3186708a00fea6b1","flac",NULL
"1d7ce06b2822be63142e22c870c91bcdcc1b0292","flac",NULL
"601af8e76f4b4256b5e26e12fbfaa99382cd4b0c","flac",NULL
"53e5b5bafe36cd91793fdf75697d618c102fcfbe","flac",NULL
"9fbb7179c9a75fcdc477a8801f7b79624b2ceb28","flac",NULL
"0df860895c63d055c1a7d0d46ad212ce0f3b9613","flac",NULL
"2f57505cc051ab87a42e674a3686a3dc77720188","flac",NULL
"a9d627c06f8937fd23e4400757d7dd0ab052cf7c","flac",NULL
"f9af15d1afa198cb3e2d944210bc1f34859abe91","flac",NULL
"afa733c96729f70180115f9fd10c2a0a3778fad9","flac",NULL
"b9e764565cd648709780442130d50628251932f0","flac",NULL
"e9b3783137a84bbd81bd7fe9f62d3a1039bee22a","flac",NULL
"786f1986a87e2a5be1f6bc42f4a4d9098570b22b","flac",NULL
"0fbb7e13a2d111ef1ab0979ffbe1d9e9c00c6e83","flac",NULL
"b1c43d85d402011dc0f4e5b34d159f9d9c47cdae","flac",NULL
"5ea617ddda09c66f890846b21ee7ae4d6d4d14d9","flac",NULL
"9e80185e715b5624d283751872c357ecf80aaf84","flac",NULL
"e76ee4df1a2ced0ce6c728fc2dfcd7f41dda295b","flac",NULL
"5e8e890a360d9a1550dcd8a3f8ecd91a7ab5893d","flac",NULL
"e679a23db0b0baa3dfe5aa4cc830ef467f0c08d1","flac",NULL
"493c5671da5ed641b5f491b6ad3cb058d4a92403","flac",NULL
"25a0605bbd2a4557d3de6e986441975388b96c80","flac",NULL
"8a22215f50735d8d3885dbf7bbfde5e49d0991d5","flac",NULL
"44cddfb24387fd07f8953bfcd2fdf31300e56a66","flac",NULL
"fccb3c69eeb211a85bfd80f1348a447a0040f237","flac",NULL
"7758eec00720c84c3e6a03f5dfd644816d029f2a","flac",NULL
"99a86a0cad090f07f40241c3e56ddb8aaa18aa99","flac",NULL
"855e040204ded3f79ae66cf91e213f6ad2977fae","flac",NULL
"c11fbd9f7c768f030ff529cb9feeddc6d7739e90","flac",NULL
"b6e98ce15914922d9a97a88786458ab2d7ed295b","flac",NULL
"ef60f6bad190e51c674bc9ccf36437846b4cdf3f","flac",NULL
"74cebf8be8379da02dc377d2c045a910f3a24abe","flac",NULL
"5801f6dca1329db2099b57440bfa3afc8810e222","flac",NULL
"b360e88fa796ffad00306a29f30881738eda1def","flac",NULL
"d86de77be3e5c057a77af12d3fd6426820917957","flac",NULL
"514f05033db258d3b69b30032f6405301cd42e65","flac",NULL
"9b8756d49ebc5d4477dfb71a7a94d7f657fb43c6","flac",NULL
"2da15791dba35f14a18a97619be315b8e654116b","flac",NULL
"eddcc331d07690cf74c5fd14f5cada5b361f1ce3","flac",NULL
"b1ec7a5d66452990514444d057d4ac79530e7206","flac",NULL
"cc1b4bb63caf1e809d21ef9da28b851cde16c61f","flac",NULL
"a2fb9e486c1edacd0e63946f6c90c9da6f10f86b","flac",NULL
"bc79f8d8dad3153719165fffbc7202301f23adfc","flac",NULL
"a23b99ece521a086f56969298ac5bf22f06d50d7","flac",NULL
"d2357c459ef4e9db1f71e881562ab7963b209907","flac",NULL
"0ac5dba5f2e8bae35892a6b504d4c53ab9967139","flac",NULL
"400527f2b6c80bb67141d34910672b382e2371d9","flac",NULL
"dc91b898cdf8da9b541fcb9c241a10ef9b737fc9","flac",NULL
"5ffc7148f1a2fc9f3ac8917438bd1cf23c802dd1","flac",NULL
"6af025363a7f138a133ffd81ffe59cbb5144b33a","flac",NULL
"050e618e4f76b53c5b903a84b289058837d56a31","flac",NULL
"389e7af5193d0bd3c68a37c5e47496478ccc7035","flac",NULL
"de66bf0dc327e7df5d879312b8c34681c7dfc8c8","flac",NULL
"3ab84c0b8280336961aa9de5aa6f723c20081c40","flac",NULL
"6d6811f8c02cc254b42100a5c8d532950a8894ec","flac",NULL
"e95642cb57b739344ba66e4dc342a079c6447003","flac",NULL
"4b1e0bc186309a65314874109b617d2e16e55343","flac",NULL
"47a543dbee857e4469960628b0f9915d426493f4","flac",NULL
"34f5604b113944d4f9b8299503037e72e0ee1bc2","flac",NULL
"ee714821acce343b9146ceb63072caa3f9578fe8","flac",NULL
"8d7ecf156a22dc7610d4ea6af7ab4ea4d358400b","flac",NULL
"f742f3b7981621bee60e53d052c64539249a3757","flac",NULL
"018602d9b9186c6b9df3839bbdfeeeb30e686745","flac",NULL
"ef5286f38aed05c3fed9d056b324defdb7b86bb7","flac",NULL
"31689d33f087cd58fca05c9f91691d6a4f291b6c","flac",NULL
"6aa137d737d04c1e9327fad331a7f4f7eeeb47d7","flac",NULL
"2c02736d36c2eaf69804e3a5bf5c9ea6ce1777fb","flac",NULL
"f18f9c16d0e6cf7bca66d55c901ae01d0cbe4036","flac",NULL
"545d912d20d865d360c7afb61627d68f765415b2","flac",NULL
"e744e0e7ae19be8579eacab8d2c661f4ff2e6dfd","flac",NULL
"ae1bcefec6346ac2251bf54ec450f7598191d3e1","flac",NULL
"0d59f2391001280b1104d1c81a002e810dd2e60a","flac",NULL
"7610bafee373c8c86b5bfa5e92c17bad7f50e5c5","flac",NULL
"87c68688a35e4d44f84002af264ac158cd2a9972","flac",NULL
"0bb77501a4146e82aed57782206c7210bded075c","flac",NULL
"37f2bf3ecbbcd6b928d7b8c755f2898540a28931","flac",NULL
"5510ad803874690e71959591bde398547be70076","flac",NULL
"81f43fce0f87fe2cde806d31ed6116ccb1edead2","flac",NULL
"4782a5430729e63aff5f98e695aebf3b611398e3","flac",NULL
"63cef62a9ac9e6362f3be15c9f144c750e69c68b","flac",NULL
"087b1eeee1b9c811083454d55f4060ca4c0a6e63","flac",NULL
"1f13c13923dc51845576f878991547fe968c37b0","flac",NULL
"ee4630ead24c29145c5bc8e934c4f512aeb1a250","flac",NULL
"026fa6a9b378629727c3e0c71b4f9db6e49b23e8","flac",NULL
"d4c4f3c5d547904d896c1bffd724fccab1e1c9f9","flac",NULL
"4b52d55ca016b4757b535cba76467c21d734bbfe","flac",NULL
"9e5a16021624a187c9fefd1694cdffa59cae3f6d","flac",NULL
"fbc325a4791046a960b360b04d1f23509ad9bd4f","flac",NULL
"98e5fec5e5b473e199ed9248c8fbcb9c6ff104c5","flac",NULL
"845549d91f525b131884452d3ff10b1b8da08fef","flac",NULL
"b1d9e977bfe466b7bb9ed5cb19a1f0d925ca9c10","flac",NULL
"6b1a68613d407b473ba057b28a3e1b7149fb6a05","flac",NULL
"bcc3bee5349bad116c9c49d63ae95d923c7c88c8","flac",NULL
"4dab1f77d8eccddd8b622f24f8b3ee3566fce441","flac",NULL
"86c342da35bd7b1ff8f3c04979d7a2528497cf03","flac",NULL
"0fa54715f6b6c2f8e79d0ebf70a903fa44381b72","flac",NULL
"4a5577671687e1edd778e7e8cb458066f40d2ff8","flac",NULL
"9ed866d7c85ecf5932181d2de72fa0a433668e90","flac",NULL
"fc08a3258076f3c6d18b367201eafef385c4e909","flac",NULL
"bbe8068c71c09fd264622824bd36461f16d158c6","flac",NULL
"548f2f44d23d9a60ab2952af827848a15bdb8ae3","flac",NULL
"905aa9d01e178bca2f188d404632a35a595ccb97","flac",NULL
"75c1aa704e689cba803ce3b936a8fb97a197af04","flac",NULL
"013360af8f7c94d302aec603a154858264e17f52","flac",NULL
"c39df1d4907e2c3622d3750747ab05f0f5e83779","flac",NULL
"2687dd4f6de71a093613254d92de1d67cf37189a","flac",NULL
"5656f37ef8af90d3df2197e2857cbe0b9c1fa73a","flac",NULL
"7b807d2878d620e774d632e856e31fe8bfd43ee1","flac",NULL
"d021cd0bc37f3ed5a9b6bfe29a12284787f38c11","flac",NULL
"ed3ee2c8229a5aee02eb3a5768f43984b0857d4b","flac",NULL
"2fa33257b047e1e3139a9693bab46a853d5d5dcd","flac",NULL
"bbd566e2f91814500ead3904d82a6bff2ebe2fe6","flac",NULL
"a90523da9bae5ab9f59d54f971ad42416aaa8af9","flac",NULL
"bda17caede8a6c34193e2cbb7ff73446454c244a","flac",NULL
"b9216f2865aa919d421baa74f029bc2d9267732f","flac",NULL
"8d82db6875f8d789c0c9572b447573b36190367e","flac",NULL
"ff7b8c88158451a1872d8cc8977225bbe1708e3a","flac",NULL
"edd6756f5681be67df5667e0c295e31ef1f72733","flac",NULL
"5a733de52dcd3f76e655e993199fb0c77c094cfd","flac",NULL
"c80efba9d847cbae06f9f5b8c7ff28854d6717da","flac",NULL
"2f0a8c583a924ad7616e715ce218f88cb41315c0","flac",NULL
"41596988f88e7b9256c1bd9d1d080295f560658f","flac",NULL
"ac09b76a6cade4163123ef943801555a64ac9e18","flac",NULL
"cdb433af1159aa3f9bb228394c76e5f8759410af","flac",NULL
"ba3b40f2f90f26cbeaeac9c9f233e58c613979e2","flac",NULL
"86ba661cd253aca15fa30427d7636fe82a692cc4","flac",NULL
"87830babdad8ec5d72e2a1489e796246099ff344","flac",NULL
"6d2aa065885247f3cd93db9658c6537c919cc5b5","flac",NULL
"ef86d0ef9d6366d5432b7c729734f52527b7c180","flac",NULL
"e120e2e5ded90569bc413b772d2e22e64d19da46","flac",NULL
"c3dc646e60839a90102d41b4e17b4d6d9a460ed5","flac",NULL
"725f8b9d4205f3fa13d8c4960018bccbc681505f","flac",NULL
"bb388951ad6ed47b0e5e962c1926c164800d6eec","flac",NULL
"d7e0d6740d8c7080acaeebb2593a2229548320cc","flac",NULL
"07fbd55d46c601449c51c1014cfe72cdeb89c7f6","flac",NULL
"c29c365750acb075ae4797435f8516e46e878241","flac",NULL
"c6866794bc46243fa71ef63fab15f9eb972fe2b4","flac",NULL
"d72fad1cc2e20dc0307018e4619c60bb93904eda","flac",NULL
"9ff4a3b813c4aff79849f99500f21b8497df7ca8","flac",NULL
"d35f4e9d8c272aed59f24b3261b781569db3e86b","flac",NULL
"3805dfd40ac52a4e38114c34153f39a38b5c1f92","flac",NULL
"6ef833df7b290bec02af6b08ceacfff56eaf3533","flac",NULL
"6c74882d5a16095a9e250d86e7df61f7a430c1ec","flac",NULL
"26ae5cdb810267d554d13d65907a6eed8d0ca4c0","flac",NULL
"358e5139f20864407a35aa0fa02fa4036126fde1","flac",NULL
"7cb5ee47035a1ae1d5ccefda22379952778df189","flac",NULL
"900ffd620ab1e3b6b86071ab3441e0726da01d2e","flac",NULL
"560dad1d3b09019f86dae5b496c718450255b4f4","flac",NULL
"267b2de452a366a2f5ffb9486a7c19dffd56aea2","flac",NULL
"b8a51e663b60e34ee6847614faf677b15f9119a1","flac",NULL
"4fa2401e9d1f0acce18f974168477fd52c98da98","flac",NULL
"baa7f5bc88d6568f009274b05ef8f720c2e0860d","flac",NULL
"a621c681af5ab7008755172008081d1493cd8d74","flac",NULL
"004a41c16663be4e2da6658a16ac00b1f5251607","flac",NULL
"400a7da1afa06718565218d3822bba6b8aa63bee","flac",NULL
"3d532857368fa06b2032be67f3d76399b4fdedeb","flac",NULL
"1f4b4f918cffff36852bc98c208c370b7244b420","flac",NULL
"3617ee368a3f3a11a0a56868a0969ef04c3d873c","flac",NULL
"37ae2077597236839ffc6ef971f948bdab96760f","flac",NULL
"ac9a02359a07d59d5486e32ca52f9562c8435ce4","flac",NULL
"35a17b512943a96569e0e7d508f26a23f4be568a","flac",NULL
"979df8987315186feaeb233a3e92e36d203ecd4b","flac",NULL
"a4e44b784f5ddf925a2c7c2412431e99577adc16","flac",NULL
"37055bac18367ad900407c42affae7e50cd3b966","flac",NULL
"07830218420e70e9cc2af11b7d3dd0b0efd24c47","flac",NULL
"c02a29dc3d68a0bb95f7483d64eae3c4d795ca61","flac",NULL
"240fdeab9438d07d2c10dfba822b15f9d1c7e627","flac",NULL
"4978bb8842ece7b96e78dd649f3de2aa93a3291f","flac",NULL
"deda0001680c323c415cf905047f7383293b1e86","flac",NULL
"9ed35b22697446632ae21455231d6da306625b33","flac",NULL
"795b9ac4ade3052d137b54512ba5602dabbda705","flac",NULL
"bd24f1a90b2873d848c3a8f0de9a4e06c60d9f3f","flac",NULL
"9fd479b09b6c07480c8cd364490654fe9116a49f","flac",NULL
"a1c9975d269c64f07e3cfa677d41b1d5c3d4b9ae","flac",NULL
"602f83bb7eb8ecf2409ae73ef686407b612561af","flac",NULL
"20c395b1b982663cdcfc306272da6d5972e9e659","flac",NULL
"dd154b82980971888d696b08e6e65fef8b59fb67","flac",NULL
"b119101c4c7188b6c9bc838795aa80ded0baaa9d","flac",NULL
"426dc5b5051e7e8b11b2b17801d0f53beb139cee","flac",NULL
"c8a499fdfbf2b7cdec29dd1c110ebc1af999c697","flac",NULL
"5f9c34945ed81b866d153e75e6e9a7170b542b56","flac",NULL
"5950c5d2a02cb9ea35f4f257d7744a2420982f74","flac",NULL
"6a9b754520bd17a1b0dad49f13c20fc3a2fa8f6d","flac",NULL
"2e699decf8a2f52651700c9471e1c1709e2650f7","flac",NULL
"516df34c65c6fd68f17e20c5cc70d8b5c2a48d9f","flac",NULL
"ee6369446bf79b114bec9015eca6a21c8a09941a","flac",NULL
"45663ebdd8dc896982d357c7f34e4f186b60d2be","flac",NULL
"9e3419507fa5cb9ae8c1873d0c2fc151ef568bd3","flac",NULL
"60089da7d29b37501f5c578534a346b2aeb93ffe","flac",NULL
"ec4304b5324f3d2e70ded87925bc337c367b4054","flac",NULL
"d4d035533ad0dfd4757f67232b37f90931fd0a3c","flac",NULL
"5aef6e5fe136776895fc818a5710028a1ba9e350","flac",NULL
"5ae7352ac98ca7c04044cc6ea4af972d4dd91ab6","flac",NULL
"26bdebf9a40d204f37eb60419138199744aed9a1","flac",NULL
"ea00c7617e802117dcc1f9ad4c6e0ea7ffd1350c","flac",NULL
"b831b3b3d159be794a954247ddb2643f244b9ca9","flac",NULL
"05ef192549f755449b9c457052122ac7f56a8add","flac",NULL
"35acb906dd3489c8edc815f9b4c70705e83d9a11","flac",NULL
"159bbb3df06acb18db62c78a5222c166192629b6","flac",NULL
"2dc823e0f12da222953fa95ec66878e0fcb0b9f8","flac",NULL
"053ee4345376272258bd99e6e04d9a7769d60dda","flac",NULL
"3e5c81a5dc4e9c92b5fb744d98dd540b4859479b","flac",NULL
"e21f9d78947cdac2cce4b58604c5d8da259150bb","flac",NULL
"c6da854182c3921176537d0d204f8df0a197a361","flac",NULL
"4075aa992db0c467c8e871632f5c3cb9088f13b4","flac",NULL
"93ed3c4cbeb8598ecc2851cbe57c490cd8078382","flac",NULL
"ba73c1dee4af5fdcc5b48bac9d7015adb06fbe78","flac",NULL
"55032cd0e545453f1062ad0b13d019b1f50ab7ac","flac",NULL
"6ea0bd3593716c9d391acea92a8e6e431065941d","flac",NULL
"002b83e6e4b3c76eadd64f00be8b7339973da423","flac",NULL
"f77b7843095b8c5e718dfaad09e7cc979c3b627e","flac",NULL
"432d7df6958ddd5e68b653763bc5937ae2d812d9","flac",NULL
"5275f534b571b028773d027af1dbc866da07d7ec","flac",NULL
"e19658d2abaa6b1647096be324c7db0df6c0a778","flac",NULL
"3a1f155a872fe38707250a956e35f14265b5c7ca","flac",NULL
"95b728d22364804a0be881178c909729d3ebc42d","flac",NULL
"d08247bedb49695ac8e7b1dfd0aa125c844afbea","flac",NULL
"0012441c8987152d9fded065d113e23388658cdb","flac",NULL
"911d86a48aeba921e6a55228cd38a430dc16ac82","flac",NULL
"7ef97a9267b6c08ecf555b17e5baa817f1c9e7f1","flac",NULL
"0d2df500a34227df80c96bfa674036cce800a1dc","flac",NULL
"48a4a91368fe1222bca3c68c989ebd1c24f54da4","flac",NULL
"273068eab8fe8ac33505f6583ad1ba0ca95fae5f","flac",NULL
"09265f2c687d1031c67c1d0f3d9d04331cae4af1","flac",NULL
"f7d320a0091190c469f247ef4dda45e0b66189f5","flac",NULL
"8a0755109cae479f99043ed2d2e9b52baf73b4d8","flac",NULL
"b80b62c768f65ec69e02054ba9cb6bac1ffeea60","flac",NULL
"75841f15aec875f3ae4302cce25240b56c23d570","flac",NULL
"f603929f759d7149938c79ef32a119e080ff3fa8","flac",NULL
"e879c6e50dfd94521672e1075874b847775a2d67","flac",NULL
"96225cfe2fea7ca49fcb5ef92ca445803bde18bb","flac",NULL
"623bf99a878df1ac5a88f068b804cf0fbcd007d5","flac",NULL
"0e5076d158fea6bc488dd6608cba6fa95d105dab","flac",NULL
"2496875bcbc52d3cc99abf8c4298aa939e915456","flac",NULL
"5f61884be3ae69b3208341a8750ac58a6a9eed16","flac",NULL
"d836a64c4b7ca7511701bdfd127e4b59a80a46ea","flac",NULL
"57193b7b3ca2435499283d53a13c897a41c11cd1","flac",NULL
"fa1ce92869b0bb7f4505c0b9debdbcfc5c7d0423","flac",NULL
"b501ce7307826d88d5ba0dd84af44465b29f9b52","flac",NULL
"830ebd5c47369b9bef30eadfe490816dc088f3c3","flac",NULL
"7ef5ffb111a249b59f0969138c117fe89ccdc9cf","flac",NULL
"a3d0c56d584073d2360d14151d85185413471955","flac",NULL
"3198429fc8a9412ec66d135c06dc21f9771588ac","flac",NULL
"9826e1203b8fd28d143e7e4610ca31df5f481b0e","flac",NULL
"26f15bcaf50d3813f8b090d26eb65beab9cb5f60","flac",NULL
"ec5488a1d3bdc23fa6ce6baba5e063b9baa6ecbd","flac",NULL
"b560f9897cac7da314fc5aa0a446a9c299417405","flac",NULL
"5570646952c7ea302b7aba4d94bfd9b6b81303f2","flac",NULL
"9d2714910a506129533676d2fe4beb8010f156ca","flac",NULL
"a11609c3ffca2e1c923f840bb1efdd3d99342862","flac",NULL
"9719b120fced3e12b60179c9d2d0f6fb23f80945","flac",NULL
"64c0e319ce3b53c9e35afd7906868799622bd1c8","flac",NULL
"5d61ab6d02276bb0627d3b5c7063e5dd7ba2b136","flac",NULL
"7159eaffb7424daf33ee290382e5a2a1a549caed","flac",NULL
"a0ccd6bce55432c698dd05a9d4d03011a9d92a4d","flac",NULL
"edd41d5080a720a9b421786875f10342ac0a186c","flac",NULL
"6e25f314d7ce9560e64b40992a618c2068635107","flac",NULL
"c9c2774a33b2b5059a062a9601686f7ef81cb1c3","flac",NULL
"c65dacd929b7d386139d86a3165d0137ab27af85","flac",NULL
"49c4c0a174bab0c435635d921ac237f887c5128c","flac",NULL
"c084f2dab1c23762544ed5c85953a62fa7192d97","flac",NULL
"0ef49e4a2e791c30f6a97b442277f9d44726c45f","flac",NULL
"d0148875d4cdd5af88bd66fbb32dfcc69c687b1d","flac",NULL
"23ea8a56f2b5530f533f8762c026205e078a9b66","flac",NULL
"d464e397d51e20856682569f262f44698480496d","flac",NULL
"11b2831afdd5279ad14ef29ca86ef2fdc5486fdd","flac",NULL
"266fbef2a0e77a4726772138ec95e1ce5e50f106","flac",NULL
"ad50f2a4d84e6ad1131f48f1fe345317ebdf4a5f","flac",NULL
"584ecd533d5de85b09f9195d0e72d76d93ad26cd","flac",NULL
"376bf20c312c15fcc3028eb1937c1ea7fd4432df","flac",NULL
"a7e3b5099cc276b6e9a0d9bd1706f3c974240e89","flac",NULL
"c0b56b0a51de2317904e4d57beca26f1a912f030","flac",NULL
"a74e8d30c91fcba38bd4e194be766124805cfb66","flac",NULL
"a0762a929541aabac0512f4746ed76ef7a1157a3","flac",NULL
"01ced628f96e113d8d1f7e4d9fb486955f7d4382","flac",NULL
"22b6febabd310a65a8f8eb8176a3ffb334ed255f","flac",NULL
"6cc46949fb3d6c7bdb25a498024350a9d9afb847","flac",NULL
"96b10ec9d0aa6b5f804e115f5ff371cd8b528d0a","flac",NULL
"000fda577bdafe94c4111ad5280b5eeae46b6900","flac",NULL
"a134fac832c3952a3b0bb985501ad4e64c69e90d","flac",NULL
"2f71f509eaad861c08a31b769370a22782205654","flac",NULL
"f0ab22a2339822805d048d021e910075810f0bf0","flac",NULL
"364903ad01a1ce4d0f063075131c3796062c2213","flac",NULL
"c1d962c7922d25f7fde6f1f90664be86a765e663","flac",NULL
"fc86d51b08a366adeb4568d4f90736d7c081b4e9","flac",NULL
"414483cad0b157f0d82af9e62d0d00b3463b9ab8","flac",NULL
"7ff7184f4da041c408b5df34b5ba7adb4827542a","flac",NULL
"4b1622ad39c1b3267df2b029aa2b6cd41a11f833","flac",NULL
"a0e3474f05b3bf180d608dacf7ebd319df5009d8","flac",NULL
"db0afd57166fb2a5762681297a11a4a26672c3cd","flac",NULL
"8f5dfa40791804ffcafc09eeaa982be9e8551d95","flac",NULL
"1ebcff9c11f086e4b1e608f9dad3a99f717a7804","flac",NULL
"6252eb386dfe9b215163ffd5afc095bab64198cf","flac",NULL
"f4a9323cc0e8c990408cc13c0c22b9d3627572c6","flac",NULL
"ff88f462f285004c412884ddbdac4ace5bd41325","flac",NULL
"851ad1093373165a0601ca3210977627493c9d8d","flac",NULL
"a912989cdd7be9c6cc54a09732a3cca826b2a8e2","flac",NULL
"3756c5f623d2f47f159b1224e41e09d7a5e8df87","flac",NULL
"b2a51e3a29cb087a0902d27d8bed4f33d82715e1","flac",NULL
"1a298d0e3966e95f782a8aa03a500edcb674846f","flac",NULL
"648e6a26686c7a79fc3e7fa3dd9ea733f1de66b3","flac",NULL
"1a587bb485d3446c5d410d82c3ae20ad3309cf78","flac",NULL
"6482b4c71657bdd560e5175b5bd095896162045d","flac",NULL
"795275f3fdbfe0f6ba426f07837d7441070b98df","flac",NULL
"7b8456437ee1baf110015c2233797648da0e4cbf","flac",NULL
"6d3faf90bd6ef9072b6561a9d45068fae235dc1a","flac",NULL
"81b98f522f735998aaa917fb47c7f3b36baed7c0","flac",NULL
"346770d305237f95aa0a47379b224f80c58766ce","flac",NULL
"046e357b973a0f77b20d67025613bdb3c11a0347","flac",NULL
"536ad6c63e202348d4c976a4db87a25bd46112ec","flac",NULL
"357bc344eb8ab95cb99edfa97b9029a4b36612a9","flac",NULL
"09e03a06d701ef5bc101905ca1736a51848bca0e","flac",NULL
"ef847c4357e54547dcf27030b1ee9c3e93c0cccf","flac",NULL
"b46ef13cc1ac86d254a9ef0b2af2eee97067849d","flac",NULL
"97bca631e2fca8f0eee477c6567c9d5c5b85464e","flac",NULL
"937ed1a294417f5b8966ed3624ae74d4d9940898","flac",NULL
"8fa67bfbd17051c5c606fc76db02639e7fe6ae95","flac",NULL
"de8705376b8fdb92541300728540c4b32ecac4e9","flac",NULL
"8095a8087607d3c79748307d37206bfea8e04546","flac",NULL
"97890ec51fc00ba9a94e735a42e69f954fff31bf","flac",NULL
"4cfd1bdfd2a796486d8d8386d7d9a3c5b1520fbf","flac",NULL
"7156d15a4a9a5dd7632572722ad2d2c9898936c2","flac",NULL
"ed1029ae6b5d32e01d7fe7a82c511533781f8528","flac",NULL
"97cbbc9bc48a72f1735c1e842903fe7aae09038e","flac",NULL
"aa0a62685393d71a495e7ede63a68e5b976891b8","flac",NULL
"e82e0549a1157a78a94fc5aaca4e7c34dc9ba2fc","flac",NULL
"295a407f6b4aa2a8bddabb03fa0664cbd9a246e2","flac",NULL
"c22dd44627beca98a88b0d73db0202b7805e131a","flac",NULL
"9bb15571d75eae26c1333595318b93ab4ce1c981","flac",NULL
"098d2dbd8938799bdb6709e38fd600e4482c83ba","flac",NULL
"69f3d5c49c74bedbe13cc845dacb1f990255d9fe","flac",NULL
"de86cb44e79a99996c1a724ea49678d0052d3f68","flac",NULL
"8f49e3622deab20ea80895014b6c6831e10a6399","flac",NULL
"1d7dc468ddb859181f163c7fb9bfd40bbb6e4fed","flac",NULL
"75ab2b77bb38ff178600ac3a98d2cf276e304c99","flac",NULL
"96c19d0f880106226294417e2232be25680cee60","flac",NULL
"406d3d166508984fc17bf3d4e8a137c14c187acc","flac",NULL
"2c69f8e16d9da8e515a1fd6f2e5e39f2862db083","flac",NULL
"94f30c5ca60fac2b0b8c70b63938e65f25e0d469","flac",NULL
"b6373c5c3c8dacd28efd5bec25ebf96f86c65a3b","flac",NULL
"6ce9d56b1633d02158cc49c149ea5b825bef603b","flac",NULL
"b3bb3f3fcdf6f2ca704bf6eae6243d7c95ac6887","flac",NULL
"598434deeab6d366b74150930cf580b46133bc33","flac",NULL
"bff54d73549a72874d2dbc23f0c197c925b6ffd7","flac",NULL
"5c9f71e9f6fcd7ef6e4dfe6e9bf0d4fc2c9f67b0","flac",NULL
"3ff6ec2b4fcd0acda774eaaa846ef6513b467e47","flac",NULL
"613f7537c2ac8e29125ae92d8e20b093dfb8c4bb","flac",NULL
"b35d3270a544530c3b6116e3c709f7c43b2086de","flac",NULL
"51565b8937b3dfe1f025d82a22a02f485498eeca","flac",NULL
"08ad1d2e97b2bea4bf51dda146b23d0598395284","flac",NULL
"064440c67d8114c0d6a3a4cbe84a2b0ce268eaa8","flac",NULL
"0bd3d10004a51e4b85dd44f9cf652e7fea51a543","flac",NULL
"4a741b116ea2cd39ffc9f29fa2b216cf3c6a1a32","flac",NULL
"2bd9998e699c9769c27fc1621dc84d0144352ca3","flac",NULL
"6a8300594f1133e46c118c846f674780571ff360","flac",NULL
"4159cc8b9775b65fd4b68ac936bf77903e6e382b","flac",NULL
"8fdd970a587dc45351ac8adc078a6770bf954f6a","flac",NULL
"c9f939ee2611bfdb37c2264ed262cdc5ba6435e1","flac",NULL
"248794e08ceac07d62da86a5549bdb67106e9305","flac",NULL
"e93f05fa8ea7891cc33f0ed5a73fd7c87aefd614","flac",NULL
"a827e377639aae290e7d78987d4487a2f5ad2eb3","flac",NULL
"a58d1f41893ad4cfe08a3fd4b4f8a98f2900e658","flac",NULL
"cdd6e5a32612be0fda0c92d6c65bfcdd52f86c20","flac",NULL
"b12dbb2c1cfdca34dfb04a3e21b0b6400a5ecbcf","flac",NULL
"3708b3e49aa75be37fbed01f146a21df22854115","flac",NULL
"aa7c73244bd48a46289096d0f550ad3eae002afa","flac",NULL
"c578bc396ab2dcdf1e0f661e167bd6b313f3acaf","flac",NULL
"74d00f1c8e97597fa1e312e1123c27c0604c98e9","flac",NULL
"2edb6a69eaf2ee8a9eae0fe26916ceab02b4d063","flac",NULL
"720c745eb2f4b914f16beeaf95c000176223955c","flac",NULL
"8a4a16b276e316b1324e6eee06125a406face0fd","flac",NULL
"9655b2c968285e4ea5ed5b8f7e41ade6b1254d32","flac",NULL
"7bd8a7a953d2320854ee481d6c4a092be089420b","flac",NULL
"6bb96971e329d45ca6e3ce29f4634de5745f9837","flac",NULL
"bf6e0571941d969b5208bb3d7df9d78c2edc612f","flac",NULL
"72beecb338054ae3eb6530d969efc6995fae0ef2","flac",NULL
"7bd84e19ecf6655c9e48d1bfef94efa007407308","flac",NULL
"2deb9872ed12707734f125fff671577e4673de84","flac",NULL
"f98305c762c3580007c70f1ad2e0ddc51a2e262f","flac",NULL
"8fc8fd556103c963c78b587c18ec8a27b21b05bf","flac",NULL
"ae88709fca4104ce6106ee2c69d0a74b2e4a6af5","flac",NULL
"3b1f633ef8641c71e61df8988be83f36c64993f6","flac",NULL
"91a1fb3defb5191c4e5b4fa80a850252c3ba4122","flac",NULL
"f713d6df94f85df23f85533b05a66c1deda19884","flac",NULL
"f386c5058d59a215aa7c509ccb2e9dcdcbf8c1cc","flac",NULL
"77af5d04273fb251634472051802d254b2301d7f","flac",NULL
"0d7d85e2c29e9e93bc83f68fad2da4afd6ceda43","flac",NULL
"c31d411d55aa88ae44b71bfec811b0be81ef25a5","flac",NULL
"90ae0936ebfb53d2da5eaac804f9e7d0a1449a6a","flac",NULL
"cee28581ba9f8ad543c9daf9957005c61417464d","flac",NULL
"2d57360dd4596e260b20706e799e3bc22f7ac41a","flac",NULL
"a26e15511dc2150ae45d5360aba6e3b92380a9a1","flac",NULL
"16a28060ca781c43e4fed7ae608ff11cc258bbb3","flac",NULL
"2ac17c419336fabbe7bbb444d83644780e8efceb","flac",NULL
"c3eaf685624043470cc1f8c46c91de53140ccf14","flac",NULL
"e7ded56402680f92a6f2a742a557dda0e70c513c","flac",NULL
"5b54610779b2bedadfeef29f90d3e5a891f6bd87","flac",NULL
"47781ca23a70c3ad87675863f2e3ee26a74b97f7","flac",NULL
"f040c0a5bfcd1d9d4000c9697d26d8b876e258f8","flac",NULL
"110e7daa09b9a8d50474e5db72e4972c515141de","flac",NULL
"7cc4b29838046757bd98e1f70324883c233d45a2","flac",NULL
"51421d825bed25788f1138837353e81b8d4ba665","flac",NULL
"62e7691502cb089824f5f06295fae05b505f9dfb","flac",NULL
"ea6a90f0aea14aa1d9a84377f929391e2dd1d66e","flac",NULL
"3ede750d79fad36959a6dff234714872f3763ceb","flac",NULL
"33c97e1ca8ecccde58a88216f764400a99dd5628","flac",NULL
"cd0436648b11f681c8009bb268d8a87892bbfc17","flac",NULL
"fd531ccdb3de9ea47f0edda7db1738234a3c85d7","flac",NULL
"2de8639b1ff9bcfce3ad3237f29aa98f246a8f00","flac",NULL
"d48db5a6fc800ece6d244aad2608e26969210224","flac",NULL
"e1716399ff0675a0cbaa3bddb935631ce2aadff6","flac",NULL
"d0b8d1f7866d54b43802d9c796d48a02136bc601","flac",NULL
"fb95ed4775f9c0a1890a03f3e21c3e4505503535","flac",NULL
"95d9e0de368abc08826175482ef503f8e075746b","flac",NULL
"77977641f8f40b1bac2a6f15b23d80b531b809f9","flac",NULL
"cac74735b60a6ecda5c47aae61c5148d6d573cf3","flac",NULL
"a6d17a81b7f8db523abe6297d0ba0f39abf10dc3","flac",NULL
"966dda4066e574b287a5f9e055b4c8d50eebdce8","flac",NULL
"6f04a828167a68e7933abb5750311dcd5c43bb35","flac",NULL
"21573f505ad1d495fbd83cc289d1dce3490d58d3","flac",NULL
"9134704a1f0f9d45eaa8b9334adf70b381723b05","flac",NULL
"60761c67eb3b8d60fca52e3740b3d4c4b402c082","flac",NULL
"210d853fa33ceb233b99664ed666919e57d5fcaf","flac",NULL
"d366beb19d8f1b7ebe664545960b61f3ed5ff608","flac",NULL
"78eabf476bdd110fa6f5c3d56392ecd07ea39a4d","flac",NULL
"50332f9ba98db071bacebaf8af2be9d4d8f1c412","flac",NULL
"3068b5abc6cf4556d631aeb4ae0e79d6a672fba2","flac",NULL
"653c24cb59121e696d439225f689ed157d25a26d","flac",NULL
"659f3e604b8dc4b02c49f0de1e52d92f3e3c6ad7","flac",NULL
"ce5c38bbc1b8d2cf183a76c958a5b5e8f276c843","flac",NULL
"e9b6d3467dcbdd8830255eed4e6f5cbe5e4599fe","flac",NULL
"7035b4f4a58a8a2d39bbdd52d9726d803156cfa0","flac",NULL
"e12f3d1ce8ed13b38e0349a61878c9c50c4ee4a1","flac",NULL
"609f4fd458a375d4ccd8d9089802232f23b7ef1c","flac",NULL
"25a52b90c9f16700e109dafb86611c34ddb5f06d","flac",NULL
"03f804248645ebbac59f23e7eae49c2b9cdb9d99","flac",NULL
"cd16fd09e67aa51e93494facfd28d71d3fe880d1","flac",NULL
"d5e3aabeff648ac232c31836fe49f15610f66a87","flac",NULL
"b3a2c13d162d5d80e8750f0bb6f2c69747919205","flac",NULL
"835a5f88b63fbd2a40516f02c3e022b964b0694f","flac",NULL
"073b938ccdcfa5c81dd49046b62cdfc03b583617","flac",NULL
"87eb5cf101f6f2e44d7f86cea57cf8955a8a16e0","flac",NULL
"b7c7dd9d3931ba67f5814dab99af0211ff319f84","flac",NULL
"aba20153667a6abeaef58c1b73fa2908110d86ce","flac",NULL
"8cfd093a3ef617c184e789d15ddbd2fb01aa3f31","flac",NULL
"3e8620f6767f9dc90b7c9a932c0bea4156d23ca3","flac",NULL
"8ee2962f76d3416f9bcc3761380820b2ca140b7b","flac",NULL
"f434a12851fb2f5329dae0ad51e2088239305d7a","flac",NULL
"6618918d2c7b24de6f2e2a4a10209b2d02155da2","flac",NULL
"ffc2686fa2fc0fc095b341acc35b27f112cdda44","flac",NULL
"714316d3e47fa000615e870f054b9153dce86656","flac",NULL
"b4c56ff1d62ef1114cf7113db04f4e367f19ef44","flac",NULL
"b03954136a6e3af031f930cfd8a9647223264b75","flac",NULL
"76e214d40982ee360d4a5848cc8f6c7b077d3d68","flac",NULL
"65a6bf9ff6741f6fc021ac0c60cc57150bb3938e","flac",NULL
"d0d90da0188bb4c84424c15eff46c5035ad7d0b8","flac",NULL
"2cf4be953ef65a6b5d37212cd7a46e292c65fb8a","flac",NULL
"dfe2f12a44fcb74592c2e72bf96396b8b538cb68","flac",NULL
"5025cdbbb3394f15dda64753562dd698d8e646a5","flac",NULL
"87bd84259c7445a094cb9f1056b2160c3ab633b2","flac",NULL
"9fb9a88637fa98470cc3d9cc68ab9ea936077cfb","flac",NULL
"4c115ec95fd5e06f896d7113b9c25d8beec4481d","flac",NULL
"8cad5382d17653d84967226deb06e350d69e5d3d","flac",NULL
"397e18139929f19c6459e1cb494a36f0b793322b","flac",NULL
"1705c7ee16c1a5284536d76c29816784a1a5b064","flac",NULL
"d783a82ee07e8fe318dc055980706479da24dfa7","flac",NULL
"1b54fb3b88290a57cb6f52e19f44d697674538b2","flac",NULL
"0ccddc5d6958f08b554b56cda641e17f78f4f47a","flac",NULL
"0d3a98aa03ce59c1c17e0bd84b80052e05d5e5ee","flac",NULL
"e028283973ac7bb0a5158d650f111d50244c52e9","flac",NULL
"4206a53e84c66d683058b6d992bcdefa1f726676","flac",NULL
"3ec13ee2f420d94c1c67840fcc370f679bffc036","flac",NULL
"c5c0e33a6d12e1be56885147441c0a03020e8a06","flac",NULL
"b0bf683c159fb90a5011ef6ca23358cecff46681","flac",NULL
"5c65c62a48cac770248276916a94e482e0d67f1c","flac",NULL
"75edcc9c624738f16431d5c80c558447ee8fa7d8","flac",NULL
"52a1bc1a04e743b778944abef09967bcbec61d67","flac",NULL
"e83392f92ae82a4fe83e258a49c4693fc7dfe298","flac",NULL
"e0afe8c58fa7a18b244eaa84e47295ecbfb35057","flac",NULL
"6bb97983e9c9446f7cb6840d7092f36ba852d803","flac",NULL
"8c500ff2c62c5b5149592d6036cf8bb7c94d73c3","flac",NULL
"c50a45c23bac03996d20b1e9e7c1c7698a3ce4e1","flac",NULL
"d92ccd9b23ceea82d39f41a3c6c6ffcddd81d432","flac",NULL
"4e041afeac91132e3354ccca0b5baf1d6b97e639","flac",NULL
"ceed4ff84db5024d356754e4de33bc4344f664a6","flac",NULL
"f2d7ea4c61fa0df22201a2ca706b1391f3f3de26","flac",NULL
"32cd1ee85757e2d1cea153405e44c9cf0a7d7fbd","flac",NULL
"d6464786d7b3f07c2503e637005b7c614712a7e1","flac",NULL
"091fb13e9ca47f70a0990e6e68d03dbe271b5c1a","flac",NULL
"68251ea0f27981095cf00fbd46a71dea812fc6e4","flac",NULL
"21886cc791ada52f8ee3f831bd8e45b45fb64342","flac",NULL
"5e23f279fe6133dbd810d843117711d03d105694","flac",NULL
"40062dcc19e3e41740b9ae0b23f11c82a4044a80","flac",NULL
"9c48c6d9c916b0bf3dcfc0a3f48b774f9c6b9189","flac",NULL
"89412aeb127fb8da865e857c9351688f6cf1c22e","flac",NULL
"e86a33c6f5fa1cc4c449d72065fd755b6cedeafb","flac",NULL
"01fefa468488b15f4525ace9da8c9bb5b7e0c893","flac",NULL
"09bdff419a64973dfe7df175aa2c9bdad72eef15","flac",NULL
"d15885d3b7880ca02a5dda114c8b1f0c4d8014c2","flac",NULL
"89935df9f64da937ee56bc52588b5beafad0fa95","flac",NULL
"336358ec368c66bf1e444886c81565111812f744","flac",NULL
"e2f21645f980c886782d1a037a351a259733e0ca","flac",NULL
"106619884bff249c71a5537572bf82fb940b1bec","flac",NULL
"8715cdbc5bdce1a4eaf2653d732c3842272acbb1","flac",NULL
"e56ed90fb34cd30080ef757ea8c0d965f9102f7d","flac",NULL
"c38c94828fd7f45b2fc3760babcec2c6513bc87a","flac",NULL
"bf64c32b529ab6f5ce34cd19174a47dd15743c68","flac",NULL
"c40fc2658c28beff2f8e0a5fed6e7fc1ac660802","flac",NULL
"bfcf20930b823b34cff26f7a8850a8f9fe89998d","flac",NULL
"f6c8d7c1dc111df463e2d7f03f1613f51013e8c6","flac",NULL
"43f7009ccebbbb77f266eabb61f27130c3223126","flac",NULL
"e81df9fa84e361c0486fcfae2e3421d28ac1eefc","flac",NULL
"8f51288f28daefd6cd6ab1bc206c249cf4cc7f0a","flac",NULL
"48f2ba51e085e2d5ab1653a9ec1e40c1014cad39","flac",NULL
"460decf39816935ba734f89a384ccd27b21f1a70","flac",NULL
"3251fa56fb871f123a45db7ae9d18dd067b51395","flac",NULL
"00f3b1d05cdfad34877011753df5c62c96b34b4f","flac",NULL
"e9323b456878b1939dc2f53bef88ec5ef411e225","flac",NULL
"dd861bad7140d99e864da988ab453c77fa8780ab","flac",NULL
"c69176bfb29445c351d95dbe9595c17ec0c44c74","flac",NULL
"844ea059d2ee7c6e88577c68d2765765763bd3d9","flac",NULL
"a477717c7421d6b8a20b2469adba1783bb9b152e","flac",NULL
"013b325a451b64788b0be52cec9d0d1cc7f6f4cd","flac",NULL
"9d95fca7a668c379e317042c48ceb12bf8ed9161","flac",NULL
"c3e8c721d76bcfa699c20f746302d0aa089a1cb8","flac",NULL
"0504e760afe83a6d058367dbaafaf3a1892be634","flac",NULL
"a0fa1d0d8e1556eb92db6fe928b4fe3b146d5b14","flac",NULL
"70d93d5300b9ac6d738717c3aa3c4e797f25ce10","flac",NULL
"60bbb8369fe6442a8b1677d7dfdbabee1df93efa","flac",NULL
"31183bb34a0168b79a581b9175da5e46e9467276","flac",NULL
"d94aae178e4c1bf9a7bde5b9e937b6ff91bc05ff","flac",NULL
"c5a51facac1241dae042ce7ad6aedf64d94af4fc","flac",NULL
"a79e44ae6f1fc4d1ff070178dd0a71ef29ee70be","flac",NULL
"801d4bad21811db81fa58d0f65045e0e8584828b","flac",NULL
"7745f52682377824a21cbe88bdba26fb39d8b867","flac",NULL
"1c0fcfec5421a576094284e5c1a1bb0a2c52ea95","flac",NULL
"597011d396bb6b66f7499c21b11a5ef6fc06ccaa","flac",NULL
"753a4d7548b93108c1c411148a2b2a61be81b28b","flac",NULL
"309f65b5e8648effdaa75afdcad68e292c253f91","flac",NULL
"39bc7d1de1a118b6739f8007a6f88572d641fcf3","flac",NULL
"d72dc5814f7147747dc420dfa7d317ab67c6e476","flac",NULL
"2bfe4e2ffe632bda13e763e6b97a0448a3b5a9ab","flac",NULL
"e92681e3bf7451b23313db3cc1317d19ad9faf0f","flac",NULL
"1319e269db9bd0ba8b03e54566112b067fc828d6","flac",NULL
"5d567dfbd1181fa1fd385c529dd2b22c33d3b1cb","flac",NULL
"9562de3f0e50eff402f2787bb031ea4810d21acf","flac",NULL
"6f730cb83d2372f74941dc59e2e8f0a5796fa4ea","flac",NULL
"d35f9d686da78e98a185de1048df65f3b3abfd9d","flac",NULL
"e8106d2e6a5a2caaef3100c99848ad8f5991025c","flac",NULL
"68051ebbda2a296eb731ad3886d2dbbf90494b7f","flac",NULL
"d6b9092b351c872bdb8b0ffa4c985c3e1f0ebd12","flac",NULL
"f056a22db27c18fc50711e3672114eb1a83f1d70","flac",NULL
"27810efba40b3f4ee60a0f5dec0504e75ace8fe5","flac",NULL
"e55636db2f3fa3c0a99245b04a98aa87bc6663e3","flac",NULL
"dd48657f7b30bf7437201cc9aec8116b60bbbee5","flac",NULL
"b9787d60b0fccdef459d508cbd74eb7f886295ac","flac",NULL
"ef501cfe52b93fbcb93667b1d02fe5fbc8746e76","flac",NULL
"5be7af083ad5294fe647cf96339afff646950995","flac",NULL
"6db84b5dcb331fa44add85323bed7c63e4300395","flac",NULL
"2efb7e7d65f2145b7875302b70ab4429e5c34c63","flac",NULL
"3a05421eb5574f79ba0968d95dced991c64908a6","flac",NULL
"30b2c2af72238f51573c49c789339d2977dcf7a2","flac",NULL
"282c9e99a0cc72ebddb4f1f73f697ad010d8d2ba","flac",NULL
"ddcdbb7e4bdd7f6e1261d070bbc4137d65d23a4b","flac",NULL
"dd3d19c66636af5066aa688274d8cd93b65c0422","flac",NULL
"092cc116892ae8166535e08cf7a377b9acf713a9","flac",NULL
"926153423b7963ecc1f5555d6c46fb45f028f832","flac",NULL
"93b40b5898d59bd91ca970e1c1e7e35e6bf583b1","flac",NULL
"5d6a20cffa9cf3dfea9b4f686b76929cd86db631","flac",NULL
"6443ba59e42a6c07b5a4290b6145702d45c6dfa7","flac",NULL
"1496c99ed265798a918b9c56362b7cc692af1af1","flac",NULL
"d2cf7cee9e73754e69be05ecb4b92a40f49a47a0","flac",NULL
"34dcedd8e37d8d69130f1fa6451e2a7d9e8c16d1","flac",NULL
"a098ca13cc9e15689c60ddbf6b6b05ad9a587dd3","flac",NULL
"6fa555df6a69e2760ee1d785c62b0c803f1de5db","flac",NULL
"f8463d4f14ae2309601e703687dd5129a4d15d14","flac",NULL
"e1e8b63c1639104af499c008b1c14f2d049e542f","flac",NULL
"7169bf5dc454292435ae752439809d8f42369141","flac",NULL
"19e9f0b7182293f68b030f2984f77538fe4e3cd7","flac",NULL
"33d5f061956579b7728cca4173eb9458aceb1e7d","flac",NULL
"246b2874e9c05606f22243027e38be071bfbd5a4","flac",NULL
"9a1f94049f3bda9cdd53fdc8b7fa754d6313f25d","flac",NULL
"a9a228c76bdb2443f1191a19a5f217dabdaa0137","flac",NULL
"77e9522cf10bb522989988d1bbb04d71e4fd4b1e","flac",NULL
"c1dcf92d4d12d3d198793cab517ef665827e0999","flac",NULL
"69fe057a3bd13fc88c9fc94f445e3dd03e739c5b","flac",NULL
"01fc4cdfd27c8608620fc2aacc049cfac194ff27","flac",NULL
"1f41630d81d6510c266b6609ad71e479dbac381c","flac",NULL
"053a1311161d639f779d5c801bae1c5aba36532c","flac",NULL
"1c7586669cb94666e282a15eeea2a9d4ead9f211","flac",NULL
"faebf23be92e9b37f78af110a70b46f1af15dfd7","flac",NULL
"93b963a43dc83ece6383c7d57c0614259fc08745","flac",NULL
"09c9b25ebf1e4fe67dae89c2bb351dc277d7ebcf","flac",NULL
"3782999667c9fba21118a4354eede0fe32a01d5a","flac",NULL
"a46c9a7bf8723a7d053743c84db1f772913eba70","flac",NULL
"8c08fb8bc3477a1dcd22cd5961af5eeb64471d5e","flac",NULL
"09971e1ae75c7b416f6f3e904d41f9d4b6982c59","flac",NULL
"78286e03cbc752904b49483df43cffab2153afb6","flac",NULL
"41af5472359e23db43390d905864080b4189d546","flac",NULL
"db33984b819c2e0957a418357b8750803b50f784","flac",NULL
"de5daac1000bcc79fc26c89452f6acc79d1f336c","flac",NULL
"4d3ceb1d449260e4b6fa9a40130095f85dd36724","flac",NULL
"fed7474726051be8ab07eb282b5b308afb4cdd33","flac",NULL
"6e1fda01a454bd3d65fd4b97e3e033ce84fddf47","flac",NULL
"d96285785b024cf57c270b62c42535d6d33d8901","flac",NULL
"e434deb5e9ec7f59d697b376872032a47b457ed9","flac",NULL
"57d3d771c0418092d01c2d51c51a033f6d877b08","flac",NULL
"119a25b355ad27848324429b8ee1fa4158abfff7","flac",NULL
"4537966398cff30df739e50c7f524f8a1c389e7a","flac",NULL
"8b533d6ab8cf6f8d10ad5ca2559f6365986e7e26","flac",NULL
"79f41b97f812519ab2ac75e54ad347699d77fc4f","flac",NULL
"ad03235a1fcf075e11f96a29b98356faeeafe197","flac",NULL
"53daa96e60a37c95de5688f809f3616283389e11","flac",NULL
"46fa3d437b880cc7667565cd35ec5b56fbd83334","flac",NULL
"aa011ba6f386ee8bab834024a5763669b66e1de6","flac",NULL
"ec1d410b7aa925e95c1a9a6a30c802afae55897f","flac",NULL
"64d90e0190a2b684be86d7dc58612552c722ebe6","flac",NULL
"85bb1594f5c631c35add5aa9dfb7ac232e242a1d","flac",NULL
"638d5c74dbbc5e97fd52d48a46c5a22e2509a1da","flac",NULL
"ba29a3485911f082ca55243e4571a6ecd9a12edc","flac",NULL
"28f625d9d1560cd7728e0311eca8c96beaf54966","flac",NULL
"c45dbc2a64eee9e8ecf6855a8a7382b166d5ad08","flac",NULL
"3eecb9f237396f4c72e25725067c6f79b56f937f","flac",NULL
"797c058b64b719f3c26f1c199c2df8dc9cfcae65","flac",NULL
"2b774818ecb43b89ac8ca690048ee5aa4a9b5bc8","flac",NULL
"c7075b5fb8805a6554ce74a83fded3f2be344d02","flac",NULL
"5a45f28f731280ddb41b3f80af9a39bf060f8449","flac",NULL
"526c7524af6237269159462a2ed3a85322f1d8c9","flac",NULL
"fc5be5e0d8698e7a79bffb8d5bae5dd4a9b4064d","flac",NULL
"eda7c94e36bc20b7f7e8d5f03b54905502d6c74b","flac",NULL
"18af00ca58e4afe42d8670d45432f56f562fa8c4","flac",NULL
"9aaa2a0c2b8c72254d7a84a98a2a0cc58eb99e89","flac",NULL
"5a97b5377dd7ed9880ee7da41d6f6702d577cdac","flac",NULL
"88ef4022c3ecf6bd217aa80b2bbeb643240abdd1","flac",NULL
"3e4e23c61603c66240095fbec421150661640d16","flac",NULL
"6cbb92e39c4c1be918ea93dfd780ff9858377722","flac",NULL
"ce04002227368b996a7c0f46230310f1d1504045","flac",NULL
"74754254dbee433d8ed307f8cb861cc79c947662","flac",NULL
"e7cff36270a54d0d082982c1273b934c0f775b3b","flac",NULL
"79da88c4bec10386040a5c46598a27db2f4e41f9","flac",NULL
"5e0cf9dfc00dc4eff57933b5ae8255245a5f2884","flac",NULL
"7f1c75fe05ad89cf54eca1a41cebd672dd7e2c04","flac",NULL
"aeec6defb6924fa6923da6b529e8ea06c901a724","flac",NULL
"f05e3cb755390eb431b4e0262480fb46ffefb44e","flac",NULL
"8a8cdbe71e40260c818e8741ffd15bed4f120299","flac",NULL
"0e56b1f3edd80c96692b651829824d2f40c736cb","flac",NULL
"8db50ccdd426c1b9c14d873ec5b9da8467461b4f","flac",NULL
"dca18034d58aa81e7685b551fb0971fef2228d0e","flac",NULL
"43915977b4ace0b6a288aa9cdad5d11cccc2239b","flac",NULL
"d78d232700f51abf7ec38b9bb68135f3274f8a1f","flac",NULL
"449e85c3d0d255173d2e03f7d2cdf97da02cc167","flac",NULL
"7129d24461437d73d060c2a2069fb0012fb88a2d","flac",NULL
"515d6e7f7755a8e32559bdb96bf48275ee8d6f01","flac",NULL
"8fab9c756342d9a3d570a44367fc289735859a77","flac",NULL
"e205d325eef409ccc33311d49bd28678cfbbb6e7","flac",NULL
"c0d61bb4af855022a1f901313cbeb9ee40d5c83c","flac",NULL
"d83d755aa2369d98bf8a8f49b3ef1d10600b54d9","flac",NULL
"a154e8d3761842239027a61caa4ce55b2773b3bc","flac",NULL
"9eddbcfaae81f1698c933161bb32c18393063ccc","flac",NULL
"40d283bff66754fbf7c60bccd4d830fc2011b0d1","flac",NULL
"b55170c68ad8615683305d679285dd09d9f95006","flac",NULL
"ae6e3d49b3fd4e35abacc11ab4320445a0781e8d","flac",NULL
"898a636de5cef2db95593f5cccc3434bf9c78405","flac",NULL
"3678e397c568193c51f23438b4e2f800bfd4f2ee","flac",NULL
"8ffa388fe6368217841e5ec3bb40ccd6f6e67544","flac",NULL
"4da03d635864f6160f91271811f1aae61cf9fde2","flac",NULL
"97efd1d0758bd17d3cde89fde4e0ddba27992201","flac",NULL
"a8d1133221297f40e95d402015e77ae2d8d79649","flac",NULL
"4af818a7c18dfea21b957719571b8ca9ec325b32","flac",NULL
"deac7f50e2954882b8088366b8030d76ea7b9b28","flac",NULL
"03225417a1edfd625dbfcb59bd674384a20358a0","flac",NULL
"72cebe88e80780e04d3ca0111b6e8a613d4ef008","flac",NULL
"437cfdc613585af23e116292b3740e4018b7e1c1","flac",NULL
"6cb5e862c8c979ce94aa74705ac73305724b04ee","flac",NULL
"7920156ed528c82f6cd24674f984bba1a18639db","flac",NULL
"af16f873c9b9ed35b3cb4d190cd00d8c6676db4d","flac",NULL
"d0c5fc9b4eec450df643156928e75293a42e02fd","flac",NULL
"aadce4e2f9611382faa463b0bfd40964cded7922","flac",NULL
"c16d93d8f09479579594bf7768609f8c7207ff3b","flac",NULL
"374359e4486126b799d459f324467598f3be0e9f","flac",NULL
"79dc5ec66c6b8e0dd14118b31d150d0cb559f7cf","flac",NULL
"41e96417eb54932fef132dabe8599a2be9b22203","flac",NULL
"9bcb3b42510add4468cf5744907acd74f99d8d2f","flac",NULL
"cadc9bc4bd16893741f79baa9e783614863ca360","flac",NULL
"d12c879c7f8a54b283c9b93354f8c1f4abcd2b64","flac",NULL
"6a5096f561dcd4e8ee34d9dacc400ecdb3a421cf","flac",NULL
"99e6531ab6680ac8b9ec0372b073356575cbf820","flac",NULL
"cf6c194be7865205bd431286f0f9db062ca29b5b","flac",NULL
"dc0cecc12d19cb221d73d7377d8823e0c75ea2fe","flac",NULL
"f770e6a426ce6b4777fcb545ed8f5f5e52bd9216","flac",NULL
"c58829a9f9b8a54eaaf84ce6105eee5da23cfa9d","flac",NULL
"168760604f2abea062c617bb792b184a66ea8474","flac",NULL
"05feefd0719e05775715dd4ca26940da3c8184e9","flac",NULL
"8108ec5efcf5df96347fd7ab52dba19b343e80c9","flac",NULL
"be0be5b0bd5e7e02ff80e0d4854f0c8d54666205","flac",NULL
"2c6c05d9c0fc1d4a577601c0372be9caa0c581b1","flac",NULL
"294a1d63162fbdff4134618b2e2f6b26bce467d6","flac",NULL
"f3b219fd2c61ae65dc569c966c8d9d52302571a6","flac",NULL
"0d4d4ab8f3fec39309f3656ebc7efa3f0af6e52c","flac",NULL
"334af72764a413fda648228119f832fd7017bf62","flac",NULL
"ca2533a0b4862f72f204d1be905ad7d7daa65057","flac",NULL
"b06f09b2be9baae49ea430f0e879a0df83cb09d9","flac",NULL
"a0f19003f597bd63ece957eb6fe771ef2ccdba17","flac",NULL
"302e655ee8d6ed6e6067ce37ea5b955dc114b7e4","flac",NULL
"eff43e35e8ef5f8a1458d71afa1857b991295611","flac",NULL
"2ff7f4d283e8fb710d23c0c7c52c570dbc2ae4bf","flac",NULL
"1c1ed6476734ef21371105a3ce8ab76f93f78759","flac",NULL
"f22e9300254b01957753d9bd4e0b8e0100a06269","flac",NULL
"cb20a8e3aa624358b95fc490a8c6555f12a7cdad","flac",NULL
"d2c745fab38dd482fa50ac83a39b33e806202034","flac",NULL
"fe72ad346919941f62494c21f21b998792fd9743","flac",NULL
"8162bc4b66af608bd2efdd15593c72d2b86f0545","flac",NULL
"0cd93d1a1ef780bb75a7f4b25545244254c2c10f","flac",NULL
"c6507f5d8d022e6829ce416a1a4e597c6efa84cb","flac",NULL
"4876083a391d89268477abe403ca6e101b8ad3c6","flac",NULL
"64e5d2d9104267f89c0a0fa6803bc13024ca4739","flac",NULL
"d89367ef6b0c69d4d0ed1ad55fa6ff9f456cc5e2","flac",NULL
"d544e0bae93db2fb55233301cbb4a95ede86acff","flac",NULL
"9908fac356dcb42c67c6b8c66c5a2e10650cddc2","flac",NULL
"7e49829f44884c0cc745724e2849618a9c71144d","flac",NULL
"ceb832157cb710935130f5eff1c8de3c960fcd37","flac",NULL
"86bdb55e149b20b263c9b5d2fd511908ffbf3000","flac",NULL
"bfaa63b86b8359a07bdeb3c83f93d4ce471b6270","flac",NULL
"677b0528fbb9f189baef911dde21257898836438","flac",NULL
"d104cb17130db35ae18ab332db28595a0d4a540d","flac",NULL
"88fb59dbfdcd18510203f67281b9d2519851c9b5","flac",NULL
"47bc21fbbab92fc8dc761922f8d09284cfecc60f","flac",NULL
"5c2e45ff5724f790627558b2fe31d9e305c35a84","flac",NULL
"750487941e47bb3a626798d2390390e3b522b11e","flac",NULL
"090b20d0e769e5dab38872a3e7ebc213967ecc3b","flac",NULL
"a16b6cf1d35ca6c4a26d87357f44e54d32548eb1","flac",NULL
"a0e3c2c3e5f439fec9fe321b09b2bb35aba7fc73","flac",NULL
"3d8a5f98a6d492cd47613cbd4f14def78b9f855c","flac",NULL
"d39ce36eb32df705c33aca7d93db800db8a07877","flac",NULL
"4e8322ec020159aad79b50d3cb52612cf5d5b4db","flac",NULL
"44825ca2a5c6e4e74f6ddc4542d10e43b5df89d2","flac",NULL
"165626b2bddd3aff0370376c1431544a6df486ed","flac",NULL
"0f7cea0c0581b70f3c65bc8c5113073a81ce0dfc","flac",NULL
"6430f9e4acd309c3c128349f6985def27c19f561","flac",NULL
"695da47c4fd9b99374dbd0f6d3ca659b064115a8","flac",NULL
"f2e24cc268625fc62be734afc2955461495d7302","flac",NULL
"40c36b2e04ff5473acbaec32a9e95d5881d2b70e","flac",NULL
"a1fd9c3e24368c13f9c944ac7b1dcd737b79280b","flac",NULL
"297557becc271c01544424bc509f20c58d7eb3ee","flac",NULL
"00d747a5b69688fab7829513387c9fb24f7a9cdb","flac",NULL
"65bff3cc231723cb0463e85d6af15a9ea60b0a71","flac",NULL
"341e3c06f5772309fc9cd7559ad2a8e713ba4206","flac",NULL
"4d715a60305f56b46a714eec94718fd22b93ca01","flac",NULL
"9906836ec8f3ac13c189d794c0625caf82a19de1","flac",NULL
"ff33361febc54fc0f756bc5b44190262b20f119f","flac",NULL
"199ca39a65e0b437949a382415fd357dd74f709c","flac",NULL
"2da1671f6b7bbb69236a83b038839f9b8b2ae214","flac",NULL
"8e9c9e4f2fd61927ab93ff817b1caf866a867ed2","flac",NULL
"746a92a9ac5a85c705daa71b740495f162530f09","flac",NULL
"8ed4194c942f124702cb4cae59d6b2bcc4633a68","flac",NULL
"495de2ca39a9643faf3250f5c0730c6ba4f18b52","flac",NULL
"da21c4ef2b277d1d0e35f304eb84b29f800ba743","flac",NULL
"93a1f6868323d4a52798576773b23bd3eeaa3b07","flac",NULL
"c8d424718ff0d1f851653a2e98954c8a86346973","flac",NULL
"bbb0915d0e2beec00b9a2334bec69b94dfde70fc","flac",NULL
"169326c505b05a8e030a8c077fa6c6dd828a33fe","flac",NULL
"225e437a0748ac26bb4d0a990f7ce5cc42f16055","flac",NULL
"383655b411373c794ca11e03de2cab32325285d7","flac",NULL
"05410db64f41ecb6f7f7fdfd2ff1b9270078677d","flac",NULL
"6d8534de623450e4aa72dd3c5e78c05c7a6dab33","flac",NULL
"d03cb0fcdc095e87dd7c81c7302297fcf9c02270","flac",NULL
"010661c0fa206aac859af49cebc446853dd61d81","flac",NULL
"740472e3c8894732e857d08ee16cc15d8d65afed","flac",NULL
"e1250a43b3e3c064800c20b25b0b67f8d3a4ce34","flac",NULL
"d3c220c10523791f50a7c625f52ba7085eae93a4","flac",NULL
"72f674eebef5e66299d76ce14c2a977e06fceb29","flac",NULL
"a4353bab9cb66c6b3ca5cd66f7d9aaa2e7e20d6a","flac",NULL
"176609abd7a1c45ca19b6aed201e3defbb982244","flac",NULL
"189a8dcb5460657816100c4fad707e8ecc7647e8","flac",NULL
"46036c5560233d7c9ed98e3d0fc5ede3bb87c2cc","flac",NULL
"b066504dfde604b52e0de3ea61fe91da9775bd43","flac",NULL
"13698d641aa1010f34202fdbb48271b5b42a8d7c","flac",NULL
"e3075b443a0d66e49ac70f71a22855251cf70e0d","flac",NULL
"7d1843b64dd9d4af19d2ddfe42cabb488b1b5bbd","flac",NULL
"ac17c4aedc925d35918bcf07476837591b885d6d","flac",NULL
"61ad6273ab0add62d43644bdc72c2d0c232e7d30","flac",NULL
"09fb800b81254c32ec2c956ad0b9e16771f3cc18","flac",NULL
"f879a28ed68acd5c7d1800031e5616903cb97cf2","flac",NULL
"b6339d151f5aaf7167b9c8e1a50e59b981eb1376","flac",NULL
"641012f48425d92fc6921c3d4ce1003f81322f41","flac",NULL
"315bc4d410c9e43ae8c770c2f977e74815a09e53","flac",NULL
"9541f7d583f92ae34b0e129a219f0ade369e3d84","flac",NULL
"858bcca6aeb40191510a0759a59ecab9f33fb4ee","flac",NULL
"06a5d31dbdcfaced421491f2707175601c985287","flac",NULL
"9fd9690a5a37574cc376f3f5028cffdfc68b483c","flac",NULL
"896fc408a75eeb9ed64bbabc1db77e1e28c107d5","flac",NULL
"ebe8649db5e465d01bb41d42bc635e4f9880872a","flac",NULL
"cd196f43c77d8900998a269a0806a824e5747d75","flac",NULL
"ab6bc3674e25ce05d9365bc07078149dd9ae1096","flac",NULL
"b6ab65fdb01702de261a696d8b95abe86138f569","flac",NULL
"b9b567206efd2e1e123f31443ffe3fea2e000608","flac",NULL
"b18b516d3906e53f7fcd265899ae3e89601ce860","flac",NULL
"f69cad1a7fe3ae27320cb331df838bb49119356a","flac",NULL
"65c1f1aee9f409893bf718f189082dca07263b39","flac",NULL
"15eb39c3f02fab32f857e88ff0cccc05198a1b22","flac",NULL
"7e6e2b8b8de5af0c42dc6d10b1efa663df402cfb","flac",NULL
"81be4835ee30232544fb5df68df61f5a305ba893","flac",NULL
"6620f503f7c0b1464a10eb643f79ed82b4dec90f","flac",NULL
"7f728e5d57d78333fe49add9c28d74c733a0ed41","flac",NULL
"d480325ff747a66b5620d8b6b8eaba22fc780bca","flac",NULL
"4ec07aec28cc76b740cca0cc9a241a6dc1ae78e7","flac",NULL
"c07bc6da3bec1c08105778551c5f1f8fc894c596","flac",NULL
"b0f592aa64a13a0df8c0f155514918e0c6d340e8","flac",NULL
"c6a73b4538feed276402e867637e68234c238353","flac",NULL
"b6d07cf979dee54c89b70379a0697f8d55d7a177","flac",NULL
"91393e5470cb996f6bcadaee80422c157cd74dc7","flac",NULL
"8c5fbb24866acb3b16219baff55ac89e1be89d6e","flac",NULL
"aecb4574b57ae5c1d9db3845b00adb85663d9402","flac",NULL
"391aa228778fe0df8265f9dc6b56c934c2a460b3","flac",NULL
"fe156d6f64c23e8928f066b095cd273bff5005e2","flac",NULL
"d10c9129547cc0754ec138e0a416dadd2b3695c3","flac",NULL
"9e0e8af9aab0e359d1b3eff422ea2d25b5fd07ef","flac",NULL
"97e883255f881fe50f8659300de4c176937120dc","flac",NULL
"ca5ce183f55273fc43f3fa5d683e2548ead73e86","flac",NULL
"16eead9ea2977d631aeb116985f5ea4748baf87f","flac",NULL
"db3e553f242d8cba17f49e9b531e43a3324539ed","flac",NULL
"00a89728f0d7847dd2c75279edc8035a64fb6152","flac",NULL
"fe1ca46ffbef82a411a02bdba439af703cf5545a","flac",NULL
"dbfa1428db946c5d5671c5da379241fbbed89f18","flac",NULL
"d54bdf238add03840dc80211df68ed2a5bb53c6f","flac",NULL
"7decde57bc8a3fc91cdac8f07f40d7757b278f1f","flac",NULL
"50a3494c70749d55e7a7e33501b9587c62c21b08","flac",NULL
"f11662e6a2881f1a1c901afda0ee672dc8475402","flac",NULL
"b0d892ce7865a3bc6c398c20c6b2f9aa117095eb","flac",NULL
"54e0aace7658e458d4c23880d326d631971f896f","flac",NULL
"8e819667548f62550a6c3a114fa42f1566efada5","flac",NULL
"7ff90a31d931ab679b9023b3797af0919d5d2517","flac",NULL
"f2d91825a572312907d1c23f611acb8c10ce5096","flac",NULL
"c697fc360ba2d90a6f58f8f29627d092a14e3851","flac",NULL
"f94534d32df12e66841fa553209ebc96e4b167b5","flac",NULL
"e6a228ccc7c7ce74eff0975ea628bceb6a021f71","flac",NULL
"3e4f63f03edcc766ccb8d14df2e03fda6c69ae9f","flac",NULL
"cf28ed4082e81a99ef409446c42413504a6c085e","flac",NULL
"985e4792b56954744d5df282a1e066522654d310","flac",NULL
"6677f54ddd827c73c3d755e1dc4ced2d1b519317","flac",NULL
"df5093877aa98008395696428bb12892157bb5f7","flac",NULL
"ac02652b8fdd55e60eda72ceebe210e13154ec39","flac",NULL
"b0b3d7ebc2b6573778697ca9a7246570ec1571bf","flac",NULL
"1fd8123ab085b96b7839e11efeeb82266a340b0c","flac",NULL
"84052172be7950044b86ff1fbb8af0ea3209f98d","flac",NULL
"31c3885e5a0d249c67154d10f72d859ca41a53f1","flac",NULL
"da0246aa8589d569503ed6b472690de6dea51809","flac",NULL
"97808e77df714b78ca4ab73c089c18eed3ed93f9","flac",NULL
"c30701ea6e46e21fd11495169166cc7d9a153c3f","flac",NULL
"462d138e966225e318ba45330dbffcb5ccb9a2e0","flac",NULL
"9c1919b6d2d7b73611943390728683571187f4fa","flac",NULL
"9aff70a826c71c8180823a0a73564413e3cd4215","flac",NULL
"cfda85e5104c35cd22b8790fa75e093c3897a397","flac",NULL
"9f7ba20fc882155929ec9407244220cd37b80073","flac",NULL
"a2ed25f0addb0791096a0587ad94ce8a33181790","flac",NULL
"8db65d2c4513b901b9482786fb010c9b6a889190","flac",NULL
"025a7559c946c2fad8a71ad29b745e6f48aed1a4","flac",NULL
"6d3793dd715607ce2d63bcf66046c8ec7b526ffb","flac",NULL
"3b47c189ed26dbb42adfa95351b5ee1ec9ddffc0","flac",NULL
"3ffa394e8d25cf23bae7482b839766058b3fe369","flac",NULL
"190bb685a0fe6d8f3487c53d0d7e208a1f2fb804","flac",NULL
"4653183b07dd03a4a8ca86d583de983a8a9843ed","flac",NULL
"a91b389c2fe3cf384b8d673bbf68302a71afc0f7","flac",NULL
"8c3bc04fd0d320016b5795c7bf9869b3450e94aa","flac",NULL
"3734af14a575d64f83caaa8b593276d2aef2863d","flac",NULL
"8cd81bddb75cc85516d1627929d94b7934e935c4","flac",NULL
"85c5726d280d1b8ef55cbb7c009b09bed60074e2","flac",NULL
"d55bd262b4a7b473dbdf0a450e97913ac10fbe1a","flac",NULL
"084b230ba3332345a6f18415a610d638a506df52","flac",NULL
"aebf3baf786b33eca58388591e0f5185a811415b","flac",NULL
"b176740c95d439acce5b50cf94f5636440bdee49","flac",NULL
"f3f4d1307d6ef5fa1aba66a7143f09bd30eb9fa9","flac",NULL
"3b8d2d825b2262388e794d117a08fc0b5de58d67","flac",NULL
"74712d675b93ef5fb777aa5c75636b41f397e142","flac",NULL
"c89a6b339cf98732485c20462f887adeb0fab33c","flac",NULL
"ce155c793fc6b654cab52dda412a65fa74094669","flac",NULL
"7eb950af757ffb41c56b3decade0b122e03aaa00","flac",NULL
"b3df5c9640a6548b743e39d313840dfeead9c8c0","flac",NULL
"b9bfdd4efdd110c5d24861322b103cdd69cdc6fa","flac",NULL
"080450b0cacd3fa2ef1271094b0e2b0de1ee4104","flac",NULL
"ee9b55d57bb6cfb9158e0f417d29fdd0dd9b1a7c","flac",NULL
"506b4a2f1a11763c8337d549a7540dbfde332837","flac",NULL
"66e592c247a547d1026620c4b6607ad29427f73d","flac",NULL
"a65296cbad8ba755dadd3739bb0f4bff396cb365","flac",NULL
"b18924e7a9a2322c96922e786c4d07d2bfe12364","flac",NULL
"050d8d70fa92c40481884856f2f3a4f4b71d46a1","flac",NULL
"f58a015df34f90fd278437cb7104e66518eb9425","flac",NULL
"734658ba4144c095f514bed63eaf006d78fd5ee1","flac",NULL
"0196230636b35eb1953719c693b25d0cb08aff93","flac",NULL
"2ff93295e2f77b6920779c57a39d756bf2ca08a9","flac",NULL
"63f1ef0a32893193b09de2ea4f0d783eb13ddaaa","flac",NULL
"3f22092a001a43cece8a900b407a0af7cf90cdbe","flac",NULL
"151e8dd15b4bff13c40e92bc1e31606097fc9b10","flac",NULL
"8a838ef89bfed49e46e9dae6c3a2c91ba8e23bb5","flac",NULL
"4cf439c4ef27da55038104c56879b25119514382","flac",NULL
"95f8f708caed4512be82c78748c46469a28defc9","flac",NULL
"a746efb1aba1390008177dc19cca72253fa06ade","flac",NULL
"985a05c32e26686eaead285a9eaeb580229927e6","flac",NULL
"87497e4757e441ba070ce36e17476f616860d5d1","flac",NULL
"c086b9d5cd57b0a7d41d0c0b074ef0790d443b93","flac",NULL
"ec7cf868960358f2cb61209e1aa1b5d43e82349b","flac",NULL
"31166ea0bf24deb20f4f4092b6f440b0acf4485c","flac",NULL
"d1ecf37af716266c3b8c72b32e1e20bf857c1bc8","flac",NULL
"fa28c45190ca0ed4db8f3defb25b2145bb3f0d23","flac",NULL
"b016423f1eb2594e5beaebcd182856a448b4dde4","flac",NULL
"aaecd3d052077acae2bcd9ba7a7036272543490a","flac",NULL
"355846997dad527bcbf6cf4113630d7523b182f0","flac",NULL
"fad66d3f757245304fd0677122a554ec0bbe7067","flac",NULL
"bf6f23a5271e0c5e4922c0f2057c1c535b1b2055","flac",NULL
"df74d10376f9a76a7106143f82862205fb74982d","flac",NULL
"c8e693cc9516f80818fd9168c3968660f0d46734","flac",NULL
"32148ed017ec0aba2c0586f6a091cfb3193cb1c8","flac",NULL
"23f12c38b1279bfd5e138b70c02fed866699c194","flac",NULL
"815f0e90891bcedfb5c16a94f14e663f6fe9cf74","flac",NULL
"c52a1a1aacd157830bab826dd0b023e6a45febd7","flac",NULL
"3f5282682866c01f430f66c208e847423e23e815","flac",NULL
"05e43eb577a12f7c53384931436613971e0a6899","flac",NULL
"efdfcccc766958bfd9f14ab21e97c3fe91b9e185","flac",NULL
"7e3116b0a950f59cd94a653503727a13632b937c","flac",NULL
"e33c561d168984f027a8c580a59a0b65fde2e906","flac",NULL
"ebd389df3d20743f803e86044b2dd52960484121","flac",NULL
"cf647dd802115447380a25e0f6c63302cb2185b2","flac",NULL
"86eb61651d12830a234e79f79d87abf77fa6d99a","flac",NULL
"d32e268d7e410dd48c864358686593c09dae714c","flac",NULL
"60ccb08084babfd881bb7bd92436d9ee647efb86","flac",NULL
"c3b4679721c1d9c6537e6f4e8e309c090ebc62db","flac",NULL
"020994d8099d37c659880bfb7c713d406cad609c","flac",NULL
"859ef44173e74ff413a745859bc5d65974a74727","flac",NULL
"4aec4823b0a252d618f1157f8f625c7dc0fcf333","flac",NULL
"7cc2d259cdc74e3c9ac2ce504569e85ec0415185","flac",NULL
"57ce0636e7e509cce236c5aa36b7bb607de80a6f","flac",NULL
"5c5bc0164542d8e33a25e63d84151775f09a2ab4","flac",NULL
"48d6e2789725218b9557b84fae0caffd8d1f8ebb","flac",NULL
"2c13c3494bc2a5e635c3455aa164ad81110b058d","flac",NULL
"c60c77910f8e52e68a7d1444bfa3e6e7eacfb9e9","flac",NULL
"d855a073bef1c7191224bdb39d9866bd09db79a4","flac",NULL
"a275216ab2df02776f7abdee9cef9c5f2a78e0e4","flac",NULL
"62bade201fde53fb2843971c01b0d6d47e79d386","flac",NULL
"870fc7961fb7de6aca472f06a8cd75b3d5898bde","flac",NULL
"60320b9385dcf405b8a5e2d0dc3d0aab087a36ae","flac",NULL
"a1823914bffb546a1dac726ad3e23e1c053ad64b","flac",NULL
"7548e61dda634f6cdf2b2ea4415c08e600768270","flac",NULL
"563a1bcff466ff34ec830a6385dff517b5fdf58a","flac",NULL
"8c78d5a00c4c9373aac5ef8797669fd83da6eee2","flac",NULL
"9ea64a8c211ac2aab3c5a8bb4ae724dfae62fab7","flac",NULL
"0c23f7c8339394060ae30fd842bc55e5d8d4c1bf","flac",NULL
"64002c918b56273f4eb75e216d1564470ed1731b","flac",NULL
"6edddafa036523b3c9c053cf888bfe47de76344a","flac",NULL
"a1a386007c7a5085889f08e86e7e3a668b4efe13","flac",NULL
"6e800080aaa28e6b0a554acbb36abd6052073590","flac",NULL
"5fbb0b15de8bc1d30a6253e68837aae2359df136","flac",NULL
"7ee73f09e6edfae8d7afae247a7ab4f7bc96838f","flac",NULL
"c3a602e31e871e7bfd4ba8cef63c77c0937c82b8","flac",NULL
"a620e9833c1f0541a3f994cf094175ff70331690","flac",NULL
"2de377175f644ae4a348683cfaed7ea0b4798f96","flac",NULL
"7b99cff58a811c9c9ac447bc0a564a6340b0d395","flac",NULL
"d30ff2098855d0c9ade03a4ce2adbe3604841fbc","flac",NULL
"31e62c71488fa20260e64cf20b869f1f16f8b2ae","flac",NULL
"28a06572fc923634e1c0eb23a3b4b7817a91f856","flac",NULL
"c57aaa240bf1ea9bee7f5d9287981e631c4439d6","flac",NULL
"bd9beab2bd126a049a2c8043c366c27b2e48f924","flac",NULL
"b63414bfe1a8d2c6c3eab699ab0956458f5e9b79","flac",NULL
"cd41162ed2ad485c543b02a623bb0a43f371c7e0","flac",NULL
"cf7cb46b38dbbaa7e533345a8bcd601157f47f12","flac",NULL
"adb955c8dac8e100ac46caffe2feb504b4a97168","flac",NULL
"df9e75485e3522eae7905179f4066fa44d1098b0","flac",NULL
"fee833406a67a5ae9734f8208a141a21b85ad7d2","flac",NULL
"63ca9ef6ba22e345e7181cd3d63e21a85f9fb38a","flac",NULL
"95786db56be69d2584033f5d4190f36d2f0fd194","flac",NULL
"8fd47419b8181db2e3ddd52f4901492ac6ab0585","flac",NULL
"02aae61d155fde35336a242cb6bd0736e4878392","flac",NULL
"8f2fa6bd255bebe0510cf0ddb4f507627767ea7f","flac",NULL
"c861a9595639f83a0f6e6271f65a93db01eee884","flac",NULL
"6dd7c44a5f74ceb727ac4d60c7300c208cb87b79","flac",NULL
"86d520f87403884e7ff556cd9b3efc21875f98cc","flac",NULL
"2bf07095ab19f65e0d0e829ba59f8b3c5879efe7","flac",NULL
"b47486df0d7faaf667a5c4a6be1f8f4b69bffb04","flac",NULL
"4114deef67f949f7836219f224575e89399f4015","flac",NULL
"1d9df424e98495c8cc0f76b57e2c1c017ba8d4de","flac",NULL
"85bb119725e1e240a77bdce867650ddcf0f143e8","flac",NULL
"4b7cdc526bc04b615884a0d94eb5269fa9121c88","flac",NULL
"244243d29999c013c2d87220cf55e2b81b07e10a","flac",NULL
"028c778c8fb90de8c30ff2377cd117e797db7b7f","flac",NULL
"c1b1b0ff981eab08105e9221c2a481fde3ca6cc4","flac",NULL
"8d3eacf69fe3da880d93b57039043db5ba332275","flac",NULL
"ea9172eb7625359768ffb04c8af60174c99d779d","flac",NULL
"ce41fc2146e4be94ca142a1b05442c4664964a65","flac",NULL
"d0ad26dcda3d2bfc04a6c33c227de439d6c02769","flac",NULL
"477b909f9b71985093ec1124fa00d89e3a578cc0","flac",NULL
"d8cc7c6b5add039ffa15437e5b90f0a3864466f2","flac",NULL
"5ead11b6855a4a173c9b872205dfb99511ec83ac","flac",NULL
"af0e3e1b0912f9b802ce62d7628f3552f609106b","flac",NULL
"3431153701a93428ce30b83afa2887eb6095d595","flac",NULL
"51f7cdb7a34b1ecb472c70347f6dddf6204b3c0e","flac",NULL
"e7d858f72106aac982d746d869e4f6feaeb76711","flac",NULL
"b0faa1acb3a33a20ea838e3c1b8f067c9173e9fc","flac",NULL
"dfd1bfa0ca046cb4b2822d6e05d983dbf5a04be7","flac",NULL
"8fd31d9d0458fc04e03d2e444cd2ebf3c14b2bd4","flac",NULL
"c633b0ba60e61d744cf3f812e4c34a747d5d3422","flac",NULL
"60c9f570b273a7d1b0589dc41fdc952b4514898c","flac",NULL
"f2cf0ac0b23a76ad34355e52814ab7b9ff9fba84","flac",NULL
"98cf75b156b230dd6f8736285c209af06e1dcc98","flac",NULL
"f9f782e05ab13402a317ea39dd00a556302795a0","flac",NULL
"f4ef5e8ad5928ac222172f833bd821d6cf25f4ea","flac",NULL
"3abbc987888b2f8ecc51f743461903868a7866c3","flac",NULL
"300af609d1d6ef3ce2d002b01f0118e5dc0b54b1","flac",NULL
"a294bd659a9f2219d4f0cc22f6a3247367d2dd80","flac",NULL
"57b88728bab6d00e27cd4661bbccdac5e9d08df3","flac",NULL
"3b23ee1a5b52a21c80b3ba0608e6ce8453f38ab4","flac",NULL
"3988e94c65b7d4149e84e68a81735a2b1fd7f952","flac",NULL
"058a8ff1b122478b06fce6083c3ee364984a9d94","flac",NULL
"f90bc6638ae82a120f0c872618a1a6e0ce4eba18","flac",NULL
"4e094499e3eb72c98a3a221c9cdb65d539dda436","flac",NULL
"8f5f05ee11d95e3762278039064cfad60ccab931","flac",NULL
"cc528f9c1ea810523359d820bdaee6ee19b419cf","flac",NULL
"620662a1286ed56ad1e2ef80f57593fb0747bc17","flac",NULL
"2cbbaaa946323b788eb0d9191e1a17af80fb719e","flac",NULL
"47c303c4b3dda6fe95f065c028d5eb3baf04deb6","flac",NULL
"395e77cf9809eedad980fc1cafca05a2c7e7c722","flac",NULL
"e4da945e4b143af88e0218d5e196471947634c89","flac",NULL
"acfeb047fc42db8082dabd3eec3a74cbcd4844c2","flac",NULL
"00b266c791126a67bc24aa30fba9c276c8abe83a","flac",NULL
"5dd3f030bf9c4d625d711ad648489bbbd5eae6a9","flac",NULL
"7ddfe230e6044c7763ef1c14b618ad62814d9871","flac",NULL
"534bfe54f28e2ee0a06a62091992d6727ffee261","flac",NULL
"cbc2d0bd91e6af2395206b66938e4045f965f4b8","flac",NULL
"65108e48a5bee025568ade51c06867922793af44","flac",NULL
"b7f721ac4fcb97ce8464ed1e53d40b1a592b6b92","flac",NULL
"434ba3c303f8f44ba9c6b277a39f8abbc2ba92c9","flac",NULL
"c3bb997a8019fc2110a0736a31d55577c8aff88e","flac",NULL
"0445f1ded2e1eca3acc611d4f1967b12f549b3e6","flac",NULL
"18f436f4a4257bf5900023896ab972951c594fba","flac",NULL
"393c91f0de1b9a1e1f40d638d726c7c1a84ca7ff","flac",NULL
"5c837a51a620adca833de9551d0eaae13d857106","flac",NULL
"dc21dabab4d59af5ad5152bfb573a56d9ee851fa","flac",NULL
"ef02fb7dd5d7fb40aedb2171a82b019cc308310d","flac",NULL
"fe9ab71e66f129ba9a41fa0fcb1e5e0307871737","flac",NULL
"e43b080d6a4465281560f178c66cd4e38d0af116","flac",NULL
"24cea317880c64b7de52a77d10997567ed173fd2","flac",NULL
"053cc91aad54f426d9de82b6a0774943c678268f","flac",NULL
"31a4270e4e8583ddb7499f1410d02aad5fcd9e6d","flac",NULL
"9407e1a9d8d932237af4b3dc18cafa60dc488135","flac",NULL
"5d9caecf95327ef298f477988ac66c92ea77a2a4","flac",NULL
"1f8f66184c2024c370d2465e7f3fca42c99a0aa4","flac",NULL
"06b24c0769554acc19e6b78dafca6ce82e8b7c63","flac",NULL
"aae206343cd37989655256ca63a09f027e9cd129","flac",NULL
"d761c06965b197aa009d72dd023b1363e463e3bb","flac",NULL
"b21b33f7fa2d39a648d96552ed06c75808b64e31","flac",NULL
"1bd1d204fe05d3a3e5e2b0bf2d3ca193cb9ad987","flac",NULL
"6df41e9dba4c55eeb4e617dde1a7bcf39422db96","flac",NULL
"dd0ac4cffd349a327fd78d98111a4ff8909a6ac3","flac",NULL
"6dcbac108d16c4c48bda65ea7146635c813ddbf3","flac",NULL
"cb2e3ad28ccd3220865a40b227b4a2bdd5d33602","flac",NULL
"e3422196b83cef1df7345b49cb5be5f7e26706e2","flac",NULL
"d3fcd7edc3c6e6109ab4aee7e188fc3a41387c17","flac",NULL
"9b28c95932fc6048a510acd5f1ae8a28961c1eaa","flac",NULL
"94de088c3308af89ebec2515b7d7ce24bd6c8db8","flac",NULL
"5e726e56b2000d6a951c3d8c76ff41c0b334460f","flac",NULL
"ad66c76dc4b22fcfb31ab70d599a2de6690248db","flac",NULL
"115c30ff442db8c6612089ea8369e992275e3c4f","flac",NULL
"5a4ce91d8500511bd9c33950a17880181d68a596","flac",NULL
"a8db29f6b87b9157f99004fa6a4a5afce0ab03cb","flac",NULL
"2a1b5b2fb54228f9f7b6391ef24016a9fb9a21a1","flac",NULL
"a3fdef8fbff1fd53f5ef45207225ef11ea08bee9","flac",NULL
"4cd85f9da79f47eedcdd4ff3fd49bb2fc9050d1a","flac",NULL
"194fd7e21f10b6f29580b1df7b7e2189544309ac","flac",NULL
"f041cc4513d652b5ffcb1f6767c8700e0b020b1b","flac",NULL
"c8bf60805e2c1f33760423aa34453eab7c00a137","flac",NULL
"f15bd7ef46d1d4f3aa9f4db5bb250479dcf5a2b0","flac",NULL
"5e357811d4b9b7dd82d7d7af76f34cb7ef8f94b7","flac",NULL
"9efc1d4b2a9f195dccb0cd5ec7eba873d40508e7","flac",NULL
"1ba57a1af6b56c98c00abd98b391830b73b057b6","flac",NULL
"e4d2b6b71cfe9851bf4e7be3badb1c36536d48b1","flac",NULL
"907f0a175061df7f09d4f59d6dd2b531814481a5","flac",NULL
"683170c1f6e43b7e31ec44b37eedfe87447af730","flac",NULL
"22b4f73468adcde5ab0de9cd8579b6e089ef7fd5","flac",NULL
"453983edf116870b79c5652732f5c9381c15dd2d","flac",NULL
"ae1fcb3641a384cfc1393960e9a25a17b814c58e","flac",NULL
"c3b289567e40c6610804645d8fde6ec4407469e4","flac",NULL
"686ed54f8694140528363eb33103527a015d00ce","flac",NULL
"712a092ae6b450e4540e1bb33f8db9769fcf8404","flac",NULL
"aa204a366587f8f26a44e1bae6558fdcc850b1b0","flac",NULL
"b3432c4b40ce1f72751e20e593bfb4852045f27b","flac",NULL
"da3140b4acfb8d4644b29d10faf421cbc46ac914","flac",NULL
"041830ce99692506615427f8ae6b038074c6e5fe","flac",NULL
"f395cb96aa4106577467c8402541abec246aee9f","flac",NULL
"6ddc92cded4f04fb0d5a8816af2ff9bf115f97d8","flac",NULL
"5d5a09df5ac888cad614dcea44c5da8f3157dd02","flac",NULL
"eb7c207f4e49be1796badc38ea514f6e1a235017","flac",NULL
"d343bfb2a0d227a7f86348753608dc5d38a5bdca","flac",NULL
"27c2f0ad755075f8daca8b6b25f4db1ebbf6a593","flac",NULL
"3bb400d522973248802d8435593a4628bfb042c1","flac",NULL
"1f779588a24bd232fc2415bd81622235e688a7e7","flac",NULL
"e80f7a13c5bdd2d23bdb97d7831b18e80b89a903","flac",NULL
"936e01d96c01b1c589b8eb644bf283cbd12602d0","flac",NULL
"399ed9d43e4bcc6a891b572144a1c5533d1ea1e5","flac",NULL
"14c7a17f27c8e6472ce47555a6305736fb0605b1","flac",NULL
"ccf53339f0c5aaf9d102685cd9c31fcf3dec797e","flac",NULL
"70ca3a621bff4b65a484944f6a995076fe22f83b","flac",NULL
"c52d874571d689dcc25558355d7779da7a85bc03","flac",NULL
"37023c9992f09c7a71be21542d4c550b87978a2b","flac",NULL
"4118adff09691ad13274160225cb9f7a44aa5e98","flac",NULL
"b758b72531bcd609b8e93f4d0af07a0a55c1f83e","flac",NULL
"a517d717fb1e5c7b777f2cdef550a48a9967ede2","flac",NULL
"7bbbec78f5f141c3a45f113648996c8837b87523","flac",NULL
"8255ebeeb28ba0a5264cee2d48ff8d73fcd35b75","flac",NULL
"15f41205fce75cec395fdd8cee16da90f4c52970","flac",NULL
"e4b185690dcbd6877901506b4cd26e89a0921503","flac",NULL
"6236c0fee47c8da82f61d6c1d8109594d5f485a9","flac",NULL
"893ef15d4a4a9bf7b3479951b72be79c95f338a1","flac",NULL
"3aa838eeec390cd6a94835328afa915e184b29c1","flac",NULL
"0a5bdcca6f86330724aef7beaae0e3b3b9a5c65f","flac",NULL
"dd0c0b8d44fc1b7fdb9629637dcb76a1954c8733","flac",NULL
"8ee4ee7e3fc6e8eb4d08a75e1090eb42022288e9","flac",NULL
"1ac179b78dec824b0b93a77730b7b29eac24a979","flac",NULL
"ff82fae4a0fe650a901fae4433ef6f21ca00f6f6","flac",NULL
"e371fe2c0f2d01a562247fd1820b2fd4fbad0d5f","flac",NULL
"a6486ec1b787801f00255dfaa0d846a66f2c4192","flac",NULL
"b044c45a162bd695e0f0d1d56841fa563f61fb68","flac",NULL
"ab99d0d064f4027a2a070f8ab005cf543993ebd4","flac",NULL
"5ae8e87e7f6c556f45261cf84e429650828280b8","flac",NULL
"af42421dd9275d3ce64fc764f207ced5979ee46d","flac",NULL
"583a51d024c8abe5daa566e5302c906a0923dc1e","flac",NULL
"c534d43af33c1976930077046a5fc39e6c04364e","flac",NULL
"4b793deeb99282a1cc86891ddce3b48e4e07a3a6","flac",NULL
"7d15f1dd9425f441dcd97302c5f6c5e64f4a0a57","flac",NULL
"e88077b31b30431529cc23d02a79740805401801","flac",NULL
"c3a6663d2dd620b26a3616572515a00b4186bf24","flac",NULL
"289879e6ac4b8fa65dcc245202b80fc1db2aba1e","flac",NULL
"b256afe71abd82967b39a504c10c8f09bbb12f97","flac",NULL
"0bd0446ddf83b55e6df489624ebec5894ec71203","flac",NULL
"b0e590af5cf0b20e29ae36c6894b158219dedcb9","flac",NULL
"8e08af3bd61c270cc822875e5653f56f0bd8a534","flac",NULL
"50e2944f4039f9f046328c4ebfaf2e24a75581b9","flac",NULL
"6c15b8bef980593cd1526c9d02c0eb1b51fc52a7","flac",NULL
"4b4f2508c4627a24b2386e58ed65b8eb57900662","flac",NULL
"557a6cae46a7e4d1caa636b5f92c53ea05fe49de","flac",NULL
"18ae9c07b64116196e4cccb3ded1fc30a2f765be","flac",NULL
"94f584ccaa6d2fa4bb744f565765cc94d3c18dab","flac",NULL
"55a05d8cac37041942b7ba8d82aab04d4567f217","flac",NULL
"647f2e98bc78e913754dcddf6ac75707b90a8a96","flac",NULL
"a3c1b0cee3184da7b9ce7ff66fc431e86d4f24a8","flac",NULL
"6f7b4796f329a435e02b2fe4e869ab3cda1419fe","flac",NULL
"8b167995563da15b020f39d01ca1d85836dca8ef","flac",NULL
"3ce62868676718e3c80c292949ac94b601a05a4f","flac",NULL
"aa3d60b153a879cbf5380b71a2d12dbce470e738","flac",NULL
"d34fbb8f2b9cb64792506440fa0a0500866232ca","flac",NULL
"512e0b262cad0a6e5ad68e1337e7c580cb2be238","flac",NULL
"78fff754d602032b2d75c8a2c8b0b4ea4715039a","flac",NULL
"2051e941b8affff123d78fd50f86ff8bbeddc968","flac",NULL
"cbe04a65ee9a527058ab71cdc84660eecb824133","flac",NULL
"f354348dfe57a4a4dedadc66aede80b2e1c86a06","flac",NULL
"83e876ead05a533ed886205aa62cfbcdecb6a8b1","flac",NULL
"878a76badb7f0a425286782f48cee3a51d6e0484","flac",NULL
"c622092b39d069a142eb0b4864ce7cb791aecc3c","flac",NULL
"2715ad8206e7d8b823181bcb9488c4d16faff4cc","flac",NULL
"a3ebcc6f29225ef38387eed00f491253ee724d27","flac",NULL
"6fc195f2956895bce98ed48a1281110d2aab68e7","flac",NULL
"f364d56362be66929befeacb90f493e17f27db91","flac",NULL
"e5eda7c3367739e93c8fe721af7fa9e2b6ba007d","flac",NULL
"4b564c8a001a81ccd6fc65266ebdbd648965b100","flac",NULL
"0fc2a02949f893936916d56eec0fc1823d3d8ab5","flac",NULL
"1e515b95256e7c00fb0049b44102d9e1d0d0e444","flac",NULL
"44ce672a3760ef4a5fce66da3bb39dcc3aa0ca46","flac",NULL
"f171dce15e2295ed77f41ac98fb0224bca89d18e","flac",NULL
"642553bb7b19a0f798fc79879a98aade0765c69c","flac",NULL
"6449891e5670ace3dcff0ee974c2a0f6f052a056","flac",NULL
"2b85536784029666e61cb82b1c83dde6d736a5f3","flac",NULL
"d6a5015eba5047f11933bc2da48f5ad91892d44c","flac",NULL
"a04a1d5363035ca81d158449d633d482c06023fe","flac",NULL
"66a91679a09f4c98693d2c40393fce0dc7358c04","flac",NULL
"15eb32c33bd5a5e363cf95e847e23d3013aef5cf","flac",NULL
"716a034ca3cc0ab50b169160fd320e3d9a5ec306","flac",NULL
"a27b6c2633471cf95aae0f9eee3fb718bca26040","flac",NULL
"07f335a3b7424d7ba847b408147cfc9532c0032c","flac",NULL
"4b5d6c49ff292499035898fb94daa7864cc81891","flac",NULL
"68abdca8faf7d31e1b3a3e002519a92faf068d35","flac",NULL
"30877d722c74d91d8d19a97f20fbb7a842e2452a","flac",NULL
"264a1f3c9b74eeb4fa9c373c6f1c9bc48351a046","flac",NULL
"9165e41281423e30ecbd9e0c7657e5780dfed636","flac",NULL
"997b6144706050c7ea1a2b9fb128daa76d2e6784","flac",NULL
"2c52bf55f8fb6cfef18c6f95c7063e010c77c99f","flac",NULL
"bf731d3171ed5d59799b8b7eaad952852a417472","flac",NULL
"f57b994e19c7fef931f09edff35a20a14364e018","flac",NULL
"0c090b2ece7e8b7d4b4d5818bf2ff49c8070216d","flac",NULL
"3c75cf4bffc16bc09326d63d57f3dd0b95cb8360","flac",NULL
"e22cee4f96b27a902da03ebd87e7067f561fee92","flac",NULL
"0ea20ad9e5533d32e0e92e4cd45751858c2c2d6b","flac",NULL
"24dee56c61079f18584db7ad102f9c4c91980877","flac",NULL
"ad4b0e84ae20b0f564eed8e3504b8c88e62949df","flac",NULL
"8e0791c5bb7298a2c1aeb46df37e6880c6791630","flac",NULL
"aa0bd06efe4567e9d7adb09c0beb967a62b06825","flac",NULL
"5a3734f76b3a48bd1abb7a857086e7a0a1f3eda8","flac",NULL
"ef3d1ceab6ce7db496535ace9de4185e1d4d153c","flac",NULL
"db5c7f9e4e80fde74d4e4e226559fd16d6b6e1b9","flac",NULL
"55ee13cddb8575def2074f44b82149fe7b3f8071","flac",NULL
"5e6245f8637fb6fab0205ad31a593c5683eee0e7","flac",NULL
"678688ef3f5911cd7b46b4ba45be119f008cec4a","flac",NULL
"d3369270f7b03eb7b19434073b9cb3d1ef6279fb","flac",NULL
"59448848d9b18cdea5d3b2a50847948fc650fd92","flac",NULL
"dfcebb3fd07ae6954b02fcdeeed01b1ffba7d8d2","flac",NULL
"d4b3ca4a3338f2b80ea73c002c6ee453952e46e9","flac",NULL
"0e03d5f3eeb7ec5a0233e43fb13cad546bb9fa72","flac",NULL
"c3d287110a8ed16590204045be6607cc984deca7","flac",NULL
"fe58e6356ef7f6afe67a6b40c9f10584994a3c2d","flac",NULL
"2c6da7ccebac6e6cd381dcf254cd86b959287130","flac",NULL
"651b80d91f0d507720699363f7cf8ae70b114025","flac",NULL
"b7a0eeeebe1cc1e7c1c4781d6e550ab4596ddc9f","flac",NULL
"297b91ff91157698159d1a79d2eff6322fad65aa","flac",NULL
"411be628f69a70b6fc8f91d85811a6a1b7def7d3","flac",NULL
"f48b40bc13960d1d879ac0d0b00dba30f1e7a660","flac",NULL
"830466165e34fd0c34f1908517ed865b0c1fba58","flac",NULL
"2c44a8140d0541bbca4d7dbda94a3e52a8947fae","flac",NULL
"abe81720130868bc9ab171c8da58824abf8a012c","flac",NULL
"033408308da60ee9bcd6a57fdaf789ef70c05a79","flac",NULL
"36de9c8b7d0ffc0f7a13013ce86e9d29e3ffda39","flac",NULL
"32a87608c45900830ed1615c8aa1ee2888c9388b","flac",NULL
"e55e5f57f9eedd1e075238c49abf5b323cab9e83","flac",NULL
"8d5e5c9ae7b7d8bd83e4e92f96b34cf128a41f99","flac",NULL
"59978f59197dcf1f95607945e6db96055a28e9a0","flac",NULL
"454c8a8b9fd8beb371a0ac7c838bc0e4f26c4530","flac",NULL
"07f7e63b20e8f530b5503df448c14204129afefa","flac",NULL
"0ec9e4d4d71430f865ae23379bbc588150c48a69","flac",NULL
"bf1925d541190f9e7310f300b8d2690a0a3e3e18","flac",NULL
"5d69d65ee48736b287b1970d06df2a22f7c39032","flac",NULL
"5fc9e8a25d34756975250077491fbb58ba12c4a4","flac",NULL
"cdfddb412221f1bc6318d20f579dfa5dec1566f2","flac",NULL
"c9fdfa3c7ef1cefaf204204f9636b24f87b74eee","flac",NULL
"79393290ab3463cd1751002abf181290e9afc422","flac",NULL
"d61b9183419ff9ea4d07cf439754599509dfd8c5","flac",NULL
"581b4c402c7ad1f00b00db7653637fb3e0d115d3","flac",NULL
"3a2a7060e70a55f4bc56dbefbfd04a01d2a0f5bd","flac",NULL
"91ca8a53855c44958555f3115b2d62d4635630d4","flac",NULL
"d0fa3d6e5909e73fc079e52aaee5a95407ea7a52","flac",NULL
"4bf0c24f4bd27a111bbd8c289ba6aedae4f44707","flac",NULL
"fdb5b1d581d7696bf7a306792f6412ec174b530f","flac",NULL
"7d3564209f6167b098902b9e17cb2b308a39be32","flac",NULL
"55920780ff70b8c879ed9755c7204c93d6c63459","flac",NULL
"033a3d51ab4ce8ad7b4aa7ee9eb11ca07386738a","flac",NULL
"ed5756102a13a2ef976726a8d0a7bbda34284e71","flac",NULL
"5bbafa3e532124d95d516c07cc2f678b98952c8c","flac",NULL
"97ed22b36cbc1bee50f16d4285b65799f18c2cec","flac",NULL
"4b8e58d93e5dfde64452fbe2377c9d91a238416c","flac",NULL
"672c1271678eddbc332f5bdf62e4ac25c3a2b727","flac",NULL
"cf35c57c39b3643bf6b631b38d7b201755cee196","flac",NULL
"ffaf5325256eed6d5dfe30dd42060b3e4b600bc4","flac",NULL
"760ee911046bb06640cdd7f41bc44ba694e89eb4","flac",NULL
"b3992121dde255e8d29e871596cab3f70a946adc","flac",NULL
"e0d404c57fde82039df7e132d13f810e18c5feec","flac",NULL
"c6ab214c0d71b54b70903f9d0d8bdcff5c94b1a2","flac",NULL
"db8206fb2be9621a3e5d6e745110188cc68d88e9","flac",NULL
"33ce1d2d877d85729b17885d70eb387cf357f579","flac",NULL
"825c3771ca679ab7452d44439e49a6f99276a0be","flac",NULL
"2965a1b2c22823a3025a05becc411d10fd8ec8af","flac",NULL
"474da693936adba12d9fe2321722b6346f09feb2","flac",NULL
"7e9d8e3790d177dbadf250ef35911e0336fd3a2b","flac",NULL
"96a1c5eb14cc92bc97f1460c2aadc63c318ebd14","flac",NULL
"65d189d6993d2c67e5d18961ab2a551a4d835d49","flac",NULL
"95097b507f08faafde69e324430da673fa50ec5c","flac",NULL
"03152a85a063047edf138ea7b84a6e7f8568de2a","flac",NULL
"1452dc94a253f710ba2cd3b8ea8a6ea3c325049a","flac",NULL
"2c1988438f718ff20eda5c377c884fff5efd1cef","flac",NULL
"67c53e902c3221e75be119d8d9357072e39a7a37","flac",NULL
"6e4dd84ba5dde01e14d412f1141d6cd7f2cc400b","flac",NULL
"fc59cebec611b31aed5bc0490e92f5705e44ccaf","flac",NULL
"030e6fca5df81d0bcf498d3db3b4be1b2db80a4f","flac",NULL
"7cbcc0ff5dfeaab41fb3701d8feb4bf76af90aeb","flac",NULL
"da03f3dafabab2b32218113880da6187046e76f8","flac",NULL
"2196f8c6786ed62481f16b76c2fe0a1b623f97c3","flac",NULL
"b5e0d0982fe8b7c0b69fd20c65b18d648fbf9ab7","flac",NULL
"5aa0cbf4639713d269036eca59f43742dd71f744","flac",NULL
"3dd9c8fabee2f99295b5e99213167e23ea19d184","flac",NULL
"491d6e7d04c324c439ed4e2d276191d2ac011d8f","flac",NULL
"cacea454a927578b3e41a5f14557ed1b1baf2617","flac",NULL
"de004a6e77ae7947fd5b43a7ed89e732b027a514","flac",NULL
"203c2caf97b69fefe55e76280d96f6f9a8deaf6d","flac",NULL
"e47014ca1dd9ea86fd0f7a3ba8610d97c3093e64","flac",NULL
"ca36be4996117930beb7fbca3a4cdff260794410","flac",NULL
"5d6a3c2d9927884951eea9c558ed6f3ab0ba46d7","flac",NULL
"1751e4d605f305e8359bfb07d7323f8a6b3e0f69","flac",NULL
"2fe2b6df905595517f685a0ebe19fae42647e565","flac",NULL
"633753fbaa97cf75d79ad79358503287a5d52683","flac",NULL
"bec0c6150ff4a8c06f16d4cd36204f3e75eb3fef","flac",NULL
"4efc7cc633651ee2d76dd6a216895429acb2c132","flac",NULL
"cd1473802a69a8094a103c86248f415956d0d238","flac",NULL
"8e5a4334933e4119d88fa3c186fef07f04d9bfed","flac",NULL
"a8f71f1182e7ba9d636e802de9574df73ccebffa","flac",NULL
"31ba6caf5654e2e8027a038a77de2aa157ff8a7d","flac",NULL
"cabd761d9befa14c6a3f501f9644a8b13d55846a","flac",NULL
"782db0a8f687685fa75d2f6c59fb4aec2cdb8570","flac",NULL
"2dc0a18b2f6bf4f84e936930c93fe6784c65c38f","flac",NULL
"de0fd2f0edfb30d07ac15bc503da34e00b4c5b55","flac",NULL
"3e8e9319bf4870877c18cf3e2eca1a4e31129623","flac",NULL
"4c1aac0dc2170f220414f31ba24339e6f9317ed9","flac",NULL
"41b4732dd61fc4e108a4568cba23e5e95a9c96e8","flac",NULL
"c3e713bbfa94702ec6e2318bbfa6c54d27e01fc2","flac",NULL
"7f87935d2ec4a59e0ff48a184b26aa47fbd89f82","flac",NULL
"73c37e060006cb6d0916515dfacba7cf17649adc","flac",NULL
"b92f0ac045b4f6ecb7c23f6b50b93d727765a531","flac",NULL
"3287c5e908f2afc04ba2a33acc08d9bd29cf0ae5","flac",NULL
"171363319d0560db2028e38c3e85ab91435c221e","flac",NULL
"70fbf26dd7fae71ffad2b2a0d20e5dcd677e0e4a","flac",NULL
"dc7e216445de9a61ec9d21095e256654be5e05a0","flac",NULL
"a56ebe4330e1b2bd0ae9be7a0f22879966915925","flac",NULL
"394b1add9185e65e927f2445d2e0eeff911bb145","flac",NULL
"fbecf65b7d66333b2c2eb9d09fdab90a31e986f4","flac",NULL
"4228b5505f56e1b1751b234a96147be1b92a5246","flac",NULL
"470e338bdc9f431e6bc42796ef1898f1edb36e53","flac",NULL
"80a0171a6e7983a574e7860e47077d720f1cd8e4","flac",NULL
"eba2a397ea6f6b573cc9270073fb53c7c3e0d138","flac",NULL
"c6c82742f3a978008741fd283b506244a6dd2755","flac",NULL
"550ebdb70e96f117a75afdde46f1561b0a7d19ea","flac",NULL
"e31fa4411fe8c2ad7c711fe2f1d40d0d95fff9af","flac",NULL
"6ad905b470c5e327011c1441b9d27bf52cbca01a","flac",NULL
"f24cb5df89a0aadb6e86f41e4b08c7545be9b668","flac",NULL
"459a30c3b3be1b1e62735c4c73f103f79fdc278e","flac",NULL
"61280bb640feee7aabf9dd97f6306f7d697a5769","flac",NULL
"c5aae2720aa02a2e04b59b9395ff9645cb072302","flac",NULL
"354b65f9bb0d4b4e35de38731be2c2303c26d127","flac",NULL
"60723b359cbd2dc2320511072ee2057fce37c53e","flac",NULL
"a59d76ddd57e318538109dbd2b9f52270899f685","flac",NULL
"6743e4eaa4cddee077212cafd9cf3a5b2f83207f","flac",NULL
"48cfc4b48e5c6f6bbdda0c7be8a8c5e620317f84","flac",NULL
"c8e724aefa88c8fae7cfa1aff8a92bc3557bd0f6","flac",NULL
"4b27cc443709f3e8f6e49754ef1c3dc1a483c3d2","flac",NULL
"148e1ab0e7d4fc5ea3f36e06991dad0505faac9c","flac",NULL
"187e556f6712e9c9f81b4a893785137a23e043b1","flac",NULL
"67feba4d6b5e22934f47ca867798154d23afdbb6","flac",NULL
"6b571978486c57d9a2bd1fa9468f716307fad635","flac",NULL
"66e46b41dc74179d7bacd212094ca4aa8c891f06","flac",NULL
"89d8319d6c9d8cddeb3b4a4dc817ff9d59390574","flac",NULL
"08aceab903ce803eea48b775bf748f3d5f17e031","flac",NULL
"ddd9e2bf87c348e7ea811250c53386499e0ac023","flac",NULL
"30c999f7adeb7ddcc30b5527c3b41beaa701bc1d","flac",NULL
"3ba559388b8a7198d70c643609808c4ecb964d9e","flac",NULL
"f74a4fb169eb97c0ba9e4c14accee5471cee8233","flac",NULL
"02b48e57b6dc1fa3f63286c20615826cdd543235","flac",NULL
"fb619fc946513e2004235c63d1d32d65f219a0a2","flac",NULL
"fd55fa9a859b85bae2edc9128b922f09b8e14c3b","flac",NULL
"b07412a863f2ff349d6272dfdcacdf3af4ad1520","flac",NULL
"41f8d887974119e3105dce8feb5eb9f8879812cc","flac",NULL
"d40c66c934b579af9f9a335f6469dcb7501b9ce2","flac",NULL
"f7dccb4d543914515fdb17b587f8d50daf0e9de5","flac",NULL
"c79cf7d4a464ac3df8b3cf23af716bb173e1fba2","flac",NULL
"222337635dcbf75c561930fb8d081572150a61d3","flac",NULL
"44a1ad577d34fdfbe34c071a1d2716ec3b8d2f12","flac",NULL
"3f639437e388bda8fffc7aba3390504cbacb8f42","flac",NULL
"3c2209438c0477c8ea0525a3ae4fc0203d34bd78","flac",NULL
"3b97daed65743ee26a2f3897b10f52deee8d8fab","flac",NULL
"e984c28febc7069fcb9859517de924944ba94622","flac",NULL
"7742e64324c0d698154227132841f6b83c4464f7","flac",NULL
"f9b2df9c3da5e6dfee88336986fb0410216e25b6","flac",NULL
"4a26a5b91402d98a1e512c75d2becb9cdf5dc49d","flac",NULL
"fa41311dbb6e1c0738e61c55450ef59782c03a0c","flac",NULL
"e8869c7aedc9139457b05f06d13aa034a34e7cea","flac",NULL
"47df51fa71a0a7d1b99ea432ad322ccc8b00f0b2","flac",NULL
"595bf46dd1cbabe53135a29faf4da04fe498d93b","flac",NULL
"21fb5cb1868702d637f801f9c043b10c35708d6a","flac",NULL
"d23096dcf336ba3c235810247e6c3e9c1fef090f","flac",NULL
"da930c6c739a42e197b0fb060acc738f880a01e0","flac",NULL
"e8860c7ca568c0c177e075daafdad3c72176fd05","flac",NULL
"ebb78097a85f3df24c0adf8fbef47ef9ebb4748f","flac",NULL
"9c35973511e8e624c161a9830cb0be794e602e6e","flac",NULL
"d1a1c5735b75a46f2fe5aeb780de09cf0d0881d7","flac",NULL
"8322555140f1e8e4e770e5a92fdadbd5d7fcf858","flac",NULL
"a5b7e51b685f0c611051b22cc1368285fd40ed6d","flac",NULL
"86c39990332666d68b56e0c162397e19a2b27005","flac",NULL
"3b4a5bb17b672c3f36792aebd46c9c888c7fd339","flac",NULL
"73b181d06e5675bf4fd73c2826e118f6f15dea33","flac",NULL
"e5ac8abad7494f4e0c410e1f0c4f95d42e0faaba","flac",NULL
"e7a98e5e964da2305de63e6f11e9f021937e79a5","flac",NULL
"55e99a95dd313519457fb6c1c53465de1e861544","flac",NULL
"0d2e1dea27fb210c54d3d53515bf4a7a84756c06","flac",NULL
"bf6d9a864ac3b36d25ae392de89e1018b5f0d35b","flac",NULL
"8981bd13be7c50b0c57d8f038f76330bd65907fd","flac",NULL
"620927e8fdaba2660af5757b63660bde95413080","flac",NULL
"98fad154c0122316384835ed0c0578e1216da3b6","flac",NULL
"fbd37ef692d3779e4d62d2f1920cb94e070b5d72","flac",NULL
"3df5e204ad689cd340498b43e4ddfb33ad1b0da9","flac",NULL
"d55fb61f4057ec7e97d8ba9f7106d6c69f12d1aa","flac",NULL
"046da8ee9ce6f4d5fde96fde987ab11e8b1d854a","flac",NULL
"af5b9a1b0c3a6cf04fad7f6830cb2e84e505aa0c","flac",NULL
"0de6131d272d34b118169d3edd03d423856c770c","flac",NULL
"b48d318c31b284570a7d0be5a2629ec4f778a771","flac",NULL
"53720acad0f9d896f294df3d5b90d87e7a932acb","flac",NULL
"4c0eacf4e42fa9ad3516e097cf6148018d859db5","flac",NULL
"a6f685feaf7d2ca0d9559db9e0ce1074c9da6be6","flac",NULL
"23b8fbecfef7374273faec3814b2cd22324b26ec","flac",NULL
"f9469688ea6d82f0f71db31aa0c2514c5e7077cb","flac",NULL
"4d1ae56cb5d97a30afbb72ddd531829cc50982ca","flac",NULL
"db5dbe81788ca572a35da9fd0530ea645a75dca8","flac",NULL
"f566a1183ebdbcc97565d87c6b6db816762b7230","flac",NULL
"c216f65418f73857003124d4f0db8203e720c0d0","flac",NULL
"72110f15ccbf01dabb73f1b6ad34cde941d0aa62","flac",NULL
"bde127f1d9aa98b1ef5c9329af7194157b469098","flac",NULL
"ea7e768fcf34ce8c637bc1e857907333881565ff","flac",NULL
"57b913841af3c473eed73abd50eaf8e0863131ae","flac",NULL
"f0fb2bf65dcfa0ae3edc6ff5e4b1f0d770bea3dd","flac",NULL
"e02e7430bcad7d27969da13fd6315c5240174880","flac",NULL
"f3c60c06cf9e43e902dac0f5b11ea4ef3947fd29","flac",NULL
"9afb64f14a8b8259bdda35ba074afebe0b5c294f","flac",NULL
"a1b232ba8f4a9b7179ab1da7d74ced8f2766e5f8","flac",NULL
"0ef03f2ec05ddb423a9a5c912b92ddbfd50a9515","flac",NULL
"59d93a008ce7781b29d4e2b976eda2931c13f649","flac",NULL
"486947a17f64c6f0e9466979e6f068969503c8db","flac",NULL
"8da8254d31858c0d472728731079a7ed5fd996b8","flac",NULL
"4701bd858249816026d6ad2ce6a8afed32669be4","flac",NULL
"2813113eb37ff2752aeee30a486227eebec890eb","flac",NULL
"941ec716ea39e4b38038984b2e99c5f95ff813f8","flac",NULL
"acfef274844612e2925c4c79f84776a6cb1443c3","flac",NULL
"d1424f64b23abf0b6676baff48fea149369fda40","flac",NULL
"d7b95e6e4a9ffa4fd5634461b6e387cafadbea46","flac",NULL
"a58f5e69f5e05c7eac99b8790808901ae3cdd6a8","flac",NULL
"73a419daded3027c088ce00299bac06ee80b67ed","flac",NULL
"0a67362d3bcad5a27fef87f25027baedf47e7b54","flac",NULL
"c0492fdbca85add7c024d91eb360ecdcab4e87ab","flac",NULL
"ae0ef94cd3463eb9819050a2c784276890e9b557","flac",NULL
"417a89b2922efb9e0b39e41f13af8bb6132cbb6e","flac",NULL
"5e80a52a9146ac9605e199aed70726f9ebae327f","flac",NULL
"baecbbc15e4337689f83fce3909eea291ffd30e9","flac",NULL
"e9062343289ef17d8d92de2ec7413b127290ad94","flac",NULL
"a682c2d872a27fc6fad2695cc136cfc8f27e7eff","flac",NULL
"51340328e63f826151c8ebfb18d4074d48489f93","flac",NULL
"e652c497b2ce52550890db1d5d29e276e3dffc96","flac",NULL
"5b686b36c522ec21dbcbfe7c00dc5f1dff01e2c0","flac",NULL
"67ba60d6839d418bd430ef03ec6f9b091cc41a25","flac",NULL
"b433c185d048641fc1d3420dc55323631793afee","flac",NULL
"6609cb7692e42b2c0c2267f12f18e611c8414aee","flac",NULL
"79d609cab39cff692cf8917d5fc70eeb71300ead","flac",NULL
"8c9b1477e648a5f3bc6120dcb0e4b1eaa3299e47","flac",NULL
"0b465803bc76a3a91effd6a85faf9a376d3bcd55","flac",NULL
"c7f03d98bba4cdcf89b00530270584c736c38190","flac",NULL
"498a15191acfd8ccb271ba0ed3013efc22060bd8","flac",NULL
"bf3b71f1aee336bf5cc215681aabc9d6ef49f1e4","flac",NULL
"5fa7ba6900a0af1535ac20407fd4abde291a3e05","flac",NULL
"781b7c1a179ea77b01e54bb58c99ef23189c3680","flac",NULL
"bfec423e64bcefe82f07bffe7be63085bc7a46cd","flac",NULL
"98b32b36bffb15b200926f590310a9e84000a59a","flac",NULL
"180741d4e07d9de4a510af95e8418f129daf2423","flac",NULL
"a665fb32159aecd3a43002b36e9a91248d33e1cc","flac",NULL
"f524b3c4444cf13bed2f66f795743c4a52310653","flac",NULL
"a8fb98758c5dbea86a3d2e73b1ef989301ca51ef","flac",NULL
"688734dc7858aec054c8609cdfbe33d6ed1cdaf8","flac",NULL
"700cf9c99761d8e8c7314bbdfc8d39f4762d4fb8","flac",NULL
"0ca213b22aeb79713ee4e06e9450465209be66ac","flac",NULL
"38c4eedb7cc8f32bf21c9c04a549fd7b354d6011","flac",NULL
"0d042d2b3889f0ddf12cbe6789a35c73d79ae863","flac",NULL
"a131580bb2f89263415c19cd568c973e29bb6dbb","flac",NULL
"eb1e90c7367e0d1100733f4c61f2b83f1f8faa01","flac",NULL
"369b55aa78a4b223bac6331b4ac47376efe0a522","flac",NULL
"1f4a0a7e08879a201eaceda78fd0f891b6a645b8","flac",NULL
"4ae0e5e5943bd1c044042b448329abd92c82bb9e","flac",NULL
"3ab636aea03b86fec264f36daad8e82d15cf7ec5","flac",NULL
"405cd60637571391794f5a4869853184c9fd436f","flac",NULL
"1e50ae686148d6e3d622ab9f45e04b7321ec2c16","flac",NULL
"ef7cde16fb39edb890e0aab44e06440cd022d49b","flac",NULL
"58290801040d30778e1fa32705346a3b0253f362","flac",NULL
"0f7de8869ee2d1d03ae1d357adbf333513a389bb","flac",NULL
"132bc9a64b7b7c1d342ceca7dbdd09853f2c56bf","flac",NULL
"bd7f79ea0771781b8b44792606589916bbd4e37c","flac",NULL
"95e34ef24128d26d43fed129e091a24b401beaf4","flac",NULL
"4956186ed5a54cff7c06d5f1d7f9903f12c3f706","flac",NULL
"58141c44bf9ade7b56585168937131cd9c97859d","flac",NULL
"f06019ea00ae5f6b0c996bb2defce04af32c012b","flac",NULL
"919fba1e6abac00007d8606e07021cce6d9771c1","flac",NULL
"6423b778313f42f1327e8dbb075e244994350f09","flac",NULL
"00d5c8c4dc58e461d648b0be3eca6f0efc6a8e79","flac",NULL
"3a5e592e51d23dc5a99fcd0f83a6c34d74230c8f","flac",NULL
"3f132834825c53f0ec5ec6fcf2149b9d1b9ad651","flac",NULL
"dec5a04ff2868c6b595d6edfcbeb8b44cb8b3c4c","flac",NULL
"fbc9bbaaf774ddd8241bac5f5770994393d099c7","flac",NULL
"eaa06a4e1f8e2cac8d1d60f1f61db5bb0a91cbf9","flac",NULL
"27a9f2041d70fb4783339a4bfcc90c0506ad35b1","flac",NULL
"feca91937fef4dc2f935fa389f240f41e8f0a782","flac",NULL
"023fabcff6024f14efa06213d111c86180ec070d","flac",NULL
"5eb845e37d6ddb285d9d62fb528b7470164a22f4","flac",NULL
"0e28aaad2582c1c85306a5e8994b726459464529","flac",NULL
"8d208ce26bb35b03f55946ee595876b1973d065d","flac",NULL
"33bfdc3d43c227b6891eb56bcf7ceb35cf7dea90","flac",NULL
"02935104110df53a0066237c66d44f5c0bbd1742","flac",NULL
"feb3bc60a4470cf704e5e42044663bc7619986e3","flac",NULL
"4a96aeadfccd818248f73cac2783ba8281af2f59","flac",NULL
"e33e96e3b0863eb40024f860313f4ae39f8c2d78","flac",NULL
"2c08cdf293d4de155243b9db7eef50dee9e207ed","flac",NULL
"1631626d2adc1ef08b66c03ab83c99d6547a0a1f","flac",NULL
"148bb3e06989a65e9a96d7d0019351e501bda3e3","flac",NULL
"137ded6484367b0d3d8a9b4ef4cbb5fe44e4eb67","flac",NULL
"ffda09e8e341aab3ff8afdb1e02dbf49148da782","flac",NULL
"a30ea9933182fdb40b6be4f948691c3fa43fb2cf","flac",NULL
"e5bd5ea4c064aec055505bd22f2bc6da3e212c93","flac",NULL
"80ce5fd5db33ff0469862d018344b0356f056845","flac",NULL
"be93cf14717cce8c445706c323f7b3b3ad324708","flac",NULL
"27d59806c29896c482ebef2dee140d278c79f4fc","flac",NULL
"04d6b0b9499c7b41f90619f5d7c9bd4daf9e4387","flac",NULL
"934c0538f0a813f077b0a6efee8499247bc0cbd7","flac",NULL
"b0de2d0f96fcd6ebf9530eb4077a956cb1630eb1","flac",NULL
"66a37ca876c442e865800cbbab24dda8173ffcd8","flac",NULL
"15c9edc55e5c7087613b3049d99e8342c04cc4cb","flac",NULL
"e9cb3e45e99c5150968561773240a74252a60a30","flac",NULL
"10c29a3220d3790de6f3a5bf9c6d418a9c06bf5a","flac",NULL
"ecf6a5153e1db122a39796902077cfe2cca83cff","flac",NULL
"c1d6c7d03817a103639c65e97055300d9251f79e","flac",NULL
"2ea2f063e64db21c0eee38e82c19fedf95f877bf","flac",NULL
"c0a6f773b59ed2af5dd0a165165531e2197257d0","flac",NULL
"dd2811e5e60829ed86cede935c3ec15c2b1f37a7","flac",NULL
"cc338be0a9752190f6cb1e6b08f40dee7e19ec7b","flac",NULL
"0594665d3f4326ac2c0663705acbe00140242d65","flac",NULL
"d5831cc63e1db27c834a4d6c88adca91eb86012c","flac",NULL
"3c816bd299ba5d0632b5d7a2de0a03990cfe8915","flac",NULL
"e0f2cea1e9fbad1f679364d03020cf68a0f71e21","flac",NULL
"a123256943f89e7e7961fbb7e8a6c73a5fadb7bc","flac",NULL
"e1af01c078382f2ab77d00209f70be33770e4cfd","flac",NULL
"3424549cc1375586cfc73fd280ca3fc3d2a6f38c","flac",NULL
"e4edf92b0092cf6c01ccca77be47480f3259a2f7","flac",NULL
"7760b7124fecc8a23087b950f8f66228f1633bf2","flac",NULL
"6eac53deb51135e04b92c87e4a55c6845f7d93fc","flac",NULL
"774e901a4a4877e0f48c28d5cee38938077f0b71","flac",NULL
"dfce40819cca229808a4cecddd41008718796aec","flac",NULL
"49de7924fd63078fd8b310d377e12f11c7e6b8cf","flac",NULL
"32135b916778f419c05749a0a0098bd6545a7fe1","flac",NULL
"3a2cf2a9ccca8b3b044839817b71822806009d71","flac",NULL
"81bcf0e65721c8bfdb880cd32314d85b0042944f","flac",NULL
"2dffae646d10ea173ce27ad319ae613a98931124","flac",NULL
"db326527af90c78d8c6a160bb164615f96355555","flac",NULL
"2d628946b894dd62d906d122340ba5e3c3dc18d2","flac",NULL
"014e9a8e9befdaf7f1c8cdabc54f8aa6b4296772","flac",NULL
"95abc4d26f33c6ca9e738cb30b026d29eae52db5","flac",NULL
"dea58eae3ca575ccc164fbce976db3f240d08759","flac",NULL
"a573e9372bfce5cf119bd517de8d8bd039c8af92","flac",NULL
"125c2065fc6f264ed6ab326f3577afa5bfca14b7","flac",NULL
"25139c87ac5a3f56af23ba30ec6580019ef06b79","flac",NULL
"0b7c4c004918775ee624f8eabc0030dd5a9801f0","flac",NULL
"1e419ab2d87331b080c537a80241922644a563b8","flac",NULL
"8a2c003e73994247e3c52214b3e3eb036eaefbc2","flac",NULL
"4a9f9abd2bd3d731500b4e3a79ae4dfe2800f962","flac",NULL
"765f0324801c7444964ee6fd3c8e8b3cfdaee0ba","flac",NULL
"1cedbe4ae782b5552a644dfabe8f33f6781e85dc","flac",NULL
"58c4c72984a4e06cba91688cdcb45fea780675f7","flac",NULL
"5e6ffb8f5ce78a91fc547c029b24f935e5612b53","flac",NULL
"d9b0f03d34c05b92595fa6ed745bfd213a4fd1fc","flac",NULL
"3320514a41d4e4169e87fec8dcf3a2793daa9e10","flac",NULL
"6f926a99c5572aeeabedc058c36f4e5b6733adec","flac",NULL
"50c76f8450318804b94d1dabe6bef3be3b2c8232","flac",NULL
"b78fd1f896e350baa86c3e8bd5bdafffc34d3421","flac",NULL
"0d82bb047abcc703f06b6708e9bc997e169eb97d","flac",NULL
"808ce4aad9a09c814e89b326bd7fcc6f4566daf0","flac",NULL
"8c0b2a229d08ef1786ec452282607a7448df6f1d","flac",NULL
"8888ec9abb595f0d398054f2a6749274e54c192c","flac",NULL
"a4ed8be8527bd240f644f158c9464dad44ecb10e","flac",NULL
"f03c4480821a40da7785557c33e18ddfeed2f155","flac",NULL
"c31194eb65c41778207d35b74d2a0c43df88c1f6","flac",NULL
"b1353c9256768cf8e56ac5d051fe9762aae9a811","flac",NULL
"731f93341e4d4a1d953f0c72b397bc5b57c61430","flac",NULL
"b53a2e5ff21e554732251894f1e07042ebf6594b","flac",NULL
"1fe94c5ab423e0a5d93a491527b9d507cb58255a","flac",NULL
"7480d59dde91aabcdcca4ccf3171b5d54cdc31e4","flac",NULL
"b2be867f4d4c17e006e6ab7a311966e8030ad92b","flac",NULL
"fbef80c53e39deb2818b75f550865eca580f454b","flac",NULL
"2900ee02fc919916192a18199eefdbfbf84f2b84","flac",NULL
"faf8559a51c9ec93329d8973e58a9ec47e4eaf6f","flac",NULL
"c96263cf4a12d9338d8d4eece56502300fb43129","flac",NULL
"e3a95492d385279d15ea10534e74bfed6b2043e4","flac",NULL
"17a576322c8e7c789bc5fd34820c5d4dc0835a11","flac",NULL
"0ef598f28a104d3c01e5630919e30fa79e6a8c97","flac",NULL
"3f4e3a7fd16507c123c9a550c25ffd70580fe272","flac",NULL
"507ed505fad9a2c67aa8d02bdbddec404589c100","flac",NULL
"3fa0920eec669792759002a50bffa448cdc04b93","flac",NULL
"0ca3362ad7d9ff1c57d60dac6b49458b5737e064","flac",NULL
"6cef5d6613d682d085672b89ab9473e9cead1e28","flac",NULL
"b54ae2555b89deebeab06fd4636c2786bfefb993","flac",NULL
"f7470faf3d82b654f58bc1d544c30df17ca70ae1","flac",NULL
"03280882ad292da133da3629d066135f9bf2c8ca","flac",NULL
"d6520e784ee8501e51a25c0d69362af00472e40f","flac",NULL
"aea5f495b2bf3cbeeadc5a2681085d0ad7d3891b","flac",NULL
"4b3e5f0d4b0e2389fb11f443b631072eed0d78ce","flac",NULL
"c1dabead0508251003541d5f612ee1925344af42","flac",NULL
"a2437857cc37fde200c63693cb2d70d28f3300ae","flac",NULL
"e7f7ebfe00d7280195a21ff7f0665228a6c6d929","flac",NULL
"47889165774292c31a89d246cfb70b2f6ead758b","flac",NULL
"8385aeed66965f8c1064c6683affd81191a24ee7","flac",NULL
"75185c8275e8d32c081431d6fb65ec983dfb2b51","flac",NULL
"da9c39bfc8946e184eea4247733ad1c64a726e07","flac",NULL
"03ff673f289b8651d347c7077c29eb39d181dd2b","flac",NULL
"560b4c6ad85fbf34a55fdaa660e077b61f748522","flac",NULL
"87d71a5322079773b3691e3cb69703633165aeed","flac",NULL
"bffe738ad4625d3935ac43efbee706aaa6ea042e","flac",NULL
"5f4855ce240b29535c2dea35caa0a7a83a87923c","flac",NULL
"5002ed91afba9e6e0fe5350e557a31041932efaa","flac",NULL
"92856826ef20392815a170d7683025727c9a5c55","flac",NULL
"62501195b48463b2051ae57e549283002f0ec544","flac",NULL
"18464721c9b4a5ba3207becc6dd7339598623d1b","flac",NULL
"33924f869cad769790deab20c4b41da3dc10a432","flac",NULL
"d22cd01cdba80a12563c110237e7e37d1f951509","flac",NULL
"c829fdf370816fab85afef365238db4e2b162374","flac",NULL
"7a5ec4d462baad3d6c3fe651864f2b4da88e0054","flac",NULL
"a3cca389189f092efec393fe974049fc202d501a","flac",NULL
"ce84d4bf582057e0ee96a1e378eb7eadefb5a669","flac",NULL
"95409581fa9465ee9832d28505061e5c40bbe7b2","flac",NULL
"4869154379ae9af84a25c3623fb3ef247d4f8521","flac",NULL
"7fdba8b48cddadcc411defa31f0a974fe526dedf","flac",NULL
"25ced6aadf6a28c225d01f486b13230eff329ff4","flac",NULL
"7fe481bc13dfe110e06433bde0a564f51de390af","flac",NULL
"df8d9884546bb19778f5057f681eeff447538eea","flac",NULL
"b256b458a47dc9dd7d0fd6e05e8ab784efd5d28d","flac",NULL
"9588c4422607eacdd80b656518ae8282333a655d","flac",NULL
"396f344ed77391016d334996fc74cc5bb7975642","flac",NULL
"b71a0950060d37099010eceb6d7362a067ee0feb","flac",NULL
"3cd82cbed36955a95b1af65538fa7ce45ad39224","flac",NULL
"f53dbf0b0b1285167726f98e6acfd42e14aed3fb","flac",NULL
"ebf6d4f95b22290e3f77f30a500fe85351cc00de","flac",NULL
"ce4aebbd460379eb8c487e54f9caa34c748892d8","flac",NULL
"c10afd493c0174573eabaf06db61a4256d011cd9","flac",NULL
"1d82399f1770e627b13a4b617292ec76fa0c8119","flac",NULL
"df9b7d1a3ac16665e63d5e457164169130ac4617","flac",NULL
"8854c3f18e3ce3292253ec19825717da4f61c7f6","flac",NULL
"441e6a424a4d757ba3256305dd874ec557b6ac44","flac",NULL
"c2f0db01664aab7d2c8fcb24d0d67fb5b28fec1f","flac",NULL
"2b0f52afcf0ac63aca6dce20d996c3d5d42e547c","flac",NULL
"35de8eb660b3898f0b2b6d092e9435e5dcc42b59","flac",NULL
"e6ccd32d7d6120f9a64195c9a3ed9ffd7c99d9a1","flac",NULL
"5aabb4fdc591d7b9c8b70b299d6bca5e8372d960","flac",NULL
"61912d2e4d601324dd6be5cd728e28884801c85b","flac",NULL
"fb48184a05d3ba1e0310877ac125b330e4381b64","flac",NULL
"d75eb82efaad77deeb6b3e210bf9592fb547539a","flac",NULL
"df15491146634652971050caaaaabcf91c7c3161","flac",NULL
"04ebdcc46c22028955d569df181d73ea80e480ad","flac",NULL
"000aa143786fd1f5ab8a813d31c81add764ff507","flac",NULL
"35c26ba14b1d8197130551116e4ea4e19ef3b96d","flac",NULL
"6f32ef747a76d76fc875cebf8cd8725d5836b728","flac",NULL
"acadfc72d662c17800fd8b5bfce5ef620770ab83","flac",NULL
"a983f969c5a5206f54c78362e4a5055f1f40f4d2","flac",NULL
"659b10cdb89b7908af3f63ceb5144eebcc8a2dd5","flac",NULL
"e13a28a49760e1c2678f8f5a02fa57abe0f3a4f2","flac",NULL
"410b6cc374ffe997efcc7a1a66760308772c649a","flac",NULL
"95ed850a62595016faceafe8e60bcbccde9806ae","flac",NULL
"3bd903b4407357c852019cb118872d556c6a3ab0","flac",NULL
"72e19b05fefa50fd75ae93e73bff92a4282e0576","flac",NULL
"da0518ee2381a6184248a6486f3e039ef27285f1","flac",NULL
"adda91efac72a217c82bf9a343fbe798e6dccfb2","flac",NULL
"8328007d76ad5b77d7d7cb7b81b1b811f559704e","flac",NULL
"4cb973967233d82de2b2276cdd39ce27d1bc84d1","flac",NULL
"6fc0a9d3c5e9f73ff029b404a2a90881be8c6946","flac",NULL
"6c6652e68bc1ba44ccae2ec0db89478286e62274","flac",NULL
"81df98b168a322498292a9a1563640b57727f8d2","flac",NULL
"a447ee71904639ae795359dab899c216b5b1acbd","flac",NULL
"820c8ce53df1461ad565139ceae120de1fee1738","flac",NULL
"e0736856d455096d51c58131e9fdad1d60ea9ba1","flac",NULL
"b086e099d763b1c079141801429ce25f23ee3762","flac",NULL
"5f5e373b6c815111f16ce0133956579e95419897","flac",NULL
"16d8177bb219563e614ee01e6811196a3bce11dd","flac",NULL
"e0c791b30bfe8cb0f75f0c530c121d8d4eeb3047","flac",NULL
"ed0eda407c0e17caec9782b47ffefa25f01763e2","flac",NULL
"490ab3a3d1247b1e9a2bd77c3a7791396fe2be7b","flac",NULL
"d25416735737da45113b944c37346cf91fec11da","flac",NULL
"8830f808d34879bdcc5d08ac12ea21b4c522bc2f","flac",NULL
"91041b21c09c11fc256e66621c01df5ac3d2f457","flac",NULL
"e986da9c0f72cd1a2021e2d1d29b2e3f11136405","flac",NULL
"51310ad4b853070c2886f04ff5ef395d04c60791","flac",NULL
"5936c9032a8ef3e813ff314ebf4e8deb98b0542f","flac",NULL
"a99b70949d7ef13be5444b05402e670c851d8405","flac",NULL
"81a192843ffadc57c39933e825f804e11eb6d511","flac",NULL
"2e642e1e4a1effc51c895a734d6d8ef28c2a270c","flac",NULL
"d2adbb79fbd385dbe1a2a55095100185d480e1cc","flac",NULL
"cda084a3dfe9ada81f309767d0cc4ff603bf5235","flac",NULL
"487df5f03598f77f063432cc8ab385d3e1acefe8","flac",NULL
"03fc1e6bb16445eaf05d1af7be4d8419359210e3","flac",NULL
"85ba0b0ffc229d316d221e09f5b77e1a2eb2e204","flac",NULL
"9db9d16edfad128f498856a4756475dbf04406a3","flac",NULL
"83bca0dc3f58590e2deb6a33ac1849ab6703157d","flac",NULL
"0716ee54721ce1c9166d5843193a8913722550eb","flac",NULL
"c83f496496e624bb0c29b44baed679452bb612f3","flac",NULL
"ead25588187fbe42aa4158b11c0aeb5a4128fa86","flac",NULL
"1fc57681c5b0a00ae013d11e03577430634cf112","flac",NULL
"4cb685de8018066393181af8e329c20d39a01afa","flac",NULL
"dc8084ea483f9ffa7579fbdb3c332e7116173fce","flac",NULL
"1492f87e1ec01640f03198dcd66c33c6eae2a2a1","flac",NULL
"d21800e09e8f519c939d805eed8d3e5faec934d8","flac",NULL
"0a06e337d44bae270d499a368f3c8420d29c2a48","flac",NULL
"ea420805780e78e378ed84f1368d670caf98a1e5","flac",NULL
"cde0f05153203d8f35026212d782ce65ddf17d50","flac",NULL
"321f7a3f028079c25f85b9b990beb78914a54824","flac",NULL
"a98acc64ff8e5f73ded2485c80d89afe2fa55791","flac",NULL
"3081972a552480c69f29cb46af998cbe7d99213d","flac",NULL
"650b2ae66cf1ce381fef2a6c1f243402aa5ab392","flac",NULL
"364f694073232cd764aff8d34e7132686f48cd24","flac",NULL
"37e2822144f73890c983d5cf45e0d3fbb2a1b089","flac",NULL
"62e9f3253982824a994e199915a92d4ad19e461b","flac",NULL
"02fd98ae51aec9e09991c3f763170745ba5ac62a","flac",NULL
"01752ee78711340bdcf7a0c44b136f53cfa481ea","flac",NULL
"67b2de20630ca67db72f177ef59938d7d8ce2100","flac",NULL
"841ba11d8a3b1b97d1f4e3ed616197a16d88b44a","flac",NULL
"1e2b320cea569a42e3e8c44e51dd1bd112e52803","flac",NULL
"daf608734813f4d3684c380115724c4b6727d08c","flac",NULL
"898a86c0eab050c07255484318f053abb1dc9a06","flac",NULL
"2be968a26856fd72a9451ddf3056a96901c43664","flac",NULL
"18ae42f7b7df88790b1e2e7d55678a7309d2c051","flac",NULL
"a551cd3f37ca93220ae25de530e9bd940f7b92c5","flac",NULL
"3c9d44304d65c4527ec73cf4f788054174ddef83","flac",NULL
"c0543155916f3240b325a33a3555fd1c0a6e3340","flac",NULL
"fccc619827555e1667717bd13818841f318130e2","flac",NULL
"ad81845f255d48b5212963af84ed2697b6debcd7","flac",NULL
"05f187645f2e45b4d75c710a7f7bfd45c9c3efb0","flac",NULL
"06e8fd76cacaa6e13b0bdc527a726627668a03e8","flac",NULL
"9af735ec86c336e8de39fa5730abcbefb8d55aef","flac",NULL
"714e8fc0e9adb851acb0a0ba01bcb45ff464d303","flac",NULL
"ab36d57a2f42edea08b2c74f61e8ecbb2765ff47","flac",NULL
"c2cc72924820b8baac0d39e0e80bca37484fa52f","flac",NULL
"397b67cc4e3c0bbd858b8b21c1e629f5b26ad37d","flac",NULL
"a1f2fec1af344b78329afaab67f1746716f6b925","flac",NULL
"5c39b44e035795d2e4c1f4d56c3170cfbdd17c0f","flac",NULL
"fc730a7ba521c0e6512b11a5c9d2e05c75bbdb19","flac",NULL
"5803a746c5d72949248d5ef3140dc2e834f5c2f1","flac",NULL
"e50e1a992e6d482bb12abe02c6bfdca3af943e74","flac",NULL
"3db3bff9d7d64c3513041330e86e5a26c99894cf","flac",NULL
"9b13bf8e8ee960b888187c836bf20ae9d6447d72","flac",NULL
"cbe00850c3a80b85c0863654d4239eb3f914fe1a","flac",NULL
"1f9a3c1e3f09305dbf75a4750e08033705e01b76","flac",NULL
"33225fa0d4dcb4aa235413f54ec763d1eae2eb7f","flac",NULL
"0128d5fcfa16baff662c30efe4b359238cbda107","flac",NULL
"1d35184b1f92c93979f1ef392764aeeeea27ccd5","flac",NULL
"c3b35463d952979fdbd773b291158df432932207","flac",NULL
"98641b74caffb7d110559ada5f5be3d0319f9c77","flac",NULL
"e0fb1a1d07abf20008dea7bba7b993524b9dc65e","flac",NULL
"2928ad6611d9ff0dc26af19d5f3d9509bdf1ab31","flac",NULL
"d98c76c36e0f77a75dff09a17fa38e2ae39bb305","flac",NULL
"0ce2237d460146f8011e7d19d5413448f7d382e2","flac",NULL
"28c7123f629737a90295b9ed8b2e1b6b60727310","flac",NULL
"95239874e688fd7c241bbc837f0a1d48a92ca2e6","flac",NULL
"0ab8fb3628e3f336cbc9519533279d5ccc21b1cc","flac",NULL
"b9c183557dbf682c19c528b15ba32df62fdb3963","flac",NULL
"074e80574b4cc9643a54f682e60f642d4f8ccb34","flac",NULL
"88615fa6e6e3af8e86f0f0aec5fad53f598fd5f9","flac",NULL
"eb0c8b49fce07b17d79802847cee46369073a00d","flac",NULL
"3e5dd55f9813edaaeda7871bce9107a5a10bf61b","flac",NULL
"957ef17e3a6e12e268bfa42cbb63cfb3b3ada918","flac",NULL
"89a18d275980d54ea25390fbfa015d24aee93efd","flac",NULL
"f96e240ebf2a604e82e72de9d28259a172b2a270","flac",NULL
"29cc523d65cda73682b64fdc2e1adee148b88d20","flac",NULL
"1180d0e2330b48ab93d4c4905806524a486d4f97","flac",NULL
"f6f3be735a2383bc39c12e1443068dae7d7358ec","flac",NULL
"b9676b51bd0c2123e4a00ba60607a44fd8e58d66","flac",NULL
"1c435320736cb830f3e51926be38e8eebc59b8c4","flac",NULL
"5861689cd1c92ae1dc050f4826c56bedda47a022","flac",NULL
"bc26166e4a5d514d4ac026713edb6fbe6049e853","flac",NULL
"a5ed91cebdbc42914c5d8ac06bb4484333c4a15e","flac",NULL
"07ebfde1d94bb475f404d0b1bdf12bd331e1f2e2","flac",NULL
"c82e8b286f89afbf0cf428e5f21623a03103fd27","flac",NULL
"259c5082738902835659c00e7ba64b39cf07d457","flac",NULL
"ac9e7335111b6faf9c16198c11f04ca394ef1e7a","flac",NULL
"62c15baf71e4f59d5c862f22d0d024c178231db3","flac",NULL
"56ac59f48b43f584520b9f447659bb624aa4dab5","flac",NULL
"86d87faad95405354097813f098bcfc84dff8b6d","flac",NULL
"f9a8e646330980f4badc3a05a31b5ba898f88af5","flac",NULL
"dc36b64487aa83e255e406030ebf7e9abfaccf88","flac",NULL
"a0d4caf720efb6e059a9f1d016fd3a9dafdf1455","flac",NULL
"7243b4c03b579d8fc292f5d08da46b04cbeb5a31","flac",NULL
"ae2b1177abe3c35682526aee58b064359359b20a","flac",NULL
"2cad413a6b88c3d3b4f49baf2c5e60a42b2e82a1","flac",NULL
"190458a50cd1f0ee0ec7c9934166d5437056ccb2","flac",NULL
"1789ae68737affeee31a2f8599cb163a09457c0a","flac",NULL
"3dba3ad8e3082fa1e4d4162a61092317a8f8efb0","flac",NULL
"92d17b8f89795228e655c05551797e38d9202a2f","flac",NULL
"82114428d5fe998f727f079f86030cd1582fa683","flac",NULL
"b2b1d94562e4a548ac000e9db5909697b1d72c76","flac",NULL
"6a765beb7cebc501aa867b4aa1a41f9d51e67895","flac",NULL
"11583036d607c718a14523ab68e0476ce1d33202","flac",NULL
"34b89dd8cf4c31631fcd967401aa0b04a7e5336f","flac",NULL
"db8ff7395bfde7d711590f5e1765c5cf53c5af42","flac",NULL
"9e2150b479e7eddcae8b7a64e3b18ada24757e98","flac",NULL
"87defc691aef986b50543cd7de2b98cfdce88331","flac",NULL
"57515cd0c197c7099a0fb32df0e1eb200119f2c1","flac",NULL
"267de3c75b834ebc442ba5d1042510c4d1b5a348","flac",NULL
"5f69397a2b7af6708da625d594d689a223b40a51","flac",NULL
"91f327292d9ae03290fed73c98fe44281fb0e0c8","flac",NULL
"5d19d9e0915951448364bac9d709348e67ec88d5","flac",NULL
"0c8eb641094051ea4202196eb1acf920e7873350","flac",NULL
"ba31c76dc8e28b7bb69ba93085362423f68dce0d","flac",NULL
"9feb2d3a5e22e55aa64fb7e112a37cb4afe827a7","flac",NULL
"38a29e08b72ea8756cf1c5a36461c09cfaed42a9","flac",NULL
"4dc63a69450f955f67007720f04ec11d6739df35","flac",NULL
"6111caee618d7aa70ea240b918c6787979b87fdf","flac",NULL
"629314351b026efa6067eaddecb4ac25b581bc10","flac",NULL
"bb1b94d4e6ff7267e0ebe422dafe40973e334755","flac",NULL
"13a35c7d904aeafd87b9c8a5c7ae35baa1e6efcd","flac",NULL
"aa8bef80df970f88fef337fdd152b2fd9f1a1d01","flac",NULL
"14469521dab937123219233d89e0b1a6b023ce70","flac",NULL
"cf34ed47bbb256efc94f28f9165ec7b3a39cc2b3","flac",NULL
"654498f1a0842196e98c4b8b1de9e2772e676328","flac",NULL
"ebcd8eda8c0ff58db99689ba0814c643cd8ff4c7","flac",NULL
"cf26cbf4284d050a598570eb537adcf5d8354f32","flac",NULL
"f9d0cc3a84b6fa3dc98ab17657fe71308db68622","flac",NULL
"5ab32bdfacf50637424ca8d6f9da73af6616fe9c","flac",NULL
"1c3e697769e41fd2f8966f9d28fc7f886010b659","flac",NULL
"60312541cc6c8a6c0be3887dd3a416517a6e579f","flac",NULL
"6cfca54e67b08857f6e4abff0094feb0383f2773","flac",NULL
"6814a63265b65060e8388bf1e2ceea74e4806d20","flac",NULL
"7ffe8f66a7f58e5b35cc4fad5723771716bda8df","flac",NULL
"657372c32970ee4364b35fdba89f2e469e6dc02c","flac",NULL
"8fd8930859091c4a8c162fb2caf90bbbde96451d","flac",NULL
"4a36281cecf58770838d3e7e72ce66a8a3bb83a2","flac",NULL
"27985a06293a9c53b90a088598404ae671e34f59","flac",NULL
"2f32410d311db894902c19302d02f65414d5dca7","flac",NULL
"aed3ad964c6f44e030017d8a4bfc752c4bcc3a71","flac",NULL
"d7b970592da5a98f4f4ff7a73a5463038326f843","flac",NULL
"3e2c26e9ae5796a01608b0ec8c0ca60fb7a8750e","flac",NULL
"0adc75e295262ef1ce223b8c09cb3f3725208695","flac",NULL
"7cae4db3be60ef1ee4ec4a99fd45ea9f73e849b1","flac",NULL
"5d9d5f172b607cb6c288eee9ffc065017bd0c373","flac",NULL
"556bce63189dfddb366df3abf2b83824d8764da2","flac",NULL
"3d66b1cb86dda5c4250c5a32e880118a9044016f","flac",NULL
"f89b47ab6a826f87efaefebb7a7d84ddf24ce75f","flac",NULL
"9a18fb104112196b4907a7c3a37c16499c8a3a6f","flac",NULL
"29207c886969ff03ed1ca0985d6093ffde2ca9fb","flac",NULL
"8e6d01c39d03c8aa4c6e291ee95012c8c37efc96","flac",NULL
"a1d5bacbb96d543a1a3a8ad9fab83d4ee47683f9","flac",NULL
"e512c9cf40b07e3049872b7b8bb9233b79927699","flac",NULL
"c6ab086d21a80adf721496e309b5637009af61e8","flac",NULL
"01584cedcf4b731557c06c43896cbe0dd461f535","flac",NULL
"3e920dbb9f1f1a002024ae2a60c992ea22d25fec","flac",NULL
"58c6eaa5d324ab9ddda0ae3afe3aa96799651f16","flac",NULL
"34e9ad040da698d25075eea78930dd0985e9f30c","flac",NULL
"e19cb57dc7a99497f7312a1012490800ee350a2b","flac",NULL
"4da20476a12298a1290f411dc308b3ea01835ea6","flac",NULL
"b2b35a47241931792d2b762d6061f5480fedef8d","flac",NULL
"8eb33eba5e1271ccdfffa68e15215bf728501b29","flac",NULL
"3568858aa8f3a256d73791b32884b0468a08deca","flac",NULL
"adf1c22efb0d9d1273cee6ada6dd46b6639959b7","flac",NULL
"71608600871accd46296c49129553effb1254293","flac",NULL
"2eb42ba1d8570c1bf44b65ca79c6a6c48f6626fc","flac",NULL
"9005bd6f9dc21600c83ae9e1369149610030016a","flac",NULL
"6e2c4bfb2c83e65b45780a6524a80b66cadce568","flac",NULL
"7da2b5dab0ad1f3be5c96e8939ef68bcca2851d1","flac",NULL
"f62b6f541d72dcb07b256e8de9cc375256cb15ae","flac",NULL
"97fc301b384dbcc324f8307c9e484c3b87978ab1","flac",NULL
"4bd65bc22a29f0eb9050f1111c5d2fbb276219ad","flac",NULL
"85b0d45aa3fab17cf918891146eb55d042378f03","flac",NULL
"9248216b58cdea0f85a9cf4ca42bd9ee009452fc","flac",NULL
"64a663c2174764c6503d793bf53e4a631bc2beba","flac",NULL
"5584fab1d3aaeaa09f99b7cae9d2f5e2410623fa","flac",NULL
"f1151db62d732a66f9669390f398e8ac3742d006","flac",NULL
"40ba7f1d69a3d2da2da415eef1abfeca0ac7a06f","flac",NULL
"1c5aacbefd1d03fc32b2573c4d7aa4cfdb7ebc20","flac",NULL
"7e6b94c22a2717cd2deaa05cbffe44ec9352919c","flac",NULL
"c425a84aa5c3c65dfcf195ad2f5af2f71cfd0a42","flac",NULL
"38faf20c8dc871cdc11c9d06a5882b152a7c6dea","flac",NULL
"3b72c90c039ffc48b583730f8fd7d28e44bed5e1","flac",NULL
"8ed5d5ff28bb0328b26d955d846d80587501ba60","flac",NULL
"3798e172d2f94654e63a7b3d1a1717570570c9a3","flac",NULL
"7398188542f81c97fad4ef835341422e5682e91a","flac",NULL
"864fa0ff1dc58c5d4dc5da327b3dc04a781d6c9f","flac",NULL
"4f156ca9e99b26dc0f99669d0d23689437f1319f","flac",NULL
"1a6552f56bbfab71018d42c6954ec5731e16f9fb","flac",NULL
"2b68eba92be9998db17112cd7935465a2d2e2a17","flac",NULL
"4acbaa3eb749570ba1b47b95106655834b06d670","flac",NULL
"289ffc12b3948a3d2fdc971fa04fb727677e7700","flac",NULL
"2a88c566cb952f3bf88c620726bdaebcbfaa4365","flac",NULL
"c2af4e0871b7617d13a46e89bd94a3ad4ca0a977","flac",NULL
"b1481c0e3debe22bed1ae6f685e503a282491ca8","flac",NULL
"f1262029a1d5a8acf2292836745e45384ba6aa35","flac",NULL
"0623dcb51511d12e2690ecf5ce4d9e4d530700ef","flac",NULL
"1c9d1a19ff7a33e320c7a313225f5851fe96acee","flac",NULL
"f963f0cfa9109ee1b0cb05d17b33ea3930df8f3f","flac",NULL
"76a30c99160a344590610b3229315aa79f5fc296","flac",NULL
"5adbc8d980559a4bc6dd464ec6e0cad40a1492a9","flac",NULL
"524e2760234b117c365815592cc4d6300e68394b","flac",NULL
"e7592203b4b3803ce36bacff68f4bcd04bbf1267","flac",NULL
"edf37ad20b2bb5a1c8b035eda4ac0c328aeab8c3","flac",NULL
"87c48c16644a3d634aa6e5399e8261efc3222649","flac",NULL
"7adb92223d7e70bb5dc64338f91766d70ca291b5","flac",NULL
"e05efade778f00013fad91e75b00535e96684abe","flac",NULL
"b2548bee9d9eb932967a7bf0d5a8c58ed3781731","flac",NULL
"d86a9027cd85106fae4681aceb4cb83ae2e37049","flac",NULL
"1de9ce07c87de6d32555be450c14dcfdf57ea1b4","flac",NULL
"748dc2e5a517a8f5c9bf18c1c37414009fd6701f","flac",NULL
"aa2cc6220201aff13664ea5482cbbfc951711134","flac",NULL
"b9f75d5fa242ab0b903cc017b519eccd72b96308","flac",NULL
"b68ad93cb793ec5a7bb19c5b928845d65072b480","flac",NULL
"4f047f0615d7e28de67cde03bfc567edeead6f6b","flac",NULL
"ca989b6d8b27e34975654f51e48f5fa2fda659eb","flac",NULL
"d0e8a4ef739e8cd63d86d21bc172b5b3e498a69a","flac",NULL
"de0dcbc039adb49faedb7de4f3bfce32e055dac3","flac",NULL
"2b768c0075f854ba11d36e3b4096752afb0a491e","flac",NULL
"1d26af8190a0952c38a713f5d5d1631a1fdb8f7e","flac",NULL
"257f819dcf0c56a9ae8ffe892c03662e9c1ac898","flac",NULL
"1e666691d764f83603b13706101b062f26fd15ef","flac",NULL
"cdf605db4216dfe4adbc216a1b3132711192fb4c","flac",NULL
"ea2d362f727bcd2998c5f3bcc68886cb3702d7a3","flac",NULL
"fe1462b4235696a6d79a986102c16c0ab2b34a57","flac",NULL
"04b96b0a35a2cd58c0a72189193fd3d2abbe30c3","flac",NULL
"bcfc6cbf1afd08fdb67b1c89ef10bceb9503258a","flac",NULL
"6ea385430abf9685591c826a91f899c1a3770de9","flac",NULL
"d121270a677904523f82b7fd65706d361b18366c","flac",NULL
"6689903a6a7acee29fa25eccd4a51231ca954ca7","flac",NULL
"ed768fc220a81a1213930ad266ae86cffe028682","flac",NULL
"03a69e2e5627f6404b7fac43b06d5da6176feaa4","flac",NULL
"5ab18e8a5d840dbdbd4c4261ecfc19de2e0aa367","flac",NULL
"534a785872174e3b4793b0a00dbcb6e6f9c92e23","flac",NULL
"eccd7597a36ab5bac2c2137705432b99110c8c11","flac",NULL
"f4bb528b028401b291eef087b37fa6568443be70","flac",NULL
"32125e1f3d404b527642b4b85eb486bd0e14da63","flac",NULL
"63169d56087a678617c4b506d977859e98ddf9d8","flac",NULL
"7324daadeb3001f9bb8df5648a9e2bbbff3c6163","flac",NULL
"55ac141d8b620062b74c153e0d04b176c187e890","flac",NULL
"c4a502f14c1c6e787b10275aea55304c1134f921","flac",NULL
"97d523fc677fd790dac0e96ebfcf068d4506d053","flac",NULL
"adc6a77c81c6e58785964620c22720041c0c0bd0","flac",NULL
"4adfd89fd8e5c0e4f68e2783985417ad07d69c60","flac",NULL
"ec2dcccab0ec49bd246e7d275bef8a3277b41fc8","flac",NULL
"f8007432d281ee4f5d5295e6bf6b94f41c26923f","flac",NULL
"8e14bb391765d5823b4824fc3f090db0a698512f","flac",NULL
"2fd848ff8bb2b22a756539ced6acdc61a5a99e3b","flac",NULL
"d013ee4a4c6a4e83a2833421d89e487a9187d586","flac",NULL
"66b8f0ea2ec1f974611986c87f6a11d360537adf","flac",NULL
"558a44ec15b7c3dfae81ee79ff854560fb0ad192","flac",NULL
"df5c5697dec54d21971ee634adffd2741dae3791","flac",NULL
"a9b3e8bddea70f477559b2354151a49fc6a54bf0","flac",NULL
"538e46fbf5354d42168f0bcbfa15c096b2c53fb2","flac",NULL
"ecfee446b6c1da26aa73665a61c5c814a2da7918","flac",NULL
"ef8696c352716891f34d573c915d46e356cde218","flac",NULL
"ff38cded6805a6af763dcbd98336e291eb0aff88","flac",NULL
"4116fe03dafc18a1b94fabc0be3ac9932366a987","flac",NULL
"dd189d8f68fdc26559a7361d7ef2f258cafdc117","flac",NULL
"fe9a94c09fb8dc5ea331122811691b9574e42f4b","flac",NULL
"a31bda5293ecda55b7fa04b9411adcc8d30bb8cc","flac",NULL
"2a5897d2170f476805232eac1991b5d0b6ea806e","flac",NULL
"ee6a1a15cbd0a72b2b1905f95d3f451d5bb8b80f","flac",NULL
"a6b69fa9ccf1930c1005f75f6ab02dbeb899ecf5","flac",NULL
"64c56d07566f3d7bb79c2d45b255ac42e4798ff1","flac",NULL
"4aa8e040af1cb0a5fca32abd1698726d35939d14","flac",NULL
"383b2723b2aca9ccd41535c8366d0c78b2283f09","flac",NULL
"bff26b84315dc9405125c31c6f49eeae837ab0b4","flac",NULL
"ca0af85adc316f693a1223cc42e8126754624cd5","flac",NULL
"9afc0cd80c7d52bf3f72a07288b232f50385e2c7","flac",NULL
"12c4217509afdfd0fdd71449c72f6514331cf4e3","flac",NULL
"2310648919313a799067761d70778dfa933ca8b7","flac",NULL
"bb34a5b04d782ab78e44c93dbf85e195cb88d8b2","flac",NULL
"27c781c81d2a1a5881b6f1bc652d6800d3c607f5","flac",NULL
"54fbc9885f38256d40b5383b6bf39adf444fa37e","flac",NULL
"743cab7653b859b6ca8c04d2b195f843d218abbb","flac",NULL
"22a8277b23829529c7653ca082bf4dccd036af92","flac",NULL
"af58632d88f9afa2b9acfd6a72699095118d2cc9","flac",NULL
"0a593a6aaab0f02936ac1cd53f2e9e41f99a7ecc","flac",NULL
"25202734a4efc200f1bd5188e1b8b2c082f8441b","flac",NULL
"0e6ddbabee1b691ca6078b607183b8897ce110d6","flac",NULL
"c09d367a023244bd23ac5f5dce3ee3eb2c654458","flac",NULL
"ab383047f3e55355a98b42b57375f1d316299139","flac",NULL
"8f1e9c7e5bae7f0d8f997603c822cf700f70a594","flac",NULL
"907303adb6c0bf657c4f25b86001985f5bb255f9","flac",NULL
"a092f6e8efa4f4da0f9a00447aab8a7bde1c3e0b","flac",NULL
"1519683dd93d17c70e51b8214510171b4710e908","flac",NULL
"db772af497334aa51ab1badc371fac09afc90e3e","flac",NULL
"f23dae656e70af24d35f1db568ddc778537ec9fe","flac",NULL
"1bfd139f57be713499462f6e7543658987c1a134","flac",NULL
"dc62dce52cc43aa1b3aae6b9e5f2079c33cf8946","flac",NULL
"1f17b0b438361ff4e8c5b672c346803c1977e69c","flac",NULL
"af20ca7d70e4ec1eb65383f44962683711275585","flac",NULL
"4adfa8e48b38ff843ecba9f5094afacd30d5ba80","flac",NULL
"3b93ad28b71d8848e6f9d16df7327e473df73ce0","flac",NULL
"938c779e988f2b11f08ce65e52a7dcc077e1fe5a","flac",NULL
"5345eec6ef955f47689fbbef3797dd77ab2481f2","flac",NULL
"d9d8dfb13023b90173c2af927e86dcd723cd2c7c","flac",NULL
"6d8c4c4c08e4befaa38232eacd4bef3966ec924f","flac",NULL
"92ea95ae6c014eca88f1c0ef20de9336b5a60301","flac",NULL
"06aa317e4f646dd907f37c57d96e45834b670ae8","flac",NULL
"7132784c802b1826c6841eaa698de38cd7b1133a","flac",NULL
"d0f5bb6a91494d8c72f027aa78737fff7e87528a","flac",NULL
"2b1902c4c31d22a169a6a546a2fd041bd88e70a2","flac",NULL
"197ffc99d7d9e3a9aad210ab001564d28e850b70","flac",NULL
"709b7c44470c580fd265d7267ba77e0db291fa5a","flac",NULL
"aff98ae5a0cf4673ea89a27e256462bfff4aad08","flac",NULL
"a84c37e5f315f893dd781c810808240ec7274241","flac",NULL
"8a9119c227994829bae5507c02cad05f9c6c3118","flac",NULL
"68303103f3b758995e9dfb586c403a563dd2ca93","flac",NULL
"2fb3685982de2c29ccdd40c56f7406d134da7abf","flac",NULL
"2ec17dd927091da35428c5fbbcdaf04759a1d8f1","flac",NULL
"c3afce4da6a6f794d2675e6ebc1d61670525122a","flac",NULL
"520666dc0f758bc559fb3d6009abefb09c5c9f44","flac",NULL
"a90cb9c3fd4158b814eb61c50bd255606bd16a6d","flac",NULL
"7daf797def7a6fdcfa0aa9bc1d83dcc095d87add","flac",NULL
"b611c569057267d40ace0fc28cc4771228147602","flac",NULL
"8d29aa7a53d004385ce5d3c8b6537644e4c56dcc","flac",NULL
"2807fa68dd9bc42975035f62d56d6e51a902bef0","flac",NULL
"b2da702be604d85cd09cae98cc9a5b95b655637f","flac",NULL
"e6e102548ea9436b27244bf2bab4a6609fa43238","flac",NULL
"dc4edd958b52ba2b92f91b7ad0873e9d2a713e97","flac",NULL
"de8d04f519c641796e3423300c7b1325db071bab","flac",NULL
"874a2c5d547a5b1c51dc1d1b27d094c81ad94969","flac",NULL
"4fcf985fe6fabfab049ff4657535158cbb30e201","flac",NULL
"fcb8e75e1f170ad784a6485d399d7d2e9c88dcd2","flac",NULL
"2d01100b60dee29ca39ad755cd87e84195de5a3b","flac",NULL
"3331528da4b70379e631e545aa554568a1c02ef7","flac",NULL
"312eb9d041fb637e0d833cdccfbfb6ed5973dbb7","flac",NULL
"0e7ae2c33f1a26cbfa554e457bcc400e67acba98","flac",NULL
"94a6a99ea0c3eafd70c44253cf288086fcb36f52","flac",NULL
"da52e23f1a0be8083dd0c7ec270719519947b4a5","flac",NULL
"d9df1f4acee7a20973c2cc9a975f9a199a8dbeb5","flac",NULL
"f1a77101297d0f4b589ec6eee2e6a8e8fecbac9d","flac",NULL
"444db666636703d3acae99789072572de5078d0d","flac",NULL
"5ada33db952108b86560d93f13052f27e3ca4c31","flac",NULL
"7a37dc76822b76a05b4822c033eab471a1319aa2","flac",NULL
"4619b76d5c852ba30d6aaa5baceb815ce4dcc89a","flac",NULL
"01e47e4df4df86d76bc80ddc53fbf6de81956f27","flac",NULL
"1235f2ca78ad1630a48a212a2aee96256e17fe1b","flac",NULL
"c01f5acb02fac6e04a44290102af7237d9f82284","flac",NULL
"77d647488dea3831a407c7dd0773cc6500c267fd","flac",NULL
"0c2e2e0e192d0de1911c58909dad411bf3131124","flac",NULL
"5e853127a24d6dfcd7995c00ee427da3a7d2577d","flac",NULL
"e894a7152e3f7ae52bd43d16b9187a0f74c54e17","flac",NULL
"40650f9415713592f7ddb93ec79085898e5920ea","flac",NULL
"e0baed65fde2c9bae9a2b8edc344889630ade147","flac",NULL
"30ccc83281f26e6a679f83ae1791b9922a116ee9","flac",NULL
"a8cccaaeb7f945a7b1b2f7005f7c9ce8258d7db3","flac",NULL
"75088a3458ee394db385ab60cff76003505d4135","flac",NULL
"cbfe55004e2cfdbb0ae8c96429463b7112aa3d1b","flac",NULL
"2d92a7f4b1c66191073ef2c31abd7be2a3e1e23a","flac",NULL
"584d23e16f9b087a84195a8794e2be466a40ecb1","flac",NULL
"26aef943e95bd9fb3bb2e07fe199fefb2bc6df31","flac",NULL
"a7320a485b2f666e218a166ccaa6c30eb2838089","flac",NULL
"94bfafc3eba85c73ec748a079eea5f4cec5a2260","flac",NULL
"0e4b57dd135a19a45f650920d654ed3cc702d182","flac",NULL
"17095c427a77660eb346c9a731f48f36aed52d97","flac",NULL
"680149e92b7d3ed316c502107fdf38fce0063ca8","flac",NULL
"509e1ca8486fb20b6e4b364acf208bc88f980d86","flac",NULL
"067660a25528cc07669636fb7b6e0a0f01fff0d3","flac",NULL
"8613e285cb6440fd9a6b52e24e437b2197cac137","flac",NULL
"8112a3d4d9b48fdf8d911283e3ff5dd2cec934c3","flac",NULL
"ea468baae5e6e3c724d93f3ccf0e18a5b0ba1933","flac",NULL
"61d1caef517f658051ee7899283dab5aed591587","flac",NULL
"1dcff7139a75ffeb958de2b51733be3771670713","flac",NULL
"2f769d015661e6d594362ce7618ab026194e1b31","flac",NULL
"2897dcd8a901d8fed124cef4e8e38dd7ddba421c","flac",NULL
"4d6604454cf0e64f5ee43cf3dab9183fbee62920","flac",NULL
"da4d8df2482a531daa786ec706d5c7d55b9b098e","flac",NULL
"e6d741e4965d20b9e6b23c492dbf5b6dfedb1601","flac",NULL
"e1d99a4b0de04d32ce669d6b88b0e54e386530a9","flac",NULL
"38eb21d669aa5966444e25677bfc16c13504ba38","flac",NULL
"fe8a98e8fca7d4bbda14755d94208c6d188db1d0","flac",NULL
"6bcd50b65c229d82a06c5780e8dec3c44d98d726","flac",NULL
"8609c184b11cd0d7fffe8871aad9f4a7d7a85fb8","flac",NULL
"98e74c0dddf285144fb88b443aaa9e98681a59a7","flac",NULL
"8320913cd892facaccaf5bf781c0865c4e30687f","flac",NULL
"0dcee697f6e5a400a419c84372d225192039bd68","flac",NULL
"7b55d8ceb36d3b9f40d93f46c6918bcd917c400e","flac",NULL
"7b85f32f0630ec69e984ea7a2b7ee34a8b21cfbd","flac",NULL
"73bf05ea659bc07ed27b05185cf911b16fdd4e74","flac",NULL
"d55b36e814639f5336ca06e27fce8ed093d92a3a","flac",NULL
"973f412d60fb6ffc92788f12190a700f3d7bfa3e","flac",NULL
"2309d09fc675d5eaabf1b898b406db99cc0a4337","flac",NULL
"00ab3442b65eba7e3fd63654094322ce8bd73003","flac",NULL
"1b836111d1b2b6cd71354802845734b7c8440b29","flac",NULL
"358ea57248d51791670aae96701bd3eba41bf02e","flac",NULL
"ab4b4ccc8331668a8876cb8eaad0e57d3b69c92f","flac",NULL
"6ee9fc9ac96b74e3cc5dd04c0891d33918085bf0","flac",NULL
"5a70b83b718b7df69dff40639a5e9c2a4fdd064b","flac",NULL
"b9f3512b1352779298b6eb6acc1b46c486048301","flac",NULL
"eea867c1d08e24eef638f18af8280354ec226e3e","flac",NULL
"fe6cae30f7cea86c7cef100ef9f967796841288a","flac",NULL
"3fdfeac8f466f607e7258d9acb38944824c6c492","flac",NULL
"5825560b59674b49a30ffe7b7e24ceb00ab7a343","flac",NULL
"b5d027cb1d82840739fdade1f816bd0a57fdfc9b","flac",NULL
"230dda61e7153dfcee860aa394724640c0fb1772","flac",NULL
"e0c6e438ecf7d6d1f4a12a1431382abd051c6f6f","flac",NULL
"7490d533ed1d6e8824f863dd02acca7fb9c9768d","flac",NULL
"a2b3e4143b7244d04713881e19c9ca8a1e07f7c2","flac",NULL
"ea0888992305ed006fca289dec8dc684d811a59a","flac",NULL
"c0d9e33cfd5ef8a4e97ad030a50b43d4ede6a346","flac",NULL
"db62f44a6ed0512af54ab25953494f47a9242acd","flac",NULL
"aa37733ebcbef9a3e01002929711f8083e8398f6","flac",NULL
"5dedc0b27e0ab012b6a36e6f68f05f864174cdb4","flac",NULL
"332007104ea37de2499a0ea45dd3e074b7aafead","flac",NULL
"ae4ce776c30eb00edea622124ab4570b1ee94973","flac",NULL
"5fc9d158f287535c235e31a9cd34a6bf2f5698cc","flac",NULL
"fe29f4c30c5445a66ae9102a9570fed826edba37","flac",NULL
"5536c582af9cc367e3ed2617a5969672ff51427f","flac",NULL
"5f5a453f0973ef9b5893169a7c981408ba4e9f7f","flac",NULL
"e93bf0ead28e84a2e00543bb625ee0fa7242ca31","flac",NULL
"732e6b25b454971383b44dbd51829b8603af7a90","flac",NULL
"0eae67343c958a10129d126c521c2c74044ab412","flac",NULL
"8d10cdd4b0817d59ce374515f83598fc0f7ca4c7","flac",NULL
"ab76015c7fbc15f06129a51446df18673a244fb4","flac",NULL
"baf4ea9747216e2e1d6f142c4466f723e51870ed","flac",NULL
"4d9eff500630a133d46496d6d76381f5f7016f1e","flac",NULL
"8c85a154c5ed829bdeb205044777e118a2d5d3fb","flac",NULL
"0b0b1afb2d2f55b3a2bf7a9b2103b6057e2928cd","flac",NULL
"c9e6d7233194838b68ccb4cf13a3a3f0fc088e9e","flac",NULL
"ea407753712d559922240cce8270996d844f9652","flac",NULL
"1c6a96b364a1e83ad4d5c25c34d8f900dcaf799d","flac",NULL
"de833eb0d7ccae3c68e14f61d20e01818d847928","flac",NULL
"f3f3e87cb288ef731575e9186bc999f95b185dcf","flac",NULL
"058121bb25630e990c79effa8d2446e10f85d82c","flac",NULL
"370fc3cc68e02a9b34393e6217a9723a4491cbc6","flac",NULL
"e14c1be7fb1c3dc4fae351e581c87360c979cfce","flac",NULL
"1987af9c43b6d9ced6125cf8412c2526f09f5c5c","flac",NULL
"1b22305fabfe80a0d3f3f23d8a2d73b55c8ba1bb","flac",NULL
"f93758986c41a0557b26164127eaaeae6e6e0d88","flac",NULL
"2921b19fca755915496965f7d445d849298e7fc0","flac",NULL
"fd23203cba709e0af3c757c52eba4d0671edc008","flac",NULL
"26e2e32d2f238eaa1f134d11e42428248472b124","flac",NULL
"32a423c004e026ccc074bc176940fe8267092a5b","flac",NULL
"893f924f4f41fd4ed06ea6edfa0b6092c241246a","flac",NULL
"b75e9a640bfe491d336620a0ea96413104717216","flac",NULL
"19c1cd4d83bd089301caec0b3eef5ce3193954c3","flac",NULL
"ce8f800b857603548d6ae47bc463b3a8651ce979","flac",NULL
"6498e15a7c68b2be068967f2f072002fe648f834","flac",NULL
"9e7ca7dcc06f82d346b160d0f36b6c4daecb7ff1","flac",NULL
"de18715b8f211db2333d4a2c26178c424f082523","flac",NULL
"ceeeefceac26efd578838951bc4654824f7ace6a","flac",NULL
"e3c3cc4ff45e4b790aa94753d2efd069cb4ca11d","flac",NULL
"d98d91831a4d6ff6ffd8aec19deb7fb7b104f101","flac",NULL
"4171c91420f293462baa60bcde11baed3cd28869","flac",NULL
"9b089e083418e45c862443b47f21c3ca5004bfd2","flac",NULL
"0d5c9995e65b8d849ffef959e94421f1247c31db","flac",NULL
"5f8e3f4b3b4ca67fc36f5658b17eaaea47a92f70","flac",NULL
"5f05eb3073c6353eab8688323dde13e72fd5e666","flac",NULL
"9a25f0fd7ebb08b72f2bafb613eef4dbc9b1e5c8","flac",NULL
"ba6476e8cd855de67004e1253ced5e94723a8704","flac",NULL
"92e64297e11662f41b226e7d9451982ac25f7cbc","flac",NULL
"f67ad8bca4d0c8c12161186d3c99343412140365","flac",NULL
"417b4edcf7ff8ee5e20cdfc46754d8b795e5dc93","flac",NULL
"02014f9863fa16645b67db9464a19ac66f214aef","flac",NULL
"c4921927c1ba04ba9dc2b4356426d4dd80b206e7","flac",NULL
"7f401a8c9691000a8759a60ddca15d9018378e22","flac",NULL
"617f238008cff1e23577da7cb4626e4625107262","flac",NULL
"3893f04653972a5e4c1bdd5ff388ed09f7aed8b3","flac",NULL
"5b05aea5dba1c89afce4be29b665bfd10e80edd4","flac",NULL
"17b6efd590e6926207268313a1f1b351d93714a9","flac",NULL
"5b46b399c3bb47e1cbb33af93a4a339d78f9cc28","flac",NULL
"918f014ba1fabe02b92ef79be82a06988067c076","flac",NULL
"3faf581813f9944b953b65ad7f95157defe18f40","flac",NULL
"1cfe682d8555670f5640fda39ee41960be157f8c","flac",NULL
"5c9b49f3e002040fd5629103adafc79c4b296a42","flac",NULL
"4ab55b123dd7dac858d4828cf8e8b8c1a5ae35d5","flac",NULL
"2888b27843537b543c508f2c00d46e4ba08aa0f3","flac",NULL
"bf135ca7230cf91bb3f6ac706f6277a43c4197d5","flac",NULL
"6be9dc2491d012867b71b14af9814099937ae517","flac",NULL
"07f661d210997bf506c7f3d77c5a13ff17e9f1ed","flac",NULL
"dbe9a1ffe80efbbf404ffb11f9bf653c786c9aac","flac",NULL
"fe77fe3ee9dc5c345867b31747a279788734e14d","flac",NULL
"0079fd2cce50085e564fc3d620cb6ce0e6cea9dc","flac",NULL
"a309723c5d5669a16e5c6a9698a5466023bfbd35","flac",NULL
"387151df37efda2264b20b45cb9f7fba98e7e372","flac",NULL
"5edaf45d290cca939997df3491c3dc67c20c0b0e","flac",NULL
"0827ac3d1420534e2b88cd9487911b57f75802b7","flac",NULL
"b301e13d19215b502502b405a12b5ec6893d24be","flac",NULL
"80d9b483f2ef28a7ad725b1afd179e6f245d6407","flac",NULL
"d97d85a8c40264ab18a99d040eb43a7a228061d3","flac",NULL
"293c381116c50df9551982c6276d0db82dd4e4d9","flac",NULL
"f44c99fd6301b00133af9d90edcd9aed4c43d31f","flac",NULL
"8ff145e5216411daed879395f23dc58532536c38","flac",NULL
"b48813f0dd47874001940c65a3ec8a0f274599fa","flac",NULL
"b9d3b055ac30af67a689cf6eeb9e609ddcee283d","flac",NULL
"7e05bc30feea442df5589bf900881e815d37886c","flac",NULL
"13d6d02ab1e60b7c092a4d4e6288283d43f548da","flac",NULL
"5e1e84ac3e744a31f2b0f82cc708d89d9082c561","flac",NULL
"f5a8d6c6c36db0ac10e3fcdfa8d61a97e83ce430","flac",NULL
"f2a0c52c8877709689df7a38ed049f67b85eaca5","flac",NULL
"03048654c68919c03740d023924348bc9367b5bf","flac",NULL
"f15ff87e6b0cd50d2bdc819b70413aafa5e0f22b","flac",NULL
"13570e179f16111194f38a661399dc7ed302f91d","flac",NULL
"51e07bc61734f40e81aaafd4cb5e918bbaaa0342","flac",NULL
"ca6b344f6c6c0fa473f3151d7fa9c23432e8ce68","flac",NULL
"de2aa52db852c405804413559f3afe345e1b8a55","flac",NULL
"45ae86ba4b65734085c774009f11f096e36542fd","flac",NULL
"fc74caa86f68d149da224da39ea0dc0aa55d93e5","flac",NULL
"8387db232a04e722e35665d40c363cfd5151a27d","flac",NULL
"c95c283884c68b8289d78839840639eddf14e463","flac",NULL
"609dcacce4e29229342d2efe5ca1aa9bec60372a","flac",NULL
"07ac2e3a7b90fde457902159604879c3c73d3cf0","flac",NULL
"2a77985cc48853c6e6275478d18bfe659b685110","flac",NULL
"8f33b7646aac32de1ed8a0b21019e9270440b17c","flac",NULL
"751f5f08ea1cffe05d921eb01943ed8d0fd70417","flac",NULL
"942f061806334afed20a836c40b25e880a35da8b","flac",NULL
"0c28fe0d63816a21f19d34f5fdcf08ed834d2e7a","flac",NULL
"2161c021d1678adf4acda3e58220bce7a3b80680","flac",NULL
"e4aa096d27dfb7609f84b6f7dab55876351145c9","flac",NULL
"d02a806950d18cbc01026cb2aa584403afdfc669","flac",NULL
"98fb8bf00566fef42888743b5117d9fb96488548","flac",NULL
"d24b9d09cea0f5f6d2513099cef65b300b6031eb","flac",NULL
"ee948a5618c3450f3dbac97de61fa19c361a07ab","flac",NULL
"067bb1a43e68383187431dbfcf1840d9cf97bd2a","flac",NULL
"2f89f39ae8601ba746a33bc6f6b8b5e2b525dcf3","flac",NULL
"7f63785c7fd70cd3962226443f6e5505316062cf","flac",NULL
"7989149b21f03fc4032c99b053a3c5b107257ae7","flac",NULL
"fce0d82ac75cba16b72b8a4a77085666f408121e","flac",NULL
"1dcad634de65eb8d1e0a4dfa59d4e83ebebe8e28","flac",NULL
"a6ff96e05f672a5382c011c47554e952f385de6d","flac",NULL
"7866f3d18f90e044e1fbd43c1dfb9bfe02aef4e3","flac",NULL
"e1110347d70eaaf09f297ad591113b9f24af32f8","flac",NULL
"5e5ca3cbd2a3d8670c4e9834d9d3d8e1a4e1c563","flac",NULL
"a3b3beeb38cbe660adc8e9be792d6f58cc1aacc3","flac",NULL
"158244d07f2f5810834226482ec9420973fd60df","flac",NULL
"da38a428a5506554871bf6e2358546a0b44fada2","flac",NULL
"45f4ff45a36e0597e44c8971be0db6cb5a347733","flac",NULL
"842b4624227cfb56865a446527a4da3df19269e4","flac",NULL
"b31e91da96eb4f6f3bc3897553c1f55b40e18b0d","flac",NULL
"5b8d5785f5f23edf7fbad12f761f893846d25d3e","flac",NULL
"1508e66875ca9e6b2dce0ebfe6faa289842223fb","flac",NULL
"975192bf74f942d5e6e434531c3a745a800f1899","flac",NULL
"9f804775e9c8d514308b0c7a0cc22649a34b3f02","flac",NULL
"daf7787ec55edcc82de80eb07750e19ae32fb8d5","flac",NULL
"0b02f370babaa9f0604c1b8b5a26787b445e4af5","flac",NULL
"c546662a3bc34bdd6b2b9c43e42ccffcf8c72336","flac",NULL
"1366d3db0342da4e465b9fc7cca1e29eaaed63b8","flac",NULL
"4c63627ff041a4650fcc16be1d34e0865966eaa9","flac",NULL
"507c96345f0923452741634ce394260259bf8813","flac",NULL
"161663ef9be99bac7e6857346420ae7f69d3b5e2","flac",NULL
"8766d7a85b0586a213b872cf05038538afbe3465","flac",NULL
"93cc789861c427c626baece6e1b50c7d173a579b","flac",NULL
"f8f056206a9b55c9d156184e305ddc8e39f27186","flac",NULL
"2cc728aa959f696400463f6ba9f8f187e4395ce7","flac",NULL
"6e4263ebf58596957c849a724fb38cf1111e8eeb","flac",NULL
"df49f2de681d79c02b286fe3b7bacf7370b84479","flac",NULL
"e79cf61fdf16db79f9f2e9d6dbea703b2136ea70","flac",NULL
"9730b6488dc0b47fcda3ed884de41c0a7254e156","flac",NULL
"d5421a193f1c9b4c6e64bfc41148ef8af4c609f5","flac",NULL
"eb66e565445aa003da47834cbfcec782bc99e19a","flac",NULL
"eda8277b61b966c92b4fe26af08cd20c92e58a3f","flac",NULL
"2831721e4b4577dfcba4dfa872e60afa6fa06c3a","flac",NULL
"e9b7989e652c51f360ce1d26203fcdae417b6bf7","flac",NULL
"df484fe2256f53266a91ff3b2c161231e8212e60","flac",NULL
"6e668af8b94d210c884406bddcdce7173ee24719","flac",NULL
"af983b28c53779636e03e60aaa8dc851c56508a0","flac",NULL
"806ee9cfa1234e6ebc25980ad5ced96fbb41a7f5","flac",NULL
"c780270bfa5aeedda93902f18e43e32dd0e5575a","flac",NULL
"02db4274092113575f39e75c3a3ddd0739b47dab","flac",NULL
"403898201737fa4055bbd198274825530226ddbc","flac",NULL
"4b3f2166ef516b600c64a738576ed97130f0aea1","flac",NULL
"30d22482efcf2fe921ab8f4a793767d025fc6a51","flac",NULL
"6e4a8c145e8546e821decda39f23fe66a3b645a5","flac",NULL
"37ba65d390ca4eac89696da16b23ff071de878d1","flac",NULL
"16b4ff069e733487c1a21cb633365e25b7a39345","flac",NULL
"c71b9a3878bed18429c130a960a9c250481eaa62","flac",NULL
"a639662dc8755fba7d818aa67bf69297564524ef","flac",NULL
"876466ae053d4f6aef7b313986e6e8f8f68446bb","flac",NULL
"0d7f3dee1514fb2ee6ef4253d0c6f4fa5833bd64","flac",NULL
"a36339f6935ff134a2fa966487010e958aa928d7","flac",NULL
"af44f810baacd00c9e037997e7c5f7420da55da0","flac",NULL
"56134857755cd0c34ad8cc297a1617ba1343f0b1","flac",NULL
"1175f118804c86a0423f1a5e63dee17e74b28b22","flac",NULL
"45a8697787f433015e8348be2e4022e1b92d28c5","flac",NULL
"c09fa5658aad508954b1df12c7630e59e16441b8","flac",NULL
"c87b2af468348a057d608fe59815f026f4ce84d3","flac",NULL
"6513df330b27785c19485a188b90449020b63f06","flac",NULL
"70cf02cedc3094b1f38eeb827410a9127eac8ff4","flac",NULL
"a2fd570c14732659359055c6649bffa343dc199e","flac",NULL
"cf1af365033caaa702595e1b4a07860a220aea8a","flac",NULL
"bcc985a633e3c8bc2fdf1a2c40468a21d4835987","flac",NULL
"b40a436d354d50977cd8f45d787386d9c935ad85","flac",NULL
"ad470b81ade6e28ba194f6222b8a4f45c3648250","flac",NULL
"27aa7340e1121df0987772a17c3ecf9269197920","flac",NULL
"3f00c23e7d819dd3b161670adeb487dc923c8fd2","flac",NULL
"a0d9c28be518ecf139b135ac2c8553b1b5c5bcdf","flac",NULL
"7175b8a7ab485b99f0a57dad8968b2f380a45da6","flac",NULL
"6804442417b4f73a5cb40293a2159fb70dbf3eae","flac",NULL
"72eaa7676bfc51b5f5e10079ae96ee8f58933f78","flac",NULL
"7fbb4cdb35188b621285a780b15166fe334f8ff2","flac",NULL
"36213c7732544ab8518c4897a320a6b78bb688d5","flac",NULL
"2d67aaafd05df30d9955416839506ff336a7c2d0","flac",NULL
"5eabcc7f7bf6bc570e250ef0b6d8202fa4bb2ddb","flac",NULL
"df848a5fdb6d63cff5eca5cdfc73c815b7f5242a","flac",NULL
"b61987ecf2df33b7bd8336d10ff5c7294a7df489","flac",NULL
"a814dfef203c1b89491e6eb26a7a8a6571a4abe4","flac",NULL
"7de292b2e6b517f851dbeaa5db3ece813a5c978e","flac",NULL
"eeb3603c3c96759b3610c4423852740416ec1632","flac",NULL
"72e78ae641bdbf246c349e1d7cfc261e5c9ef3be","flac",NULL
"d0b23aca1ebfb5fc964d2eae61d05e203cc8dba2","flac",NULL
"39726e35893a4d814f5ec916ab75c0eb32348285","flac",NULL
"2dcb47f5a03e941c5964c091bd5af175396b9ff9","flac",NULL
"bafc73d2131d3ea65608f627194355b0fdbde4a9","flac",NULL
"83c5080d60d1e87da246a982af5ae84189b55139","flac",NULL
"be1e773f9d8d76bf90f871bce621e411296fc629","flac",NULL
"e43eb8e7d7553d1d59e9a4563a0ed6fa7f1a2e5b","flac",NULL
"6cb7abe3e2c2bf52b7b45abccd65313b5303a2f8","flac",NULL
"23ef2571ba50a2efe703fe42c3cec1d6b448b1a7","flac",NULL
"a415ee08d26f1c4f8c2f99c0a95e60229d9d4d8a","flac",NULL
"ab78144dccff51d14c2c5ef6a0e0018340c63b90","flac",NULL
"c892baf60a5a9771ef6b781d287807e674116b18","flac",NULL
"2f1995a2290110bd692c0a57bbe250b589087d98","flac",NULL
"aefd186b810b26eb403629261d572416567804c2","flac",NULL
"ac15adbc663729292167a7804c350f73abd17082","flac",NULL
"489a55a4992af059e875b4ab64d1fbf4b0434ebc","flac",NULL
"638fefdd833e27cf7a2fe58b7ae1e034ae918641","flac",NULL
"ea0c5e0db2aa63c8e36dacd1993492f3d41d106b","flac",NULL
"5b97c570b4c36c58132e7506c295e1d3e2247fbf","flac",NULL
"36fd44574b0c63c14273f4c812c81cd44457105a","flac",NULL
"f3b7687e6e3f746b9479c68df2c02738b8b14b38","flac",NULL
"b5a85856e1b7ce161ad1e4c3d0ee08e2fc456354","flac",NULL
"c4777299970e62070256e805f6e53beb9be5487c","flac",NULL
"5f2c9dc50b080042fa4b6c1cb60b29e749c5cf11","flac",NULL
"4baf5e60019a9db5b69d290a3bb2a555cfd0036a","flac",NULL
"0ac316dee38edf5730fd900bfa189cbda926011a","flac",NULL
"8708ad6da84dded31d6f80ff446e156e19b7de2c","flac",NULL
"cb20a24875d779646550c08df633fde7d61a6afb","flac",NULL
"3282e0c1fda66fac897a677aa748b7b2f29632b9","flac",NULL
"4a06fd2dd55214863eb53499b1a23bf6a7dd3d88","flac",NULL
"85c29b90b54d26b8589e3783656e303d73113542","flac",NULL
"19f0f171195b28388b3fcadca659dcfbf10a4910","flac",NULL
"6e047797188504ff9b40983fd468d216c5b46c36","flac",NULL
"44d9dffb5ef437c8663fa0f04294edf0a5caf0b6","flac",NULL
"3fa73dd575337dc47787ea081952ade98a90e750","flac",NULL
"048b92186e82641ca8788ccf7c296fee15b2b1ed","flac",NULL
"259b839808ef9e892037e5482661c1b4682864cd","flac",NULL
"5415854d61f4ec1cacffcc66d31faa0abcebec2b","flac",NULL
"bcb082ebba40b11dab6dc5632f63515bd5ed0fc0","flac",NULL
"e6a9bd21a31294b5a04f86e9102bb4aaf7350736","flac",NULL
"3c1ed2c3b37d90e8039d3f83124aa94c7451ad99","flac",NULL
"8a13069ba7f086507e2e1bcd42cf8b4149fe5e0a","flac",NULL
"9254607e33763c64fdc0740d136219fcf55cfeb1","flac",NULL
"c93bf229cbeafc9cf69eefaf8c480a2960b3c84b","flac",NULL
"51fb253af580e3e28e00464eb840c5e68e683697","flac",NULL
"4ef0354c041d46e22b7b61183589eab1198abc51","flac",NULL
"0628d38a194dfa1bfc982c89f1b1873b649c8cf0","flac",NULL
"8eced2bd90995d7847588daf10ef02e065e23659","flac",NULL
"3f7639c3b057915efb868921c93afc7147fbee41","flac",NULL
"902e5fd862a1c72644305b63dfefd6f40c9a6416","flac",NULL
"224144fa38cfcaebb7e7fdf4ac8dcd3ec5d90812","flac",NULL
"5422a1295e4aa5814e5180718c9878837b95d63f","flac",NULL
"bc6a353d78cccd6b6c29cc783b6d47fd5cbf239d","flac",NULL
"e521d3166603145e61d487c00a7519d412f93973","flac",NULL
"66e4351f6be7f701e11f562b1e022ef280dc804f","flac",NULL
"e58b083d295406628e4713380ad573c2a57be032","flac",NULL
"ff1fc4a947c55c5c120bd0429c13b8958f17a6d0","flac",NULL
"ff4e8e515a1788d3d8112503bd2bad5592677ae7","flac",NULL
"19842eb4595f6b12d2869a42480f733df2ab1107","flac",NULL
"7c600335fe515fea5d7af290ab268f4ec1f8498c","flac",NULL
"5cc1d2a659f2934b9cfec3195c52c41ee25291a9","flac",NULL
"04c5d149900d851b303e44085366582556895f47","flac",NULL
"e7685961ba7ba019b1696b2910c134126acdc05f","flac",NULL
"d52e2b18e0df37946714018269c56ace0349834f","flac",NULL
"8ae535c39a0fb4aa2802b2d2fa8ce4b7d4caa349","flac",NULL
"2b30509568e56fbc80184cae93fa7c46ac586c46","flac",NULL
"8323795226375cc1bffe0f6bed6f93f3e7ff83eb","flac",NULL
"4a82d0cdafa3a6810106b97162e849a345d41234","flac",NULL
"52aea1793f6979cf965a1e3c5c3fdd9a438d5148","flac",NULL
"7ef677eb96c96460fd2da2fed6f322d6dbceb8e2","flac",NULL
"3e34416a2c98beea99b7642c1b954b110fb179ec","flac",NULL
"28a3b75c3cea8c058b59077c4cdc856091ed0eff","flac",NULL
"96bf2403f54e8f5e24be5ad7b15dd5c091ed1cff","flac",NULL
"e7485c7bd174da97c4466c4cd78d4632fbe02220","flac",NULL
"402289b58020dda331aacb197c6f6f6b7db282c1","flac",NULL
"61872688744605a7d88e34097a8634d5e68cb891","flac",NULL
"30c0fe1fb398ec646b81af440076a326075f0d71","flac",NULL
"240cfffc5e938f6ebeec31fdd9600cd02b136ea8","flac",NULL
"5af79d35ddd6e5c49d4efe4bab64b79757a19002","flac",NULL
"5b41a5b9b19e71475e445877d2006ea360554e55","flac",NULL
"398888fb89aa64643a2e4405fbc094de36f75d35","flac",NULL
"aa93d21491f003e8b63403335b01eeb156561bd9","flac",NULL
"e48d3566de9c51f0b410f0804524f9a9c83fb1cd","flac",NULL
"7e7709452671d4b62de7cc12087c9fe3c2def972","flac",NULL
"65d72e87723cf4b67e1a87d7f4b76cc07a2277cb","flac",NULL
"358c1488556d554c70df46a10e48109bbb0d1968","flac",NULL
"c1581b1f16f37a4cd2c5ed9d396e76db1e1a19e9","flac",NULL
"d3cb570f217b124616acd8d03dd1d407be0a0aad","flac",NULL
"6ee582d1d42e80c859df722aa62afbdf8a5fb376","flac",NULL
"4f3c81c4827a720bf5192fe357b808380120828f","flac",NULL
"1fd3026371fbe95ed240d42a53cd87be0f999c42","flac",NULL
"47a5e6eb38bcb5c7adc3f8b7752002835e9fc660","flac",NULL
"6f153cbe40601c269db03142f8e9198b00e6ba63","flac",NULL
"7a9ac9b62b08b518d34c54b8f9d2814a8ccb1be6","flac",NULL
"73060dcad0e5a660239603423df34fd9eaca9128","flac",NULL
"5437670e248fc709b1fc785eddac93a0526d39da","flac",NULL
"f31d90bf4a499a8b520170b85abd18a69b0e32c7","flac",NULL
"626f8d630318ae1ba8401d7376236813aa6e6e19","flac",NULL
"b82f1df398b469d353c30003c1061ae59ab9d5cd","flac",NULL
"e54738e85a80eef938c5f24234950d73d1d4422b","flac",NULL
"6113ac2c2a8b9717cb0a8571053dd6094b98d3a0","flac",NULL
"91f1da749d99c4ba5537aad8f5e41fb3d223b256","flac",NULL
"6f2db1cb3483dff95c72f579d6d6b98988831d80","flac",NULL
"5f92020a0c281aeff6fab06a7b9777d9b48369cd","flac",NULL
"bd3e767b748fbcb1e1c259402f56cb50fde8dfe3","flac",NULL
"22f7bc402f3591d9c9c16f6a1875a122cbdf8096","flac",NULL
"4d1f22612a0bf22545e07e102ab7d3b8621c511b","flac",NULL
"2cd9991dabab5e5417cbdb8061e92932200dba44","flac",NULL
"02f9e21d18d1eb4908bc2a7e206d942679ae5f2e","flac",NULL
"b8a69e37720a5c0fa2691c014e532a0c70557e7f","flac",NULL
"1cfbcf0b9ccaf8c6e5f341ba1be926b02b04f659","flac",NULL
"2bf01bd722bb53566b400c2219b34409ba8b13e1","flac",NULL
"fa75f9398dfb0fdc4323ba3f0d9b174c45222075","flac",NULL
"33c263536933b56405f555591237df1ec736289e","flac",NULL
"1d11dda4f35c1980c5d15eacad24ab116f8ab387","flac",NULL
"5eaecd6026d0fc19a9120451f012d26c738e5861","flac",NULL
"722aeab9d45b720d5be5fec83020247c87a606ca","flac",NULL
"52e6567cad799ab19cb657e65a2210b4ff6815cb","flac",NULL
"194c8296d59dafc764f578d670e02e8c14d2a84d","flac",NULL
"85e39966930957b34861fe27ab85d8834ac2a0bd","flac",NULL
"3441899e7743cbc557dcb01a5bf607a7b95049b2","flac",NULL
"461bc70be0090ca971b899423ec25db54eed2fc6","flac",NULL
"9e7439c7a924554486de8f8e3dfb25384821c0ac","flac",NULL
"e2b6f64327b6ffab14b237977a171a1922e43e1f","flac",NULL
"bf1c594636a21795c7347b954b69482769326315","flac",NULL
"3e2f232275b425f8d85cbacb284874079495d624","flac",NULL
"460be61882ec77797f599b902683872bedb67525","flac",NULL
"2aade0003298b48f5d7745b3557b26c0f7db83a2","flac",NULL
"8ecc467ae5fd4c03ec6ffcb15883d4985e61772a","flac",NULL
"68d87a6e0441568651e6cda0a26f5f2f2dea3ba4","flac",NULL
"ca4cae68bf2aea03a1eceb281144ad8b205dac41","flac",NULL
"17ae1bb0863c708d9037f9529ce4d6d25a8c2817","flac",NULL
"ec491f2a5dcbd60c43e392c1960f717ad631b5d5","flac",NULL
"4bc53757adef4da480046a32100db64febee33bf","flac",NULL
"9a973e11eaca6204e0358109e3f86218a4f2c41a","flac",NULL
"a7aa039ee3d91401263eb22973b8c95baee3bced","flac",NULL
"553d921c3da938bf3cf74a083e42e82ac5188736","flac",NULL
"26016093b7a2c6c5d0e7fd11665a8a69ba4d4aec","flac",NULL
"1f9e67910941affbafcbd0e1a2b9f0522dadbb00","flac",NULL
"c6208800e23a410ba941dc9ce9ee855aca9cfe5d","flac",NULL
"d979a0e1840cb99bfe28dcd34659d8561e457e9f","flac",NULL
"345a5b27876659f33f63d156507685e09e5cc425","flac",NULL
"ed4d8ad0b0a5a3bfa71e512a8d7eccff3ff5f9d8","flac",NULL
"1b9e3d38588749fcd373fb0f18a0d1f38d3affde","flac",NULL
"4bd87c210a3ea936a98e7ac6682bb800f96924df","flac",NULL
"3d8123fac21f7568b1aa16d1a7b90701e8b1620a","flac",NULL
"da4162faf047824d725c61c4a15e6c5a4dcc8181","flac",NULL
"8cef943f5a907a8d9ef2c3825d7e6d24d28541a3","flac",NULL
"6c0af79b711f016a84073e2c7eb1e857111ccd60","flac",NULL
"d4caf7c22c053b7689da1055a521b9e04ab566e6","flac",NULL
"8fc17688b11ce13c2f2d7b49f0b5482e39c21c0c","flac",NULL
"bfced930a4800d1fe07c349ab97519deaa99ff1b","flac",NULL
"adfb705621e94e660a8f64ccffcd46dce19be600","flac",NULL
"ba6ae5c783f79ea5f8e30882c7b87ef6090806b5","flac",NULL
"5cca883820a92ec137c4b301069dbce5b0d929d5","flac",NULL
"a868ccf0f65ee4ccc415a75114344c674cdda961","flac",NULL
"17998a6a977cb7d042391a1bb9487b7ef6a98c96","flac",NULL
"4a81ce33485f596fa3ee89e32f7c48b3f6825e7d","flac",NULL
"acaaeb4d33c6c2fbc375f49bed09d2caa8748eb6","flac",NULL
"eeeadb781dc18a5e1abdb6c65a8fca12bd0cd6fe","flac",NULL
"29c7e03c99e47095fd54e1d2548b8576c10e276f","flac",NULL
"ca56f337bca2874baa38e09723706f88bd7f0801","flac",NULL
"ac0aa64e65abcc2dbbce7efd8732c2fcec7c5e5e","flac",NULL
"e5d7e84b3c1ede91c584c09c44c98ec359d6d436","flac",NULL
"dc3aab5f489b52c88cc8df5c16f85c4f967f45ef","flac",NULL
"fa502dfa26eea7c2e8f86b3f645ee062f44e6549","flac",NULL
"a79114c9666a31c8b191b9d20ac8aaecc23a4bbb","flac",NULL
"4b993bd8cc2320fb24fd226420be21ac3e6ba824","flac",NULL
"89a5ad10497ed6165fcbd3ff2ae0750a2c23ed21","flac",NULL
"7a9202d7ba3c5e54164e02aa539f52d7a971e31e","flac",NULL
"1b2df9b0cd3226678051fe0b7e56548ecf0d8dd5","flac",NULL
"127b126e278b17235c836917a056d04073865094","flac",NULL
"a813ce28251b95662c55cbe196d2f8c9c1dcd0a7","flac",NULL
"b0b8dfffd365adb6834353aacce4e32b06e86052","flac",NULL
"873b4bed35d49cabb53e6383f484b7d6008199de","flac",NULL
"ef916bcd491b9480340082337630bbf19c7044a2","flac",NULL
"bd81285fb3814bf76beb15db4f8da68f9c3c6a18","flac",NULL
"cdde768ef9a6035c02b128f3345047e1f310d09d","flac",NULL
"a59727bbf859169cb5f8fff83489672492180f09","flac",NULL
"3f6852c6b065b76dba56f3f66b313d958f7ece08","flac",NULL
"9c545790829b7a9b7f02e5dbdd876e887752ca00","flac",NULL
"b8a4b0c92fe2f2fddd93a810ad9d22b97a812ab6","flac",NULL
"5cfcdbbcfc181fd1b7e3f67ecf828bc61cd3cdd6","flac",NULL
"3dce71d9db7fb738935c3d5f4308c9fb41cfe1f9","flac",NULL
"9e910da33f26e90565b4317dec8bbcbdb22e00be","flac",NULL
"f5fd304dca07abf2888da46bda0c832bc887f81e","flac",NULL
"75f53ac03e3ade4a70d0e2e3ae4858610fe42936","flac",NULL
"fb5c4f052365236cda4cade7322c14702fc088d0","flac",NULL
"194c2a8bffedd122274bf062f0bca1404af1b0e0","flac",NULL
"b841dc798405d31a2d55b0f0a6cbe16aabf4dc93","flac",NULL
"6ce5162f37b939c702a462e17af30fcaaec664e5","flac",NULL
"1bc216f602a2d617f55720acd77bb7a17d3f1552","flac",NULL
"0c583bd290b1191b896f7c14604c65636046d78e","flac",NULL
"a42bc4b3218b5fb604afa95c4a5b85b8bf2d2dc7","flac",NULL
"c46ea78b4a50904522b352b7f6927ee929941fa6","flac",NULL
"1340571e044e7892009f6eb538aded1cb4cb958d","flac",NULL
"b4ec5c385e9f5a2a8135e8a55d13fbf0c93cc0ea","flac",NULL
"bd5d0db96093104d4b9837e49f56df4c74a5f0d3","flac",NULL
"65f1033bff9a08373fafbcc422c6c6bc2d61bf3d","flac",NULL
"5480aa3c08f1a66cb252fcf7efb53e4272a3506f","flac",NULL
"dfcd026bc3f8597d2baa2d5e2a8c642976758828","flac",NULL
"4d91db3a0654f140e22a8678a160b7f7d04a6b3b","flac",NULL
"a8742e9f7d37a3afc08db8b3eade60949e3320fa","flac",NULL
"1123910a59c1db962f847b7ef6cd03cc874ffcab","flac",NULL
"eb95e8b3467263099cda446ce819b4aef0a552de","flac",NULL
"1cb0aedab1cb6eacafcafcd349bbfac63792bf12","flac",NULL
"29c86aae447ae3eeea15086d9ae19ce9f6f11668","flac",NULL
"e4ef809046a5b937d29c1a26e43b61fe4b5bf2e3","flac",NULL
"2da736dfdd356a240d98103f6f4ac62acf843180","flac",NULL
"9d69d0ae4eb1924e49dba1cdb533c287d06d440c","flac",NULL
"63af32c9516811f7a2b17744af7cc0c0b4751f84","flac",NULL
"47b58f003db5e189302a69c47d697dbc47db76be","flac",NULL
"f5371180117499c00534b0ddbb10100494ac1b05","flac",NULL
"9e70d88547bff52a521d6e84833b68ac6739d468","flac",NULL
"d6ec8c13c7304645ed02cf360dab36da0e57a0e2","flac",NULL
"5cb67ada4fdfe9f2c53db465b49f856b76d0e3d9","flac",NULL
"328be237c13b801d3cb463f06248faa8e36408ee","flac",NULL
"a7bda3ad91faed2cb97540cd413adc5f5ccaf6bd","flac",NULL
"c04903d9bd062fa2ebc2a5e016dddbbb624588ee","flac",NULL
"2c9f139e609bc275d3727340d58295e5bf7c27ee","flac",NULL
"6c27e6015f57441d82eccf4d06c86789e9f89138","flac",NULL
"4caf780f0a3c01d89cb490f24629f3bec5b637fc","flac",NULL
"1288a16007405806061bf5ec1987080ed3e872d4","flac",NULL
"edf95eafca283aca16d23a4f26d50c41c4466d69","flac",NULL
"d90b95121c4078e505011f352f0a83f0fdbb9af7","flac",NULL
"cafb52417bcce4e629fee747c1ce5777f5eacd00","flac",NULL
"95b4d350eaf1b7b34b8d34e7cbe77f0508d70a9e","flac",NULL
"63866248eadc5fc6d0573738d4519dab93761dcc","flac",NULL
"85edfc9047d41e36736871aef679d82d55d96c27","flac",NULL
"1c05004d07c4e1543e59ed043c41536e1cee235f","flac",NULL
"afd5cb3a4cf19957595a158a4a7ceafa0d3f4e57","flac",NULL
"8fc5a926db5a313426a6a6ae76814f9471b8e382","flac",NULL
"241d63e6859ff23f8d3d7222b607f6d78bf1f5f4","flac",NULL
"8edeb2fca62d23e929795839a008284a4a57e69c","flac",NULL
"d3ef52468da5478379d9a3f7db0d59fd5e6bfbfd","flac",NULL
"04bf864712e158a84abded0adfb756625da360c7","flac",NULL
"bb35f79ed2d99cc9ce3494406288e6af9f0c8dae","flac",NULL
"37eb1deef850f81fdb4368e4b6d32080ffea5dd7","flac",NULL
"52df3f57bb271dc701cc9d0e6e4bdc5fd45e563b","flac",NULL
"3d8ca009d3ac816ba7fe947f12773d2014fa1f12","flac",NULL
"dc2ee235790342c3469b188a55ccf0fd6da83e38","flac",NULL
"85c5202349c050bf87bfd80d05411e3cdd7ba66d","flac",NULL
"0233444419464b3dfc3ae816a33250d0b2bde2f7","flac",NULL
"82ea6599a326281be6875bf41cf96bbeefe1de60","flac",NULL
"73b9d7eca07cdd4458ee1820dedaabc53d155748","flac",NULL
"3c87b8b9e455ead6fe5a75ff8892dc79b7c1894f","flac",NULL
"6e170eab3349b329e486994534a98120ed861e70","flac",NULL
"0103b31a319cc247af1bc9d24937ca4a8cc2b5ae","flac",NULL
"9587946f9bc7bca87abe60ec242b98bd2f04e6db","flac",NULL
"80ffc620b0ff7986801cee84498b0d72f884e814","flac",NULL
"365dc2e7e0309e521febbfd39e6af43f04f8b71d","flac",NULL
"8f4142ec7af04a6b87d9d3df84051efe7a60e214","flac",NULL
"d9feeaaebf843c2e431c93dbf0183bef0f9124fc","flac",NULL
"903d34a3130a814895c9982a092231d2e84ab32b","flac",NULL
"93d6ba339ed855e829600a5bb9aed3ff5569c26e","flac",NULL
"ecab08a22ebe6e78ed1e853a1bdf29e1b5f84b3c","flac",NULL
"6cc505fe3b4a81e981560b7bdf713351f252f3b7","flac",NULL
"f2ea4ce17539031db0eb4a9495e74c2fdafa4408","flac",NULL
"38225ba74fc217ded5d24b255472526a91475bf6","flac",NULL
"422b6f9a55d4e65c06ee84c3b9664ae1314a91d3","flac",NULL
"f66f45db1aea424727d3d52bca9f956dda6d1bcd","flac",NULL
"b032c7d5ccbb48a5aad920091ec0628a0ed33ddc","flac",NULL
"7e4ee852bcfc541b96ca6d6cb5b73ada506909d7","flac",NULL
"0d18992531f13cd2576ffb0579c0c46fda493b76","flac",NULL
"9c0fd9695ef77970311b59563079c469f0964b40","flac",NULL
"ff200150b1b465b92004a9a938d8f496edb2c518","flac",NULL
"be66a1284016cd106d1ed29ad16b8726baa89661","flac",NULL
"723c97f1469c74dde158d80cddf8c515df4bf3b0","flac",NULL
"e222f9c340525e7c08c17bfd2721d9c9e3358056","flac",NULL
"172ab9e1476452dc86150b354cbdd10bf891eb6d","flac",NULL
"b965bee88a6d92432a9e5cc1f1f0d3894bad2301","flac",NULL
"aa375257e606029caf615d78715698251cc0a24b","flac",NULL
"31058b992f486e9b5999995c94b0db8d32da7780","flac",NULL
"4bd840e466bc7151e7e708a4a859ee80b009dc3f","flac",NULL
"0ed2acd04a17ab143de1a3d539fd962fa7d2a9b7","flac",NULL
"500e70e49f07a1ecce21adc16cd66d5bba4c3e56","flac",NULL
"5ddbcd9ce18c44cd7eaef8a3c9cca00acfd50a66","flac",NULL
"7d750442c033d99b5f714ab152100841c1bb3858","flac",NULL
"c0b07da28c5a6cbbee951bff241b03dcdd9e5d35","flac",NULL
"070d28db09d0a037e50b2bc0fc9958f7b4f2e83b","flac",NULL
"20d8d5e19952f410081282c6c23b003f4106ea18","flac",NULL
"b7f7abb75b7c23a3d1c3b3c83cf46e7327de798f","flac",NULL
"4f19e034840d7bc07a4b5b089e4b591812cbd794","flac",NULL
"298a9eb5b32af9b3f3024e0fc215725d7fb01b56","flac",NULL
"67d976847d62bf3a66b54f4bd0dce6279c5f9cda","flac",NULL
"bb940458962009e5c52fca942d03ce48352ba809","flac",NULL
"6990f3fdae8098f4198f930ce50444f8e491ea18","flac",NULL
"41d76a042b7f68930dc55897db3f65c1135e1042","flac",NULL
"688eb0fc81237008b0ee4376416218820146cfd9","flac",NULL
"e06f7ff550113eaeab753f905859fd0c78bae40b","flac",NULL
"af5a7785f80033634ee76d389be0d59ae239a31e","flac",NULL
"47bda35d24ca75e0f7a5ba5ce3a847bd72234ba7","flac",NULL
"ba0803bf33d043e7d61e1e13f71af8cad0c2d003","flac",NULL
"cebb276e4899759854458965846f4e02b7367300","flac",NULL
"7d90fd38c8ec8a96148d7c55d88819b12955a937","flac",NULL
"cce295f9cc8edef640753128ebcb95d0f533282d","flac",NULL
"bf1298bfe8b895fa906e1d4a5101f04792d3d2d2","flac",NULL
"28e91eaa62477c1495c9f0e379c5a57eb3c96cc1","flac",NULL
"cacc0d92f578e192242c6784c3a4cd532526b232","flac",NULL
"ab3884a6d8f9edb61066a18f9f0444c38cb18021","flac",NULL
"46365c7da18fd4c9a0377bd051c0ee8608547698","flac",NULL
"acbedfe45a025d1227a1ea4aa2317667ed8acd88","flac",NULL
"226ecd35b8149deb7a0f324b62b39091bf00e997","flac",NULL
"f40c6a936f47f1681b5e75c1f2f13e6487def63a","flac",NULL
"2f70017515ac359b2d3370982cb66bfc5f7e0b47","flac",NULL
"d99015d1966be6b7972c88c5d4c2fa7d1866397e","flac",NULL
"9f99f520344fb02c775482ac5259b55394242dc0","flac",NULL
"e4ff3600927f0d260a47eebbfa052a8bae4c08ef","flac",NULL
"53a6509a0ef24daf1fc18e9bfb878c0eb7907f71","flac",NULL
"8e2fb0d26f3cb1c2b4501378558f5b357c9f0989","flac",NULL
"e407d1b8d34ad5e259d79adba55b026e187e858c","flac",NULL
"f35075a321a425992f81124f730b028719044851","flac",NULL
"86394329110a645b6d9ea0b0cd7a08c62b343dce","flac",NULL
"f5017d2e3f93cf1e41ce08c6f65691ea29bc4f88","flac",NULL
"63e52f92ce298ed3ff18e0eda4b1374169b5e51d","flac",NULL
"9f51bcbfba6a0ce596ff3ef0c121fa5f52f99571","flac",NULL
"7f48590704159c1d9dedd58387e09ac3a9f25ae5","flac",NULL
"c942c2579be3468d2db7a40d591c8b19215c7a3a","flac",NULL
"e4d0115148b23a563e3ec23c195eb66ba8a41e61","flac",NULL
"9f02f64b2a1e05e73ad99f24da12f33509093c0c","flac",NULL
"b2fb9b833b0ffaaa586ddac949f46762226c6ff5","flac",NULL
"fdf3932c9765092d0863600ca9917b213e5b38e7","flac",NULL
"72d9ac6b00af4468cfc14b33ff5a95d35fc5b528","flac",NULL
"25db34ad6703182e1d7d4d5f3e45384398e40e5e","flac",NULL
"848e891fb03483c775f1b7d41f8a605150ec3f43","flac",NULL
"c0ca25267dd7fabc376fe75224a45a80b5bc0e48","flac",NULL
"702dd838a75d049c3adab6f77bbca61cdcccf940","flac",NULL
"00fb9b76de2630bba9a9ced086d21ff3c1785148","flac",NULL
"457d1294dbac48a4a98d5a561a435a2f13ed0627","flac",NULL
"51a6c6ec4f4107316e24bca03dc6825ebcb737c1","flac",NULL
"25c5e75a87247522c8206acd1181af9f78a62f1c","flac",NULL
"ceed741d7d0f3bf23e5889cd1e9ce029fce6f0d7","flac",NULL
"be572647d4961638c46af28269494c1ccc578256","flac",NULL
"604887b3e8a98e587fd938b119aceec5b7ce627f","flac",NULL
"99ded745c7cd387ffb4ce01c1372651a6356ad8c","flac",NULL
"3c12aa4ad212b896ff7e6cffb83e01b9ce88fac5","flac",NULL
"4f152a2a60540257da2f525b6cd879abd8932589","flac",NULL
"f468e2ec21dd22b3df32fa5ce9b2551affa1476a","flac",NULL
"63fabd7b3b60563a012ed0539fa152578e718ea9","flac",NULL
"965ec06da13f69c40b806baaaf24e7decd7a133a","flac",NULL
"3dca6777b281cdad4906d45ff8515103eff16725","flac",NULL
"fa8a507f7dfc67bd9182347d59311913e7d041ec","flac",NULL
"428bc23e2cfd7a61b593585d70bdc5df40d56560","flac",NULL
"0a8f0db7be6ae6618a29a7128f0364a5b4fddc24","flac",NULL
"fb1a480244cbc155a078a358b53f583f296dc26c","flac",NULL
"dba84e4c0f0b2b7c715bc15aa5cadeb203fe7427","flac",NULL
"1a4e691b4fd3e8f276ef2cca4e8fd253cc5e473a","flac",NULL
"a1dd55e546f988b67cb36432b340c04064eda4c8","flac",NULL
"1ea73784c94429e7b725d480f44a233462acd676","flac",NULL
"1be3c214c9cbbb7d708fe9d99d1f2998be894df6","flac",NULL
"6f174ee04b48f8fca8a97154bacfdb2f71ca9155","flac",NULL
"4622bf97ced6e7cce28d4a51f7badbe0606cae40","flac",NULL
"da9c39668db80dbe5a5c1e9e4c03aa8e957dde78","flac",NULL
"0503db23c6c1454db6dd481e6ece624c2c7ccb07","flac",NULL
"dbe8a3ab63ea1ccbd08aa0132b6e4ebd3a5031ba","flac",NULL
"85a5695e81da63d59b0c7d589c46d2e9c715686e","flac",NULL
"0f7766a9f79e81a181cb4b9e7834085a55e9aae6","flac",NULL
"84e38a09808825b4c0455a9876693444a2b501ba","flac",NULL
"68fcfad70181ed4a9ed09c356fd64a3bfac39652","flac",NULL
"c85a3184bc8788103f2968cd77a6861122261d34","flac",NULL
"f2a0253193bdf23490ad9a8d55055bce371f0d3d","flac",NULL
"225fc9b95cbe68799c802820991749b588e98b2e","flac",NULL
"a0fea899841089bf0f0a5a597d6052929f88568b","flac",NULL
"f95d20f747526d1d3d8bb9102d7751f0a14a5845","flac",NULL
"500a82ac4f723d21fff870b607031c3ce59b0b22","flac",NULL
"892cbb6773df56e4251d6dbbea8afea73653aeaf","flac",NULL
"6cf8f8c40fc2b194423eccd6bd260f3e2cb899d3","flac",NULL
"8f6e7a814f445c10311a73bf41f4f2bcd8a4add2","flac",NULL
"3f748c238333b478c730026659c95c40fe2565c3","flac",NULL
"0e4131e28220c45ebae87097cffb02fa1c02b9e3","flac",NULL
"e53227ad95e2aa404238c3d14db14fd7e7b14c1c","flac",NULL
"cece8cf6048ffe9aaf5a82bd6041eaccec31b574","flac",NULL
"2e10207fee058f4db6aa195623cdfcfe27db6f3e","flac",NULL
"3fb7c78005d637296d63fd351bba926237ac271a","flac",NULL
"4fed66dff32ec2e80493e73e287ec45e7ab55c05","flac",NULL
"99f0cd1c136db44b73b1ad34e8ad3de79378f121","flac",NULL
"e76ebbda3244f994923c59ce9e34cfb1315bb564","flac",NULL
"32490fb2799bcfb2e14ab46e19e5095c28e76612","flac",NULL
"50e219cbc8001d90e6b75a4cef55255f54b287b7","flac",NULL
"484f9b0888a6edda82919405f99855cb85a1fe05","flac",NULL
"19cec2b077854c86d8b6cc47a6a0d3f0385e0ea3","flac",NULL
"e754d5b0ef2b99691c8a83e9c1087e200e35b713","flac",NULL
"0ddbed9868782405463ca1e2d8c2743d3896e29d","flac",NULL
"fc294fe1d10efce4de94f457fa6384aa7f69e48a","flac",NULL
"35ff3cc91ccde91549cdc2f033c4b377b8ccc318","flac",NULL
"5004a57a2501fed3c4ec94864aa0eb3916c6e0d7","flac",NULL
"8e6242b0ef3bbfc80b889fcdfa465a63ecda2fec","flac",NULL
"27a7b4972e3d83499903791792b66fce94307552","flac",NULL
"8d785b123412f28d0334bdbe7e4c824c3a033f6a","flac",NULL
"c71e6188ac0d09a4ff9067b7756d5d416c65cf98","flac",NULL
"b66ec74d92767692f1ddba24cf258bf3cf93583f","flac",NULL
"b1cc42f2caf6903e3d40454abf4a2935956b0465","flac",NULL
"efef54fe1f85fdb77120427d91c30a8146dbdb42","flac",NULL
"183940c3db884b6a4b4c33649771997f686ed121","flac",NULL
"09594e041f64e4548edc7818def8407614c7c58b","flac",NULL
"5d3efd494b98f0695d932e883a9b5c86cd4545b3","flac",NULL
"b34da62ab234737b2845ee6afd11dcea720840f6","flac",NULL
"5535d61f074dc59ceebec36a22480670694f3c46","flac",NULL
"29b3c3f14552fbd611588989cca5e1cbb87bc75f","flac",NULL
"52578af22d68410b8f33b4c85946e1661ac58879","flac",NULL
"230c4b19264bf26088b1ddc8445904e5a3ea7311","flac",NULL
"0bd1978579926769704889925c7ab3e1287f5ff3","flac",NULL
"2d135a9063e349904a40e6e3b3ad319266e4324f","flac",NULL
"d627995f496554d44291b759f80baadbd09f12ef","flac",NULL
"fd1382ed9d7f26f26ccfd24dca134f4b8df5aebe","flac",NULL
"52728015254d104b960b62e64e4ff5fc8bc812df","flac",NULL
"0f17792d30b746d4b0314e2fe9f08e42dcc9df17","flac",NULL
"3ab71def5143585168a8f102cf32ce9a9a06058c","flac",NULL
"821e578d6f24cce43c248e9861d37156cbfd424c","flac",NULL
"461ee334d0206e7bf0b46904b8bdc81575346181","flac",NULL
"ea5063e24cd64f8e4eb80d16987469a8f350d51e","flac",NULL
"e9027becba838d6a00a534274c72bec70d05c323","flac",NULL
"48a39587c215509d84506d0e6b5e1f95b4b28516","flac",NULL
"d0a3a4c83a75a1d18bd7ced8348acdf0b6136b5f","flac",NULL
"339f617aecb034fe17047e9fdad5e016bab4f21d","flac",NULL
"7411ca9a8d8cf24861d3f82b6c25ce11dc41d064","flac",NULL
"3bba26779e1c3c2c4914d5c73d8a3d4d02186f60","flac",NULL
"78f89063584ef33dc452942881f2628179cbf266","flac",NULL
"a97e0f638c6c65146cf4e6a21122e65cd0fb5704","flac",NULL
"7531b860ae381c69d82ef11d91342b0235ce828a","flac",NULL
"0f385a4ab0c0fe6151ef24dd040c969db9c0ca4f","flac",NULL
"9572c6ae610649edace1d8d973a92fb5e843f628","flac",NULL
"5a4a9de0a39eb48825966d653d1fe2d09057dab6","flac",NULL
"6503a2177981a096d412cf8b9cbed32af8cf1217","flac",NULL
"ddecc29a0dc5d0f9cb0da1fd368ed8588e073549","flac",NULL
"2c98f52146a0e3f4c9f9e65665fcd615a95d0a7b","flac",NULL
"863721c0c86a6c09fc868fe375e217b263401416","flac",NULL
"0e60969c86d2f319f99ee8ac7ca9574199c87c33","flac",NULL
"2006e2f561a345c429ddade545914141a917f8f1","flac",NULL
"68f3f08656d636b001303651106464e4b2a04935","flac",NULL
"72711b1a3f6d10c9a8bc35feac69d2cd739bf8eb","flac",NULL
"0e27d005c2837c697f93417be6bb5ce83498963b","flac",NULL
"1a9240395885fce86aa35ec480102ee1428ee1b3","flac",NULL
"c01e762b0e9b504cd4895dbd6eb0b9360a340bad","flac",NULL
"ae2a348dd48209d2c841f20ed109a1254fbedcc4","flac",NULL
"e49cd4b0705e6703751b8a0c17413ece610b379a","flac",NULL
"c54cc972ff8b64c535ec1882f4cd3b8f8656fcc6","flac",NULL
"b1aaceb01ed234e4f9637a365a9a8a4246d59efe","flac",NULL
"691ec1df2671d453e26057320a210ea7c572b939","flac",NULL
"d6e1ff5bc8163d733773b1d18023e46b8c4726bc","flac",NULL
"6217a6ad6af533e9d89771eb5ecb768eea605ff3","flac",NULL
"080de450ffed5a1b935ec68ed8c042b0fca980c5","flac",NULL
"a342482c48f77ae5bc285199524c706fd7d9efab","flac",NULL
"79a3bc822b88ded7f8098c714757e45af7e19b28","flac",NULL
"3aff0f86e9012db5513d1efec9e565605e3255fc","flac",NULL
"229160c9d008c7ec471334bef29a604fcbf5a3a8","flac",NULL
"9bf7cfad2344c3b67c5be6263f25276a83641e6d","flac",NULL
"642ec7cafba4179c141ef0373e541a6b5fc2be57","flac",NULL
"cce0c02236385e3a98be5f6cdb40427199ea0f2d","flac",NULL
"dc77cbbf12228eba6be8f1bd2f047bf60ed4ef96","flac",NULL
"ce89d2c9a4adb54aefeff97eb10bf3fd4e106bb4","flac",NULL
"5a48b9b278af1b9b5ee5b6ed3f4e3838c89dd913","flac",NULL
"983d35dc99b094549056f9f44874831d1a540b33","flac",NULL
"78ece928e5d8b052c100fa43c81718640a26e681","flac",NULL
"cc4b97f5de788e2a1cc74a630359d6411f6add45","flac",NULL
"a4713707adec1b4a4174ec9f562331dfd7dd861b","flac",NULL
"428d47113188f51fcb59449e417e38f84070e05e","flac",NULL
"4d3fb68d14b5b3ddc88f4aa10872456024cda336","flac",NULL
"2f7c30604ec50f3de72b62eced16e7a2d14d6e42","flac",NULL
"68982e34b9e82160af41e8ac7aa956ba366fc67b","flac",NULL
"c1fd8256cb3e7bf1b1f5062ba393ee9f0f1de98a","flac",NULL
"5314275b7c0ce79f6e04894cb343feca6bb0e678","flac",NULL
"22b797c1fadbe40841107783041c503c85ef5e9a","flac",NULL
"b82df7cff1ecd7d0f06ea6732488ea4ca0ff49a2","flac",NULL
"c61827f3610a164029f6e8fdb56144f3b13fc5f7","flac",NULL
"30b498793058944aa5e529b4adf695f07584864d","flac",NULL
"7684df81c5da81e0ed7354e9eeb9587eadf1e693","flac",NULL
"6189d85554a38225798a30425635225870eda5bf","flac",NULL
"96a34fb63c788c8e3b8048217db4f43d398334f6","flac",NULL
"c2a8dfb6cf04f9aa513a00b10897aa275e293cf3","flac",NULL
"1ef85f6f275a6915b9450bdd0d845cdaa661ca4d","flac",NULL
"13db4f7a33f52e16d547cd0400ad07d5a63284e2","flac",NULL
"a9eac775efb43687cb5d4f7a2267d96385a24f3f","flac",NULL
"c85a177d5ef2274f435d1dbf54f016faaf4f9a50","flac",NULL
"07ba30fdfe6272ef80bc9cb01fed619f4499db37","flac",NULL
"85d24743202293ecb4e594f721a6d8c2d91c9d40","flac",NULL
"9bdde94daa1875ebca224713a5fda4991f1af6fe","flac",NULL
"4bd733fb405f3ad9ba783be1c78a0324df05e441","flac",NULL
"e1767f2b95fcc19a074bf19532b8c2f3ce6a2bb1","flac",NULL
"879a1e13883933d1a91be42faf375b9636b1a36d","flac",NULL
"19d49c559a68e860daa3c03f04ecc4e647d7ecff","flac",NULL
"7412ca5d7190de159fc81b731437b3159ad72d28","flac",NULL
"eee8a24ee5894bdbb3bff68b063f851cbde5fddb","flac",NULL
"87b0077e67febcbfd9845e663afecbe5c420983a","flac",NULL
"f296194841b3154781a582720bc645c2405e87b3","flac",NULL
"d55594dc7992f8586df35f89d197ff836840829c","flac",NULL
"62ed37464c6b855a588258a566748547c49116d1","flac",NULL
"c5b25e6c86c74317d987ae0c088803033350927d","flac",NULL
"2099fefe3d79a501a940cfe8a3aa721937dfaf43","flac",NULL
"6bf11c25c1b48bf4c7a0d2bef3913ca7134d9429","flac",NULL
"e7f28f97240d756163067636468670f3539cad4f","flac",NULL
"d9e97d74c95fe58a7e874e4ef4a1f248e9f3b247","flac",NULL
"de43daa3c9d47915589e8cd9062ceb61965a1804","flac",NULL
"e7f9d9ae17eeac2a278d42d7565e3a378b3cb904","flac",NULL
"41016e319a397c6efc7fe1880b1d93c99c03c7f1","flac",NULL
"0ab971efd98292c2a550c219c555a7e74bb68f97","flac",NULL
"f08992f8d9b456856b1982a63074d1bb16ce2f2e","flac",NULL
"9d55cdb23651d8142f112e5b1e2caa272fb10131","flac",NULL
"ddf063bba8c5bd6c15c94af149340595eee2fecc","flac",NULL
"5dc5c6475085fd36765440f54ebe8ce215c4df2c","flac",NULL
"ebb2af782bd643b0d5cafc5c0ec262aa60f416a7","flac",NULL
"dff0d60b80831fc5559de9bf725d96c35b589c3c","flac",NULL
"8b072627022c19ab0ca5fc913b01b737933c286c","flac",NULL
"af2addd31991d6be2d556ad8d73a9a9df22e8080","flac",NULL
"4fd6d15055a7287eeb5d7bc0ee8800060af30702","flac",NULL
"137b7e369183471697048fa4815156ddf1af75e9","flac",NULL
"1ada22978be6f847b8514e8d21f5023e184ab0ee","flac",NULL
"ef749ae51780d31d3570381a6b4a05dded9b9669","flac",NULL
"b694603e95d4266ade1f8fa4bcd33945fd2c0e79","flac",NULL
"5d91d75de3b8db742513e1060fb99328c6841b2e","flac",NULL
"08562d15f3e9758cb3cae81f1e4cd2f6081f7789","flac",NULL
"fe8a69d885004d5a2383433df49726292837e789","flac",NULL
"c1a0cf1c8a62512a40b7cdfeb753bd441195341b","flac",NULL
"8bd326f7b5768a685bda7dcd0a5edbd8c8ae6917","flac",NULL
"e0c1819d4df60ae8949505d6570ea42487ef66fd","flac",NULL
"206740cc65f5a35ae1fcb90dee3b4b465f8e5fe4","flac",NULL
"d214ae38154959e65d7ffd7189a76e1ebbd65ea1","flac",NULL
"bb3b3cd59179eed40873e67e4528d15ea7dc7dd4","flac",NULL
"ef4f76c229bb7a6d4629381981a4a1982600647a","flac",NULL
"34985f9c4d6d710c94f9533b3b13f4293f6d5f5b","flac",NULL
"0f0a3038c254fae33832650d11355283c8e72f8f","flac",NULL
"863e68b34358518bab7935cdc9e654210f7808d4","flac",NULL
"ded56db091482200c7719a4d94c578d87647883d","flac",NULL
"b893fa42802ab3e84949fd6c35ea32f04499d854","flac",NULL
"bf1d4a803e5ccf03369cb3dd119a422072eb98b5","flac",NULL
"af3c64e00360ba360a8ec659107f0b246804f1f8","flac",NULL
"ee9dc7f8a0d8465b37080d5f423adebb25c6961a","flac",NULL
"ec027596c46638c7eba01c2d2a21a382e4d06bc7","flac",NULL
"3ac998ccfcaa179cdca513ba8979669309b66e5c","flac",NULL
"74bea9694a0e045cafc83e419bb34eb2f7c27540","flac",NULL
"686e256dc5a09f309bd931bd472ca748b06b9c97","flac",NULL
"a6ef31d43a635da72f4e76f96ae7711cc258b316","flac",NULL
"c296877431e1efb611187fbf6fc9e49b1798bcd8","flac",NULL
"b1ccba4a0489a01786fe9c2a9d3d4d2046989f09","flac",NULL
"cb78e40805b32233187bab31112eca2509248725","flac",NULL
"18406ff2dd0fbc6dd77065a89fcccf486d7b2a28","flac",NULL
"7ea904455a4cbc2aab8c3369207fe25708711e12","flac",NULL
"4258c649c99a0466681c979dd7533472811de6b5","flac",NULL
"ebb5f227b18a22d15bde25e93cbaea5e220db24e","flac",NULL
"f2645badac15f2a5966707ed8760725a9527423a","flac",NULL
"74dc86423b0be0bd7cd98ccc1dd3999876ec211c","flac",NULL
"e89e518072f2a4f6027ade6508779be14a6ac8c2","flac",NULL
"89aec261152b26a7683e89679a8b6ef4e0de31ef","flac",NULL
"e87249ef37713e60f10769ec82d5332089a0c79f","flac",NULL
"4fa6083f4878464db590b35c65733278346687c8","flac",NULL
"f08891f441dae178dbd836682e3c64f31b794a44","flac",NULL
"9a3f0b55665049148c391ecd664f77403228a013","flac",NULL
"be92ff116bc31aeff1838e841ab3c2c8f352b9f7","flac",NULL
"cbba763032ee1d06cf9feb550fdd078379718a61","flac",NULL
"21335257ddfe727ebf6ee24d131026092af0357f","flac",NULL
"dffe23ba0fcc027d521de9ce96ca2871a9e0c798","flac",NULL
"7a9b8ea49be8ef04383ffe0c3e5f4b2699dbf1d5","flac",NULL
"6cb6dedd81d6f4cbbf5792db5c6383f409b7dfca","flac",NULL
"204696ff0c304de7ca0faea9993bb7d9ffdc6cd8","flac",NULL
"d84f90f6ea7c91aa745d8b585cf15f1e592781c1","flac",NULL
"81a9f0d99d9971056b3750f1957c540eebce334f","flac",NULL
"31bee764e46e6de04ffdff5ee789b3dd17fbfa3e","flac",NULL
"e8e9909121d09ef1e809918a326d5c4f4535052a","flac",NULL
"6da82540c293abb63a27b60c773803e4d74557fb","flac",NULL
"140fb7770f48ac3332f60054661747acc92d4024","flac",NULL
"bb83fa78af8c73633be58bc54c50a339e1b63a74","flac",NULL
"d69ce42062eda55b7857173df6689123c54343d1","flac",NULL
"99b1c5598077e4308663a7aa37cc9cfdecc086cf","flac",NULL
"ead5c725e31bdd65c8635d9f9ac68b86b68c7f28","flac",NULL
"debd77a10f1f50aa5f1504f75cf2779a998d29ee","flac",NULL
"4f7cfed1a5647dd0007bde9ba5c8bcfdbef6b2d9","flac",NULL
"e040178fda7ce67f5cf20080584bc91173b3c921","flac",NULL
"7a159acb4a513d7dbfd714d30430be9de519e638","flac",NULL
"a0d0928780f116ab5fb2586db5c0be994ac4aa41","flac",NULL
"45e85ec315df43a8e3f5a3d599af1dba33e81595","flac",NULL
"d605cd5e1da03306f222c1edbb6bd1a4c99b49f5","flac",NULL
"f395713c88a116e1900af2df1dcb21cc3f0a6d16","flac",NULL
"dc80ffe3ea1dabe4a5152c3fbd6c1f5958b4aa5a","flac",NULL
"08690e41baa7f9ab5b017d009975d8fd606900e1","flac",NULL
"f69a2a1f85428dd86bfbb2c427ad912cdddb07c3","flac",NULL
"8c7f43d0975ae18dd743bd6f8ad9d40ad53ede74","flac",NULL
"cbbc30a6087394eb6bbd90252a8dbfb14b35de14","flac",NULL
"a543cc96ce38b438a810bf979a67e90b2859bc39","flac",NULL
"04f471e327c849c93aac04b469d5d2cfee2486ad","flac",NULL
"a3f6294d5ec8e423290f459a0bdd27c6c0663437","flac",NULL
"fcadfe95d7b3f462376168b90151b2a7f68e097d","flac",NULL
"9d6346fcc51a870299518791f2227702921f1adc","flac",NULL
"5ed99936e0b119e25afc799785737d97fa036505","flac",NULL
"8c2bb82eb6ae09aebe91289a97a2f20ab57b6938","flac",NULL
"8ae6a65d9f409a2e58f0c0818562ed7accfad111","flac",NULL
"d0810e4e5b1971cdc967a84b217df4c69c568c2a","flac",NULL
"231a8ccc5053c68dcd87f34e7cd8dbbd45defa05","flac",NULL
"eca94f78aa3979dce6dca3d32aca512abe8100b6","flac",NULL
"9395fbc804829ec43ae5cbaf96d7afe48a771f1d","flac",NULL
"4045adb2b9c47f429ab328e946c4b58a1eb1d308","flac",NULL
"132a51608f7650b66feb451d06adf7e468e6816d","flac",NULL
"805ce1bc9982021d0c5b7add088883f78625bdf3","flac",NULL
"26d42bd37eb3115976f4ee13e31f1cd1f7f68e13","flac",NULL
"73f37632f8913b4addcefab933783cadfe4d7e24","flac",NULL
"a46d7bd4b101118c06bac9c8f81918f3413f0588","flac",NULL
"1138f45e8965767088e7aefb01cbe04c7e81ea5f","flac",NULL
"9a99f56305c399dfccd22181a22dbaccaaf5c889","flac",NULL
"b9a5a911345a5ae926fa5df8cff820c6d3218768","flac",NULL
"b24a7d5496f5bce090c6d5d8d29d032c17724b9b","flac",NULL
"9e7ccb8fe30046f0eacc0a2868e9a0d6603283c6","flac",NULL
"11221114356b28dd483c243de3e296ea79e21508","flac",NULL
"4e4775ac57bab0803312a22e5a844b56cbfeaf21","flac",NULL
"5d6f3df77278cb2368777e2fa33d74d76408961a","flac",NULL
"f8424990e6eda3bf37eac71178579828c8004424","flac",NULL
"a77ccb87eff8646bb89910d13966e27661a6d524","flac",NULL
"faef7d926d1797c0f18313582d1d8d881a744127","flac",NULL
"b0ad1fd5b1b63e0947df3c9037825de92ce93c3c","flac",NULL
"008d99bd63a6b6ded1d24bb071d1dd04569bb92e","flac",NULL
"02a1125b89c0006b11ec2809d6c43c3d68dee82a","flac",NULL
"c9befb9e3262bac85b7d35958dcc5b8d5e07525d","flac",NULL
"3fe3396a95905cce6bd339ff1df457fbe3e15b9d","flac",NULL
"b2cdb71c0162aa242697edf96b0a1c66d838ad9c","flac",NULL
"78993dad5401e32471eb70e8f81dcab1611e6905","flac",NULL
"925699db02e854f1c15a6ec078dcb5f202406e6c","flac",NULL
"9d17469b69d0365374ef3ff489d7dd856c255de8","flac",NULL
"6fde88ffb249a2236e4fc7c21472513210d11639","flac",NULL
"44ce65c365044f21e03df307dd644dbf597a9257","flac",NULL
"08e0cf4c5a822c816229a25298f9c5b5633c59c0","flac",NULL
"8252cd475813e44acd96772740da902c65bcf853","flac",NULL
"1a3867b6ac7fd23b945d55e609a18a1efcede02c","flac",NULL
"d043ebeab93482117fb5f9ca68f7bd6903c3cd91","flac",NULL
"2a70821a6eea23574844b9b70eca106ddb9a3de0","flac",NULL
"af14e8e0423c7f8f07e93e00e6ca5e9e9bfb75b8","flac",NULL
"76e1c17e210f5cc2f6a79b5ce86e0a21d2901ec8","flac",NULL
"48b6e17e446e0ae4cfc9e9aa4134c7774560a8ae","flac",NULL
"f3c31c3e2dca64b3bc76bf82359f4955b113cb7a","flac",NULL
"3167c1dd383d46901aa18eb3c640a56ebb3be054","flac",NULL
"9e4d7bfdc67521aea6528d19957550b3f5adcbf0","flac",NULL
"6f837e9501deb5722049d9cae2600d79b1a8d571","flac",NULL
"ba8d73126d21d9541b6ef0ed4ab66633d3d22685","flac",NULL
"cb750f111f530783871ec0a3f2c3a598aabcc334","flac",NULL
"5fcec564f0d906e6d9122bb90db68920476d7bd8","flac",NULL
"f8abc717ac00fc5977de0786e1487006a6e60f9f","flac",NULL
"57c839649cd8fe5ac54df584f53c9a123b2a7b68","flac",NULL
"4c4cfdd0ca8ee72d8442f72795a9735920c7896e","flac",NULL
"6432b035f3d2a7c45b88b4d9d32e97a53d042704","flac",NULL
"400e8ac1a17b136d4eb1cff5ae3be790ee0e3a85","flac",NULL
"5fa1a1fc83243a26d5264dbf6affa59caa3f1871","flac",NULL
"b87cd9b593c6b3ddd644b5e022c1a2c35470a2b7","flac",NULL
"226a60a6fa8af3f65c843eb0eca0b2b316bff269","flac",NULL
"ae53d622e8d4356fbdbb8f5fc28435bcb256cfe3","flac",NULL
"f1fa82c3f3507319893bc3b40a34ceea1a33b121","flac",NULL
"b89705f89c4fb7e8d1f5ef5e7cea7efbf25e22bf","flac",NULL
"ab2f0aaf19978fd37932dfc743723b6acf680383","flac",NULL
"d3d2ae38c4554b046b7787ba1ebaa7e0e9cdf536","flac",NULL
"b479d507be325e73646c9c6bb61d0d30a845bfc5","flac",NULL
"d24a00bf37224c8bc8eec6bbc701ff2859eb64a2","flac",NULL
"1601f0d9584f60ed58e8d38c158a753fa1d13bde","flac",NULL
"3284ce198ccd0689f9cb0c6fc398721cbb850d0c","flac",NULL
"84f461ccff21526d1f21b03e045ceb0074053bae","flac",NULL
"df4730fb44fb9d5d9f0e819d709118ec68a9edbc","flac",NULL
"4431c2d5ad6f4e4a35fef92d7c889e71236f2b76","flac",NULL
"fe96318f3fcac984ff806bfd3f0e42042ca0c2af","flac",NULL
"b39ec1a0e84cd73601d064b884218dfa59b87753","flac",NULL
"ccc4554e86e35016e9dbf1d4af1ca43058d2628e","flac",NULL
"751fd35f2ec9cfa996887ce492d5957d4ae57934","flac",NULL
"9cbab18dd9984ada7c33cebe544d696952f920ca","flac",NULL
"e3f2924c17ef855a8a8af8897b4cc9c5f68021f3","flac",NULL
"b22792ea7074cb9bd14996d0c191d73d8690fa2f","flac",NULL
"2f007f9981b4a39176c4fca1a984c78e6839a42a","flac",NULL
"f0ab3870fdb11aa6184419b242887b01331cfd0f","flac",NULL
"67b5f1c8bbea70abbdf0515afb71b7ba6d9a22dd","flac",NULL
"d27ac92a168ccc34099e76a42b99e7c152ac0069","flac",NULL
"daad866b4f82c43c37595a817f48fc2c0b5dc2d3","flac",NULL
"70c1e832fb80afc9226f87498dfa6ce379ad1fca","flac",NULL
"3d742b8529b1e396a983ae7eb35ee9306fe7bf90","flac",NULL
"0012c5f85fef34b2c5b193070cefa4122061c74e","flac",NULL
"a8ab5e52032286775a022db787af331a85f60b54","flac",NULL
"7a29cd28473b00b0ec78ff543f1658f50243fd1e","flac",NULL
"c355c2b2d48987a85ca2c7846073b9b3cfd1fc07","flac",NULL
"5ee080425adf2941554b3544f6a218418869e173","flac",NULL
"a1ac197bd923a6b30baeec0a2e9c0ba3cf7d5fe3","flac",NULL
"be15cf56b9a3766189a6766e6396fdbc9bda1f39","flac",NULL
"87617dd5778fbffb3c8bba6a2589496c4061c7ab","flac",NULL
"abf01c69c50684ed5b5211874ef449d6213ba888","flac",NULL
"254d6c26a506e4c0a7030804cb8d0a4fb07170dd","flac",NULL
"e3541c58fcb37638bb64fbd91eaf8b4a8ded266d","flac",NULL
"462f5540302d7cd7201d4b8a740d78179a8b8f45","flac",NULL
"9e52b5af6bddb5885e5f9d4470c9cef6fbc55e96","flac",NULL
"27596fa9ee2d4c6525a762bb3dea86980a0f4c61","flac",NULL
"2443a400d5fb2018cbf6c3cba799088a375a78e3","flac",NULL
"af0eee788c561cb7b170815f217004f11d6bb6d3","flac",NULL
"1245d4665e32e33a7f911a10d1392f855dec40eb","flac",NULL
"56b8f7bf0bf09bf835f62ad295ab87bb07a75a5e","flac",NULL
"ed48bf143d0bc0d3fe721f6431422446f434cd96","flac",NULL
"d9943b6ea394f8f193df4f9e709c777d8ccadbbf","flac",NULL
"b8bad23912da56e967a526739797806d29b77a07","flac",NULL
"db7d0f2919d0f44fc7643af3310355f7175386e8","flac",NULL
"06d34206cfcbb2c6c457cb234745ab40ebb7f11c","flac",NULL
"818db3d56db799b73c00a88e8adc9ad2855ac953","flac",NULL
"642c7c02618db22da0fba0fca8ee39ad0a8b9468","flac",NULL
"fe8dcf7eb5c5ec058fb999158c40980182f49811","flac",NULL
"e47cf38edbd2969978d3d2ecf291af414022aa9c","flac",NULL
"3dff3f85bfc33a8d4430a6e135f7d73408a6bd52","flac",NULL
"0468ceef4e90d4cf391eb6c949a55657210fc4c5","flac",NULL
"53e97cfa29fec055e62fc4d33a485ed82aebcd52","flac",NULL
"a09b0ceb86c90d23b0c12cc911d781caaa568d02","flac",NULL
"c9989f5f4b7bce287b9018ce42d8399e76d99962","flac",NULL
"e1f128ece7560e3c42b64b2f86bc267cc7fc84c2","flac",NULL
"db9add332398059003ec34c7eabb2d2341d4fa93","flac",NULL
"555342b6981ef98a972c2eb578d2e4fa3ca2a47e","flac",NULL
"150565724ca74c11fee38452fa8fd99ae59c7ced","flac",NULL
"c3159b9ca8729e0a85df5499396c1fa6956c153d","flac",NULL
"3162c2576029c2e792e71d46a565a91210631d8a","flac",NULL
"c3178c2adb8bdc48b8d62f0ee5f74b61d0562df1","flac",NULL
"090e9bfccfc4a24a70059634e133a8ecd997f276","flac",NULL
"4ee710e51379d89ac2b714ab6a23fb23fe85e952","flac",NULL
"82f2cbb6e80070dedcca389f04fcea9e5aa11244","flac",NULL
"c2f69081a5f434558e5a4bccbf8e3bb50275dc9e","flac",NULL
"ae64b54b33ed6473033c5f1028496b633ae2ab65","flac",NULL
"dfc599de675271e706b77cabc6c8ae190c181fdc","flac",NULL
"433054a333ba35b44cb9580f07b295a354458ccc","flac",NULL
"f197d236739e9984fd4eaa75d5b10aa0b18bb3c8","flac",NULL
"12cbb180a3e38d5826e776bcc94e72dac3c17b21","flac",NULL
"4ef176a55457d1e12931118d231d56a62514da42","flac",NULL
"f089f7676a390ee68e49133cc6c715a09817d743","flac",NULL
"5b80bddd1ef205338aeb25126dc74723caeeac97","flac",NULL
"9db771d27e1611dd0acda78088e7337e87aa87df","flac",NULL
"b148e6fe25ad69a88bad4091b0018a87384bce8d","flac",NULL
"98409612bfa5bef7b04d685e48bd865a7b815650","flac",NULL
"13314b86d4ccf47a652094d136de82b9ae1360d3","flac",NULL
"3c29fdf923eb7b3eb79cb4be47b6fbfe002986b8","flac",NULL
"7385abfedf5e2df585823fc61613720276447bc1","flac",NULL
"e5e16836c07f1e9c458f0b4a1e0b133d2a361a44","flac",NULL
"d2ef9efbaf84daab6ec83bcb7acf7ab57b5ec492","flac",NULL
"c2ad0ba7744d666a632523591838ab37ec996167","flac",NULL
"64c3b22f689568116adf75a67cd9debfe5c02ca4","flac",NULL
"ef8c57d886b621bcf3f926608c7eab8666a1c5be","flac",NULL
"7dfab18701ec9e32b4524cfdc923243067f53064","flac",NULL
"d6b72d4a12496898e5a4841448e6bdbba996c78e","flac",NULL
"63d5e25d6cc8bc4a8eb32c2a556d149bfb6e86bc","flac",NULL
"3cfb5a3881003ae8c9e944a6b01ebfa9422d4b10","flac",NULL
"9bb3e0a7a01bf45cf367a6b31881c6377c321f4c","flac",NULL
"01f9152933b3cbc86f6577a7e6bc45093755a60b","flac",NULL
"bb648a90b165608607525add6e58ac54be29356f","flac",NULL
"981904a75a94e8e2eaefc83ddd319549763f96c3","flac",NULL
"d8b2e77f3b89b91183defc89fdaaf5e7747b8982","flac",NULL
"47f2f380796ef920ce2378119c285a09d5c579ce","flac",NULL
"0933ab9870fef2a8f5f387c08a711d57aea15a85","flac",NULL
"6874505c674e0ecf077e18d4e822da954bb0aff9","flac",NULL
"1210867a428334695bec6d06bd063906a2aa08c5","flac",NULL
"69f12722c4c3452ba23ec5cc9ae75a05da965711","flac",NULL
"321387ae457ddf78806081ac6b43b7ffe60cbc02","flac",NULL
"885ded96b1a066bf4709064b1992e93af9c8d2b4","flac",NULL
"2cf6225c62a0e5b42d6b93e15903fa22e70d3fb3","flac",NULL
"48de84747bf82e060ae656c66404c8662ab3bd34","flac",NULL
"464cd9f4e541ad880f3600a5767266112b2e843d","flac",NULL
"40107a6984606ae17aa6282af9089885e1ea4567","flac",NULL
"cef0d5fbffd142bef2fcd662228823ffcf0ae5b0","flac",NULL
"058aea2fdeb8f8f2470f076c233ae72d37b5f6ac","flac",NULL
"a2d8caa3ee36e2fbd8a85480b2786432d39195ba","flac",NULL
"ea96fd8e6d788fa14fd6c36df66fb6b740c8e781","flac",NULL
"deadd4032c953009c3097f8fe29c0fedf439d2bc","flac",NULL
"cbe02efd052b68456382a0f1af0d27063068aa53","flac",NULL
"2172fc55aa342498670cbcf1e45cc528438bfa45","flac",NULL
"6f546ebe94b632ef9c00e08e198c7bea45fa28c6","flac",NULL
"c5be0037b266f8896a129f42d838280c32e7b101","flac",NULL
"f295a20e6b3292c5a339479eee5fc50b1fbc42e6","flac",NULL
"3edbc0e27c7d8a2f6c495f0b405fe96deaa24120","flac",NULL
"511141a9c11418d79ff781a06feb1d01ef30b755","flac",NULL
"9176d1e1d6242695e39f540e9d4c9f46e2e03a58","flac",NULL
"8d30e84dfec343e366d57e1cfdf1c1525ae05eeb","flac",NULL
"8146afef60d7fee5425cd23f7ba664958fd08689","flac",NULL
"8fd52ecd69bed669894d2733d132aabbabf16d92","flac",NULL
"f1dcd8d07e0f116b66f29d0bd7d22ec5171d9f57","flac",NULL
"bd5706c9120f222adff2d7434a87ec7d9daf0575","flac",NULL
"1a27750deaa381022945f72fdffc9a742ebce699","flac",NULL
"f261211b5dbb0bb623fb3c77f6b14666c0df38d0","flac",NULL
"36237004a72a495309dd9b925750d6c96316c5f3","flac",NULL
"d88004aaef2f4c511222a1e3ea996b213489b86e","flac",NULL
"0ef9e5c42172b31b600229808c5a61dd893b0560","flac",NULL
"b5568f36c7e02b958beb0ee6d1223ab5c2c1a99f","flac",NULL
"f4f35ae3b8afdc507505c4e423b50723476a55eb","flac",NULL
"8800e020a38909181bd19e0aa152fb0c56e9324f","flac",NULL
"718b700719c6bc0f68b1a8e69cbfe84a309ae9d2","flac",NULL
"88707158435bd1d6fa2e0d74fe87199e0abccf70","flac",NULL
"80c819d46e055e0c2cb8345cb022ffeb8e051384","flac",NULL
"3c3490fb3af5c266c89f3c16c6e92a679ed8a623","flac",NULL
"dd3592430729f73060dea8dd99a6955ea150bcaf","flac",NULL
"b01228662503995e11e8ca19a7e162ea75dbaa22","flac",NULL
"693efe21f8e50365a845c46d84b6bdaec6304b29","flac",NULL
"e3a33780aa25086ba502c7639691c057b9457fcc","flac",NULL
"ef071218ee70e3b289a58e13237f4081ac11bac2","flac",NULL
"270139096384ebb3b8844518a351b5e3a158d27e","flac",NULL
"7792b778f1f962c94e48b59681f0818aba56fb5e","flac",NULL
"54291ebfd0da75db10daee28d2dc34e4c6922e65","flac",NULL
"0745988fe53b30846cd0ac30d6634d72b9ac48e5","flac",NULL
"5b8dce202c6bd473ae5ee6d6e476fa824890bacf","flac",NULL
"0954675623fdf4ea6263ebe1744944d1d57941e2","flac",NULL
"8bcd71d0f4a907771c57a78bc3effcfb91352275","flac",NULL
"4ddf9ec840926bfa1301b29a3e001342115a726c","flac",NULL
"241a333bd9380683b9de27f0926a59aa89bf16e4","flac",NULL
"de732189409c8418087980a9873a2d0db6ce95db","flac",NULL
"6d3c8d97176e6c743704c25c4bd7ae7f8b2e3f80","flac",NULL
"629c8ae3e5bd58987b7af4e0a43dff18894c13a8","flac",NULL
"b1c7a3260b0672239b26d7a952bfb95d9c035c12","flac",NULL
"46a66e58bdef4bbac0736427b4c1b582b633440a","flac",NULL
"cfb9bcf86c8df4394cab6d627b11cc07e61e2303","flac",NULL
"7caec52c7491fe7c87ee03e30ba140648ad086c4","flac",NULL
"fb58a6c4cd11ed0898a569b1fbff2dcd5b5672da","flac",NULL
"34041e78de8eade3743a2d36bd9da9f6ac7261cb","flac",NULL
"a958e6422296812b85a9df3e37014ae6134c7359","flac",NULL
"a0186eabd065593e94ada36108a554aa1819fe39","flac",NULL
"fdbb3e69aed829dddb9a114420da3cb85addd13d","flac",NULL
"af084d9c02720736dc12f9217a9de681d567c3ad","flac",NULL
"afc5af87afe12ee894a8544903e13c9c16b3bbd2","flac",NULL
"4e0aa232ef1ca5fe136d43fd15f0f479471d9973","flac",NULL
"4336a0c6256954fe88a05a9ea1328925072e2482","flac",NULL
"f733dd3ee1ce12a693a555d1a6692be6a0034091","flac",NULL
"3407e892157ff8fb05a4ce128e8c00b7cc22c760","flac",NULL
"e6b0eb74ce6e1e4324bb782eed0ab65008d11cc8","flac",NULL
"40fc19a66cd5d272743640e8d66ba453c8cddd40","flac",NULL
"80b63e8de85c244514c82fa08a20007ca56a3058","flac",NULL
"6607bc27d44ed3130fe0c180a46c5f5e435b9898","flac",NULL
"ae8c23ab764f47e6cd5007e09737b6a861f30370","flac",NULL
"cf49c23cc4364ae027977a233451dca54b752872","flac",NULL
"71701e344621b8e835022537e167a73c27b66899","flac",NULL
"dd18a52026733bd1f9ea7d673a05daa704c31332","flac",NULL
"dc2ee6bc78654b0a5a72f655a706383a3d5aaea6","flac",NULL
"44c72f7212c652c7b02e31b68a714737f319b01f","flac",NULL
"c7a400d9391a7a5c11f5c629594b00c7f6791238","flac",NULL
"70bc63a02a4561d96e41076df9669e302886f306","flac",NULL
"eeedfb71f426baed97b366b63f4a7e1a4f27c7df","flac",NULL
"cc0f94dcb698c64eaf09455e32c0f02f5fc5f0f2","flac",NULL
"76d3616c3274c7c2315970b16df151de0a82266b","flac",NULL
"19edcae9430baa34c4a4e95c367300bce9ede6c5","flac",NULL
"fb2f239ff219bd6f68a01ecf8e8145b26a4adca1","flac",NULL
"f7574ab7210530c8041ce0141835b417cea053c7","flac",NULL
"2fda7bf5bbac58ff5596ba517200980e2b719d35","flac",NULL
"822bb62493e6c803b3aa1adeebf4ee4186210380","flac",NULL
"2cb4d766d260200442f7614d765160bdd06fce93","flac",NULL
"840b345685edfe0d09a02fda7fb58df33b4d20c8","flac",NULL
"3635408c110c7e40bc2d1ede48278bf81fa246d1","flac",NULL
"966ec8df3679a6fac416e352affd61ac894b0aca","flac",NULL
"2b42b317ec09a20f5f3928b64691d7716502fad7","flac",NULL
"b964c8e451d4341ae3f9f8fbb316c04a5ad9ad32","flac",NULL
"49db1035083790264ba23770d416831d447dbb7b","flac",NULL
"0db630d80a6a3cd3c729ca33385b7c73b8145728","flac",NULL
"e0dc42a8787c562e171e659b956f39cf9e69c0f7","flac",NULL
"2ad634aa40906bde03959abe62d227485ebf73f5","flac",NULL
"cfda10bf85719a194579ff8d8ee2370a3ffa86ff","flac",NULL
"cef7bef3882ed3d16157d4f08d5735f76e3d0f1a","flac",NULL
"a005b70ecc5f73f1a3e58302ba2d4bfd2a00b374","flac",NULL
"43d648d117c28521a13af548cba7e8833e1ded8b","flac",NULL
"939b81c176db81d249e37395b002472ace0573a3","flac",NULL
"3285707c2c0d4c80493a07b23ba38d0cf6a6b701","flac",NULL
"11a9ddc5ebb36ebe85fd304d3c5b4f46edced3b3","flac",NULL
"883b746954be5bbf6735f49138ecbc1b85e48683","flac",NULL
"9a2db9590dd6553d0c49379be715f4bbbd8125e0","flac",NULL
"1329d2724f870aed87ff87bd48889e062f0e1dc0","flac",NULL
"f917ecd77ee29b0f1c36eef124d0824d05650fc4","flac",NULL
"ec99ece33cd7c15d31f43a8fac569ce814fd8040","flac",NULL
"63ee344079bf9ebb4336a00a451a9ad771784fba","flac",NULL
"427957bbeeb2ea82c56ac8310c272e0c47fd88f0","flac",NULL
"37a9c8125948c4fc00f0714195879dd6a604a63b","flac",NULL
"e1a004814dadfb7add219a0ca6dd02fa0244a48e","flac",NULL
"ee958b7ebcf03e32dd6dea0e13d4ef527ef5151c","flac",NULL
"f73bd1936c99cbeb0ec3a25513f956d58641c83b","flac",NULL
"20262fd52cf2022968e6f602a0a625776d46ca84","flac",NULL
"cae486a22dc4ac6431011ef694f4ec57a83eeda5","flac",NULL
"9474b3815664bd4a934be3bcff75976e25e1057e","flac",NULL
"7306c9f28a2c5e024fff79fac653018cd57f8ca7","flac",NULL
"63f773f860d97bd9066253df0ba579a87a57bef6","flac",NULL
"5e90e9efe69e72376fd7be6854938448c884fb29","flac",NULL
"b7242a6e7fe5fd1850c501db8c29ff09ca97db74","flac",NULL
"a114015133497df416bce809dbb442d7ba06c768","flac",NULL
"67d00001725a1d815dcfe88f32c1249a96f2537d","flac",NULL
"a78ed0e6d0cb2757d52ba5001292420ecd47f415","flac",NULL
"4c0173c3ddc61f7981cc6dc9d539de0ad3629182","flac",NULL
"f0e87eb4b8480b5444692cbfc524c8b5add663e1","flac",NULL
"31c31cfe9272eba630b5b3e40b64ab6b39ce59ce","flac",NULL
"1ecee8171a89ecf3254c90623f2ceca329c6fde5","flac",NULL
"3e243e60e10433296999679914afb88a6314df94","flac",NULL
"e1ceade9b3614e3082f963386437c33142583c1c","flac",NULL
"c66cfd50c9503c7fbda02e7f07e73defb39a3c85","flac",NULL
"ec2c8ab79e32616e145600a4cc3cd62bf5d69a1f","flac",NULL
"430254f13626e747a96768969a46736ee92957c8","flac",NULL
"620adbbc8907df32fdcaedc25f9c0fd7f6f58f89","flac",NULL
"6d6f7430f26cbe83e4f5f4a639dde76f96e25fbe","flac",NULL
"74b31f84c33aa47d1733f7ae84a387ba1b3bf3b8","flac",NULL
"5ae5680fc7a7b1ea760ff19fcdb4dd4635f2989c","flac",NULL
"a3fd89a8425986463378e9edc573d960622ae1b4","flac",NULL
"62ab30606d3fb4b0bae4ea25a2aa42941bf98eef","flac",NULL
"80f73b6e46fe0d94334c3ab18bdb231e3473c036","flac",NULL
"a5a02da6114aaae4daa8e1c503c812bcab45ebcd","flac",NULL
"84fc0e7c5e5ed31c1eed9fd16c78cc7552774a50","flac",NULL
"8fdf9ac9a377ab9db805dc47522c68c0f3ea0d3d","flac",NULL
"cd98ac6736bdbc2d0905558dabf4de0835008c79","flac",NULL
"f8540c16382944eb7eeac39f0a834c3750106041","flac",NULL
"d924862903108c0ddbc4a4cfcedc907e1a7bd0d0","flac",NULL
"d402133849de47edde3ce5a3372294131514fb51","flac",NULL
"feadcb1ab478a79fd68f0f3f0730ca42406e7122","flac",NULL
"72ad90c3e42eb588f5c97e3dc9e3e9a793f6c80d","flac",NULL
"b93094e34e035f5134ecbfcf292667ee067492cd","flac",NULL
"106656a0ad85b00260fabcd0ba66aff16809e79f","flac",NULL
"e94295806a682843c228ae7632d853a22c3082cd","flac",NULL
"d9eee92284887e59cc87107abab1de511cd979d8","flac",NULL
"bd96abc4edff785e2a9f6b866ec4b3b7cc033a4b","flac",NULL
"f9361c90629761bf5dffa2adcddc28b89c64e12c","flac",NULL
"dac669f109e76c3c7799ca3c17bc13db2e30e63a","flac",NULL
"ac1d8e3d3d76fe0ec4cb4f718369dc5d64442c23","flac",NULL
"6f5421348cfd021a8963238847a6b49ba2bc9b2a","flac",NULL
"a2c7077865e90893bc3e00c42b2ec9e49dd2798b","flac",NULL
"79a91306696dd3700c112c19c64dae8f9edb1910","flac",NULL
"904bfa093129cf4a041218e530c7e6b9fd8cc6ed","flac",NULL
"26d1554ee002a3cad0302b851ec643bea29b1eb0","flac",NULL
"0efb4477d912555e7ca0de29d0f1ac73181d235d","flac",NULL
"e0516bdc85c0f6872090903eb9ff2924b1cb08ea","flac",NULL
"d85a54df32ed3b05a5b42eee3755eb206b81300b","flac",NULL
"1e7e51fcb6bc8dadede007967b64dff3afd28928","flac",NULL
"e564d4a6a2285eebf3a3ac9048c1193a664879bb","flac",NULL
"803156d47ab238a90fc08f652e8dc1b511b2d853","flac",NULL
"93701c51f4833389d7107a9eebee46444dcbf28b","flac",NULL
"8d4b358a5386ecfef3f9a2d4bde2a9e51b01645a","flac",NULL
"9fdb66ac9e9c36023803da6cfe5a1dc2b6a42b1c","flac",NULL
"00d23afdcd759ec7a0ea182152de8678ab07d2e0","flac",NULL
"0020174a77d09c767516c26ac1ee90b931638892","flac",NULL
"1c8ad71af7d55965e9f8b3a0cff9954f96f92a26","flac",NULL
"b76cfe5165b37b0e6ea8ba7c502e706f40433303","flac",NULL
"fa4ab4bfb6eb4dc29733455031cb2ed1160b84cb","flac",NULL
"71298e6499409b55127e86ad74481ae997c4f467","flac",NULL
"95a0b37a9423bfe076f1cc991cbaef534b11773f","flac",NULL
"e55241f5ff209012243f77af4c1df4bd6cb20aa1","flac",NULL
"74818cc01e800e76a89a66ee7bcd18d4bc97109a","flac",NULL
"224a0d20623da2e12bbb40ae17f15b26bed066b1","flac",NULL
"1172605527ae8aeb457eb1b0189b4ec5c9581d69","flac",NULL
"1d6f3b6f949adf79b7199ba1026b2a31542b008a","flac",NULL
"c02f46e95a6190d7176f55ef5be081213b76f9af","flac",NULL
"19f8efc938a901336fe905409292c5c15b704354","flac",NULL
"be97c967245b84e70197fa1cf67a874fe3b95f9c","flac",NULL
"44f0652beba4bc6ba03ba962b139ec87c40dc241","flac",NULL
"c1e64e4e4cbca700465e130ff420853d31a214fa","flac",NULL
"276befd9501076a14087df79054f823ad7dbecfd","flac",NULL
"dd33207db59e939dccb879000e9dd1fd4c572fa9","flac",NULL
"460df0274c5429b6b74e79b23651690adbb16a5b","flac",NULL
"1587106466b778d4137389028ae85a251ec1e04c","flac",NULL
"16b4cb2348a4bea62549abfd83686d88e8893984","flac",NULL
"43fd7640ecf7379f81a8036e79ffada1bc05036d","flac",NULL
"64e7598bd9a48a7e048932714fac2502ec835ea2","flac",NULL
"2b86f45aa59cd366ba9149fba6927abed7e1c67e","flac",NULL
"dde7205c9d5c27558c04a8afa7989956794ef6e2","flac",NULL
"730e6a124025d82646731ffbfa1f0136dc8c06f5","flac",NULL
"c9b3a0f738531c0521014a770e098b2daeb8bb8f","flac",NULL
"ad2bc4863074d0e0aa3d117ab0a433817147e6e3","flac",NULL
"57453981a666653a04afc5712481ceb00d8ec28c","flac",NULL
"82ec1a1b7e5d28e29c952dcd6dccfd8e92f2f769","flac",NULL
"dea8eceef639ee90cafced5b6d3a5bb2d64ecced","flac",NULL
"3401d1908313affd64ddeca0d0166a310dd28e22","flac",NULL
"b09e9ae9b843c798eb05f9c0ddfc91bb83d07c47","flac",NULL
"4f689611e73c8574e0b501bd016e753ef171fcf4","flac",NULL
"acb00a415c72ac7ad97a262ad9fa8991bd7bc5b7","flac",NULL
"59c5f70c1edf23f7779d9fb7597f24e7d8605aac","flac",NULL
"83e275659bf5d6cfd48c513a08a4e36d23603b61","flac",NULL
"86fa193f2559027868249dc3fdacddfc05039cd5","flac",NULL
"90d79620d4129fbed7f59a47a54ae703599639f4","flac",NULL
"317afa43200e846d561dce8e3228bc5cebfc4852","flac",NULL
"78cf18ab7143ec3219c306bdad8f5f31feb4c2d1","flac",NULL
"c01551cb83ca851ccf15b4254472546d553cfa45","flac",NULL
"d31b80658dcc6d9e0ea70b11b29643a59130b8ba","flac",NULL
"79f847097e16d06ea2a69ae8cadf456ce0b9bf43","flac",NULL
"04701fa2322e701d3a44a930aa2cdf17198ee98c","flac",NULL
"a3e88984eaea60f46733f62f0da0edc5821fd90f","flac",NULL
"11a4a743610bf9e46d05fe4c3c7f81be7860937e","flac",NULL
"baacb27d7e4435e1a41c76e6e87b18b0f21c76d3","flac",NULL
"cfc46c31a1dde6b7376de4f1d7b71c3f57f8adf3","flac",NULL
"bb6edf7a9166f803174b86e9026613f32d2ff880","flac",NULL
"f4028e0c9f7e9792103c50eb5687a1d8b3af8d91","flac",NULL
"5fdeac934b45335f02e62c9df3bfef2743888617","flac",NULL
"7afd51040c11981bb97958a69d73554a48eb9662","flac",NULL
"909218b4b612d142c989428cc8018a3c01ec48ab","flac",NULL
"e41679f52e0429ea4d9032d4a034e94495de3bbf","flac",NULL
"40462c83bc899ed1a3f2edfda3eb24080f86e587","flac",NULL
"f469ae48e366d8f6d4970704f80b674d7a0e1bdf","flac",NULL
"1675f4feeb90f359ee7e2ce9b95f3784a95617f8","flac",NULL
"96b3f3ee446bf87934d72d44013511d6f844b8e8","flac",NULL
"f4a26c738d3ecad14e9569ed65f7e94d034cf1cd","flac",NULL
"bac123cb3d152813ccbea84a46163365b7973fdc","flac",NULL
"29f7307ebbc1c239fb7f091888b1239f73f301d3","flac",NULL
"b1efd67f50c322bbb14ce8571f605a0137dd70a2","flac",NULL
"ed8c3b17f93102d66387f1bc0f9732785114d870","flac",NULL
"773ccf19b8f9a7fd4a7594cd4bd3ead87abfc9cc","flac",NULL
"371676e67ae95fa0a180f69337d7231f72366738","flac",NULL
"049feb3480f1849038f579b83748dce25621e5d5","flac",NULL
"7e53326c02bff0113f020fbbc1f746af93fc6734","flac",NULL
"cbb662c20ce30218b80bed768823137d3878779a","flac",NULL
"a9c00d68e2a7e7f9b8466d4dcb53d68f1d851aee","flac",NULL
"e2de2ea93dc3e00cba0b89812023f20699dd7fde","flac",NULL
"dc2297359ea64cdbb8cc15c4796ada5ed6345f69","flac",NULL
"185293ee063b86e60f65f3a8bf21ab67afb21f2e","flac",NULL
"e27839655a2afc9e50e58e21e4725a8b8156b903","flac",NULL
"3e6c2b81a0a14e046a9d00acc6dfaa47f121e483","flac",NULL
"0a8efa2c2afa2fd1ab1391305f64c3043fe0a3ec","flac",NULL
"b604f129dc637876e4c00e593cda1227b7f270f4","flac",NULL
"cfe4ca30d867820035cc76109044a9515942c284","flac",NULL
"78d71858dbd8697aade29b2941926399fb143730","flac",NULL
"2de639d30fe511de4a2e8aefdc4eb192e924951d","flac",NULL
"4137a9a2bf069eb2b653bf140754433e659080bf","flac",NULL
"27b7694d775d4939e2beb574bf9c418806d24225","flac",NULL
"17ec80a92e782d6b1b1c15522dc51ddbbc9b1330","flac",NULL
"05777cedc2c18bf0269ec8f06750624661088698","flac",NULL
"ac74c8f120121c00e1f14983b50986650d5a0a07","flac",NULL
"e6232d0b2242837263044cc00436026b61d5359c","flac",NULL
"11b00559ad23b191033af40c38b1f53dffbc977d","flac",NULL
"b905ccc2a7e6d15de2eaa19bf48c9a0654898f93","flac",NULL
"661e362e6510fbaf0495e79d4d894459674a0deb","flac",NULL
"3f00f2aa9c669f6a085d26b84eda83285cdb4ca8","flac",NULL
"12b0f057a993a0b8fc7ac3dbe9f17c2bf395175e","flac",NULL
"c718cba1b6139a223b71ea83c8d86e7cc6b1bc6f","flac",NULL
"4e80c43e26bbe09e4c7b21189e7f4e99e50b2a6d","flac",NULL
"7b2bdfc21e334376f4a9c896c1bc7697fac25181","flac",NULL
"1b8a5ac4f16e9d277c5726ee5963a8edbe6fce49","flac",NULL
"f829491657434fd53b7e2339a5d4a3c8661b4282","flac",NULL
"e9a13a5e1f80db8785175c963f3d80563b18c9bd","flac",NULL
"0cb9097313052fde6d47a86708df52324c03875e","flac",NULL
"371500cecebc76999cd26f689087b4560fe1f745","flac",NULL
"93f136fd985b01bee95cf90aa399e5fc27796b41","flac",NULL
"2bd58f8045a08561770c500b3c877e7551def215","flac",NULL
"5090b0a74b0d5de8f491843b9a84472f2b045995","flac",NULL
"fc6d22374e741febde3286516c5643f71e825172","flac",NULL
"d8a6a77a2139c107016a7c5f8a53acd143ce0126","flac",NULL
"c6905901c090095db3d4568cb1867aeeef72e050","flac",NULL
"b64d0a479227001460395e32de3be8fffd30e35c","flac",NULL
"7245de186b00819ef150f9ba95c9f1541ea43d7a","flac",NULL
"a59aa21e0207a85253f6cebe115a817058f8fe0d","flac",NULL
"60405ae4b4fa903ac8cccaeb23bb329204779d21","flac",NULL
"b2693a7bc800fa74a4b38ce12117830a6d904522","flac",NULL
"4df455baf07ec0280039aaf7f518e49a28548913","flac",NULL
"3656986a5aa76adfc6ace285b4cbd7f5e8ad3cb9","flac",NULL
"ce4bb53fb93a7efeadbd06b518b28cf6ff14b1cb","flac",NULL
"466d739f021a2164d1143e7db526a2ff7d82a7a5","flac",NULL
"1e9f470f751f23055ca1692ba9c685c87ab121b3","flac",NULL
"f960f5663a0c57b89febbf74037ab159803543a0","flac",NULL
"cb9916a6d9ba2334b10f20a3cce780cb83bbfff9","flac",NULL
"f34ee6066e19546d53b2bc2e7cf50b4053c738bf","flac",NULL
"4038d6947c9126100bbf41ebd3c2e85306dab2a7","flac",NULL
"ee19dd6846a34ed6bed9c42a86f4a5e1d3dc9d23","flac",NULL
"7bfc73807d90c77fcf80444286804983be92cdd8","flac",NULL
"a3bfd9597aab25a44629993b69ec8555c78424d3","flac",NULL
"fce283685ad1be647ff9b87857790b3891a5102b","flac",NULL
"980cb6be4ad4eb1925a46f6fb9b6f172ace0d9df","flac",NULL
"a1b71d7ccfbc06045486449815b655f15bb1d76f","flac",NULL
"a8fd2dad9fe367f35285ec1d258ced4312bc1849","flac",NULL
"9e93c182facdc76a4b7b7dac8c5ab4ef6365312f","flac",NULL
"8fa3b5536638ab864d85cf6a78ae6c0c847aa1ad","flac",NULL
"497a8e877e740efa988b9d68d405ba6c94fc5092","flac",NULL
"8a984870445683519c0a29c06a9c6827dde0180c","flac",NULL
"999010abca7cc66f02f99ffc71ec7c29b70a71f4","flac",NULL
"2cc7107ce76ab7961d94e895c4679fa318a331d2","flac",NULL
"c19a8bb488bcef0f82c2b19458c1827710a02339","flac",NULL
"b6e356c8673403783714de9bf7d2a7bcac822736","flac",NULL
"a1d4739ecf70950cbbe1b1d71168af37b7860657","flac",NULL
"a147ae21c76138a747a9a1348121b5875dacd800","flac",NULL
"655b47617b8ee2ae412c0a060737913a9ba9b511","flac",NULL
"360b67e7bc27ca55456af47e39b7a093375968e9","flac",NULL
"6b677dd49cbad9780774e7ce62e0de73a3513e28","flac",NULL
"ae1ce37b13b84fca90470c8dc90c61e4271a6fbb","flac",NULL
"9046cfd2c8e1a60793c464e4dc52b09c508fb01d","flac",NULL
"2eba063a52e101b83745e7f17e53f60064a30c35","flac",NULL
"6c89dbd718e44667adc6cff527297f8ca07ecc82","flac",NULL
"d25e3a5d71c1a9995d322f1e1fb68d19aabab26a","flac",NULL
"aa70931e57bb47d80cb3ea8bfe168c4103189825","flac",NULL
"4d669ca0ef408b5cbbd7fb3d641879b49c9326b6","flac",NULL
"952c9e91b0ff19c71891e3ec6efd8f0e950ce45a","flac",NULL
"90e5311b31eff652d3b58859821d3553a8c30724","flac",NULL
"46429e52b535446877beab7381e7f8c71c3f749c","flac",NULL
"209efbee86eedde1cd133c0b4081fe7f319a1df4","flac",NULL
"53c2e5e60dab004593acc111dae124e74465b295","flac",NULL
"2a35d36c5db3a90b012a7f5fb4fa683c116d6762","flac",NULL
"c81049a126c0495b27878f5503a0f015384436f3","flac",NULL
"871af60fbdadfab75c494124bb6ddd313c867bed","flac",NULL
"e79c86978c4fefc362af2c7411a619c88d3423c2","flac",NULL
"9fc1454add83f0555b70772d96ab0e5c85be465e","flac",NULL
"089306ed29f0411c17a44d30817813c9c2e647dd","flac",NULL
"072b06a19e7e5c8d7f36f85d688c6fd54b244ffc","flac",NULL
"0176f55201c075547f49ba54e89d7d9176f51306","flac",NULL
"c432212493c8428a236f288ab00a2fda6782a387","flac",NULL
"bb4546de475e6999662d1e32226c70c5c64391f6","flac",NULL
"1c81573199cd417639e482c26790dfe8b156645c","flac",NULL
"5b66f2a2b769402c12465431b24bee8ab56fe323","flac",NULL
"5f3f44d3935f85ba038da721681c26340bab3b79","flac",NULL
"68bdecc9f3e6cac31a226c5e1fdeb279c3984483","flac",NULL
"aaa1b9e7075c39bd33c88d7c1a93cba35596532c","flac",NULL
"aaca0f4b497a1195e698e2bd930d9b3e6b3001f2","flac",NULL
"c2b84f10b340e870c048619e549217cea12d5d1d","flac",NULL
"d1d2a75ad3f52532b6d912fc351f4f93a3638f69","flac",NULL
"eadf55e69ab2b293a9876973120a53274df42486","flac",NULL
"b3f8f1cb0b11a9337178f23378d3c42030650408","flac",NULL
"4a2f2686cdd7a9e7eb4848969d68c41df49a2289","flac",NULL
"1dd527abc1ff34e989a80bc713bbf23daaa0fac2","flac",NULL
"6b00a9a76c4e636f393c6f8ca6da86b339e78a31","flac",NULL
"4a2381477fa30bc805511da4440addc2ad5097a9","flac",NULL
"f0c9ac3888c30e1c4dec4ef3d3e55e0a466dcc3a","flac",NULL
"b6654f7c4e09aa8fa2b1fcb5857ccc22475f237e","flac",NULL
"43847bb0240b81d3fb300d34df1942ea65c81e0e","flac",NULL
"cfb2f1ff7dca6fb33ace2597b07f9b0c74dd4f48","flac",NULL
"9398e40788670da4c18041a6d9a7321178b06754","flac",NULL
"6fe913b822bc4e3cbfbd50d5a41359fe3218e791","flac",NULL
"501529acf3c74da4030fb7e4855b075718ca12f9","flac",NULL
"f1cbd8703a6edc2b4a94b6d8d55667dad708c331","flac",NULL
"5e6cfd49dbb49e1d94fbd695fb16cb0ae8c7932a","flac",NULL
"04913ed761ed70c7de895f05e30ab2d601416f80","flac",NULL
"cc5ce93266693b6880fc4291c34e41514c4b36f7","flac",NULL
"382fcb479d1c105cb2b637e7eba03050606416f9","flac",NULL
"434fadf42cff308b02c4a2ce3d74c6b45a6a7311","flac",NULL
"c91b20172193328eab87efb9c1990519e2527066","flac",NULL
"88fd42a1fbd26998ae5b1b1d86d417c035e7662c","flac",NULL
"a377df8f2df93171da53d681697982448239824f","flac",NULL
"03cf260fd0547ac85de01b9e48376d74ef51db30","flac",NULL
"afcefb5c1856d6a46cb94f100542815a4695cfd6","flac",NULL
"120b9b891cc4f3b35744baff158108396d6458c6","flac",NULL
"253887afdb870fe40729c0d58116de4bc69295d0","flac",NULL
"948970b829dcf310240484b9cd9924e01fa29932","flac",NULL
"3abb053ba88f47a8f9b70f1d1d6a60b7567fd66e","flac",NULL
"dca5a17bf82fab3149f1d556dd3f958c4bfa3c11","flac",NULL
"2d8f0fbb7842ac472b1f812a2b14454dd092d227","flac",NULL
"0ff418eb1a970958fb4d4ce3a808ab1fe94f84f5","flac",NULL
"9924ac063aab242595b03b44fa836393f031e052","flac",NULL
"e0c5e0ddccd8f6d03f14dae130503bd074afdd0c","flac",NULL
"98d218861299bd8fe3de20b5add1206918ccf203","flac",NULL
"fa2122318f8145b748c1dd86df6e6917814d4eab","flac",NULL
"f02a5fd335062409a0ac818b32209951a7b8fc04","flac",NULL
"333d9887b48badad17ff3e9c7be7ba49f600c489","flac",NULL
"44892928b7cd7baa0c30fd2090140a075cf8593a","flac",NULL
"d3e645f8b75c092acd586997eee9839496a5e4db","flac",NULL
"ab534f3764932f123a591b09130cce43c8e062c5","flac",NULL
"e499a01abf02a5b57e81e930fbdb03210590dcbe","flac",NULL
"0011c9080a29ef837a14890254d46a273e6637d4","flac",NULL
"1a629a0f8e10f655ae4d29834025591d059bd832","flac",NULL
"dc81da2a0900809aa43947fe2b31755a081137a6","flac",NULL
"be7e2f461fcef5e6fd6c563e1f93f63a9ce161f7","flac",NULL
"a97a53a858c75511a1eaebea6611265c38cd653b","flac",NULL
"a98474d38e31e16bdc58eca3dcff0aebabbb0861","flac",NULL
"48f3c2a00b868986c87c6bb9a99542cdf27ff055","flac",NULL
"38b1c459fd329c7c61b4d354ccd0e0792cfb2f0f","flac",NULL
"d89245737256d55355939c5fa5834b2b1eee6169","flac",NULL
"3f377b2d2660f565b5deda01ddbd8d6c28beb6bc","flac",NULL
"b9d89de12add5826629b5aaf9de052f4c85f767d","flac",NULL
"3f323767d8b3b47670fc620d1b0d5e775dc85d84","flac",NULL
"7a8edb6a0e08ddfcb62f4e145f135d5c0e910706","flac",NULL
"f91d949af018af8a06b6055dd81500c23f320678","flac",NULL
"45594f4fecdadf572debd8d99c2ca999f5a54c4e","flac",NULL
"13694fad8c480583bad0d401e83f9e81ecf49780","flac",NULL
"7af50f584cb3b668b357086aca5d154ae4ca07ab","flac",NULL
"e261a5189542051afac98ba3b636db6d28d91953","flac",NULL
"1c4f0fd8c061d34acbfd5ebb76ed66c1e5731ce0","flac",NULL
"8d0e45f36a4f9369b7e32bb3daeaabb098c90285","flac",NULL
"4f32ee59cbdf74d395cdd9978e51013fea05fd79","flac",NULL
"c41c96cab6b3568e323a6bc35f7112e386668248","flac",NULL
"a7a95687bbbcd7bf1676fa7b1588097f5b05fb74","flac",NULL
"8302e6bff369535a5965f957f452934b727684c1","flac",NULL
"8d7e6958b99edc11d685887784a9bbff2723aa16","flac",NULL
"7f2fee8963512f724dcc851937edfb5256ba9e81","flac",NULL
"83bc3a3f6192df08991f97db93babd49be78d60c","flac",NULL
"0bb90416b663bab9c03ca4f94e7845984b3e9c57","flac",NULL
"9c270a5c4561ee55d609256c1c270f8eba7b93e0","flac",NULL
"e8656cf1f12a9eb0ad2a36504db0108de030b860","flac",NULL
"914bc9446a692f6de2d1e40dd9f01d35de8feb4d","flac",NULL
"be1c7eafdac313d7a62a12ee942c1ca916f9fd88","flac",NULL
"bc564e474bdada911ea6ef2144ad0287b0bb9751","flac",NULL
"76500032d83630fd9b7497be8bdebf1b583d043f","flac",NULL
"36800e49754a6c15005234d24febfdf84aba243b","flac",NULL
"861f9347ff6968f706ef9a03252b90414f058034","flac",NULL
"a719c1810689b235180635d7f8db403b4a2f4c2e","flac",NULL
"1b07a925e86446e257d4292b4519dc82cdd55224","flac",NULL
"40be7794de8f2d906f31ee9fb82a43b38481151d","flac",NULL
"5abc3ea594be35f26e5e6b01e1fb154e88b9d441","flac",NULL
"61970fc1a511e4034500b5607b6b19cb514d2dce","flac",NULL
"dfeb4641fcbec0411f6d932c1977b11a9e70216b","flac",NULL
"a77514562f8eed6265d55ff67d14ec2dba1e1176","flac",NULL
"1e21cd3ef912f2dad5e29ba6b5081432146c25f0","flac",NULL
"27bb1fc20070dd0eb2af199eab706947ec43087f","flac",NULL
"1d56a496b602a4ca850cae14f39e2ce9327a9c54","flac",NULL
"69221f946f700dcff3750af26f6ceef222caa7f3","flac",NULL
"995bd83bef480f6027bbee12bd287c87e18ca105","flac",NULL
"7315023d0ccc7e039824613bbba305f4912b1e53","flac",NULL
"86ad8b65f6635475028bd2a58ca4ec48e4134fd8","flac",NULL
"12dcf96ce986758e068a1dae0f67b1127fcfcfc0","flac",NULL
"751d4df250f4bc0e1aa7fa593a4e8f3d9748746f","flac",NULL
"42a4dfaca120f2eab39ddcdf8d378dd2c5ac2831","flac",NULL
"94c7c9ae7eea35a9cd620253b791c92a0f5be1ae","flac",NULL
"a508cd74f6c1942e164873f52031ce5cfb139c6a","flac",NULL
"4bf0fbe1c2cbe45c3d116d87cc6df9685197a73d","flac",NULL
"ea7fff466f24a28cb334d75a196f455c3a855d8f","flac",NULL
"08867813d970ec9fdb9a7497334201eca8bcbdc7","flac",NULL
"2a29043933764810e5dab46850fb820af76d5cde","flac",NULL
"7d4abf9f64dda7f1ba820f6bfb917013362cffef","flac",NULL
"555969fa4743caf96898dfc33e190003f1a7f36c","flac",NULL
"d1448e611df44c9790acaa94182ceaa88c2d6e26","flac",NULL
"5840c3234391a9812d349f36d3c51527f64fcfe7","flac",NULL
"feecf2893283cac5dc359ffc399e14bba6afd24b","flac",NULL
"d6c19c56eac8f1f48bfc6474e0d062fc1297ff3d","flac",NULL
"8fd72e305d573e24e25dfd0a1078b35c474e624f","flac",NULL
"80e3f4e5fdb82beefe8aa6210e2cc05556dc2371","flac",NULL
"555874070a836749fe9da63f9b2f73c2851e63a6","flac",NULL
"01523dad074c6ad23640568cc97a403ec18a294c","flac",NULL
"4d4aadc7fcf2c10051aef05a7a90613ede295f8d","flac",NULL
"3423a8bd367ea189f70aa06af076ae31089faaa4","flac",NULL
"a82b9d4190024cb2e34bef0fd070aed4511476e9","flac",NULL
"99117d7f0e32353187ecdc7a005abfe5793db308","flac",NULL
"98fc79fcd98c94a4f9811693ff112404d2530105","flac",NULL
"c7ba1c9728806325d747c0d9a159fb702a1b47a9","flac",NULL
"e77726a38430bbdf27bdcd079df885b3cbcc7799","flac",NULL
"b384a64b04844fa0b1a3485cda70949ecd1eada8","flac",NULL
"4b39b8f2ccc1bb37067cb095b55654523ef27f99","flac",NULL
"58796b0e18076cf154bd5cd2697badc03424fcaa","flac",NULL
"db607e0391ff924c0678ff3ceb2b33a13741c403","flac",NULL
"5004d91c9b3eeba64b07795a0e86ac091a2be916","flac",NULL
"3dfd974d30085fbbd2b0115fc997d55faa7e5c21","flac",NULL
"beb56055e6ef29bb9bcfc14f2867f33b09ee5a98","flac",NULL
"ae4d99c3dc9f06bef3e79d32483d10fbb100de9e","flac",NULL
"cc7d7909892a548520370d1689b6c32fcdda3226","flac",NULL
"f0fed5dda7413d0eaa3214e8b67feb2d3b2debec","flac",NULL
"3961bdf08b7a14817043cd3511ff26c27980b9ce","flac",NULL
"f403e003f55fd6e70dbab2847a8f7d40df2c0ed7","flac",NULL
"aaa9b4eae0eaac0c708db994af8b4969ff83b1ea","flac",NULL
"fbf730b88970db9973a226213aac859368872018","flac",NULL
"e39c6617139b6e755b1eef4e413487075b6cae67","flac",NULL
"025a76edd99d2c59b364887f694f1e058211da21","flac",NULL
"57d53003708d07f9eeb95e9d9b13a34447bb5391","flac",NULL
"dcaeda6c320254a78f6915ac8374f88bbd1be8cd","flac",NULL
"ce2623a354b7a62030093c292a808607e0fbf5a5","flac",NULL
"0bd6d61e95498ac50f3a892b7259f29984e3a78c","flac",NULL
"07073908ea086a4b34cf2505b7375ceffc0f72aa","flac",NULL
"255094c5a996bc78d500e6c6705dc11771656c12","flac",NULL
"185ca510d0293f43cf0fb2adbddbe3e3410a0198","flac",NULL
"fa03bc84e1275b6557514959fd3101748782ee6a","flac",NULL
"ab46e97623ed9bb7e2f21f9d138502882bbb2cb6","flac",NULL
"57fd59cc7cfaa1e66de80e0da39c23caaa8f8529","flac",NULL
"bcb36c3d984709829e188ad9b994eb2e2ce9fb59","flac",NULL
"92578f1ccba0448f19b81e7561c4d7381baaf37e","flac",NULL
"61c935e9d787a8e4bc40f4f3fcf7e0954456cbc4","flac",NULL
"7341f3c8fd93294762ebaa0def71b209eb543c10","flac",NULL
"fb694ef4b83469de44c3dcb705a151e48ca9245b","flac",NULL
"25c1e3bae87eb87722ff729725ae570f102f454d","flac",NULL
"c67a027918d9d01480b2c5918a9024b2b76933c3","flac",NULL
"e4aa143ebbb212479cee2b04edf30aa049930206","flac",NULL
"548cee7b7768fafc4c25588b27b1e9fff05a76f2","flac",NULL
"664a48a138aed60f6a2fb4a2f6530a9162db07df","flac",NULL
"8f886653d59d775a729d7d20cafed75272b5b1bd","flac",NULL
"c972771d66731091b1bd2d6bb44a4370fa0a8d6e","flac",NULL
"efd0245c0a8924fc1af3d2834bd5934d1086e250","flac",NULL
"ac33adac8a7334832dcbfc0151c0b280a44977ea","flac",NULL
"815d10a77391a4d07559b8d903803ae7ced18938","flac",NULL
"439db1ea7bd83a17d3adae7d35fa7e1645d401ca","flac",NULL
"8600a142c53f4227a0554ba5e42cd157fe4f8919","flac",NULL
"d1c7029b83b8f05bf8eeb9382fecf1f0f69d232c","flac",NULL
"027950008d128d2fb4fec1b048ddefbe9229a402","flac",NULL
"66ae69fdc17f0064966b87a53c6e84c091c01238","flac",NULL
"f1dbab52e555263ffc7600c9b56f0dac97084a7f","flac",NULL
"2ce5df71efd7b79b1ff7257ec1a2b234d06ac637","flac",NULL
"b50340caf2b3db7287ff5aee0db31599d0f8bbc6","flac",NULL
"f09813596e8eb03f4e60756c06037689dc669867","flac",NULL
"79fe607d352c56fb227d755de5889353c572f768","flac",NULL
"a6e5b01a63464fc74a9b8b259e6751216873aa57","flac",NULL
"a7bbfc11fdaae0ccdf9ff1eaab8c0ef4f6884fe5","flac",NULL
"4566e6a8fdf7508edfd6aea9648a8fb928e43bb3","flac",NULL
"f3f7ba02ecb1fe0670cb2009967b7dbd8ffebce8","flac",NULL
"4c0684e269e355f9ca44ff019db16a938a5f1950","flac",NULL
"689d1baef439d0c78576e5f48406608b98300d33","flac",NULL
"2bff151b0fdb13e1f9d816642fc6e1ce0a97d4e2","flac",NULL
"aaaae36cae0c1478699167115c4131479b3a3808","flac",NULL
"09a208e2d3081ed7cef7958ecafaefd9c5d479c3","flac",NULL
"94e378319d18461eece1601b1866eace1dff641f","flac",NULL
"d0aaa4be693d4800d788227580d2c6f1af8f04bf","flac",NULL
"d3ddd8a8ceb196a3965f90bbb9884a6878b5319f","flac",NULL
"21daee4697c922b0c6e02b0ead9432febcd36da6","flac",NULL
"9b6ef28a36035af433bfe02e009d049cb9e6f64e","flac",NULL
"823a4d11c78371e8bbee18ced8f8eb8dcb10baa7","flac",NULL
"636ce29fb3c4cc5bc88d7b6ef6ca2acc0a018d94","flac",NULL
"4cfd5655cec096864c25a55fdb8d04ac018b2fed","flac",NULL
"608e33cd7f5d3b927798b1182631e44b1fb365c1","flac",NULL
"faadeb6649a5080c1817d4f0b58e3709e082b6fe","flac",NULL
"acbf2a1ba8451d93e7a6813cabd5c2b156ba6442","flac",NULL
"52ac1fed8304e22d1d4b2944fa51f147e691164b","flac",NULL
"1903987c67ea0df7daaf96942bf46a657602f8b5","flac",NULL
"344ee996a9071ee0144f5d6be9989841130c5de9","flac",NULL
"45905440ce8e0d6e9540db4c99e67a7c85cd3db6","flac",NULL
"0db27e8b97b973c8220a88228b0a2752746bf784","flac",NULL
"9317fb28b53eb9759466f784d3e0347a59431fcd","flac",NULL
"f9640c537faba3e2bef95c4733196c925b909fa2","flac",NULL
"17e07f4b164e9b5b163225a8e0fee3a4de0b2f48","flac",NULL
"7e1e3604b6c7bfa0d4872df4fdf521e7f5350411","flac",NULL
"265c0c1cdb5709445b57e9b21fc307b90ecb0649","flac",NULL
"1a53df50df5d9b9ec577381002870dbba4b9d91c","flac",NULL
"15612fc904e2a1d70a8767006440f0c424eb9ce6","flac",NULL
"d7b5507cf098bed898982bdc0c5fb12d9272b029","flac",NULL
"90d3bee40f06b6e39d6ad8b5461e0b7377913a0b","flac",NULL
"628dde79a4d88222a37bb4f993970f5cec0b7f8e","flac",NULL
"917f732f453c1a8f0e0e0ec54c897fa4b54bca9c","flac",NULL
"031a3d2397f6f2204a3279d39642211275218fff","flac",NULL
"bb14eb4f5a7a44bdb053a49130fef9a3b6bb3fbf","flac",NULL
"fe1de80ce792cf54db2c035b7de0976fffd15995","flac",NULL
"c401ae3f0be7864e9a9364142590af87fd62f4c3","flac",NULL
"97bad93197d7bc57f480925276934954e36212c9","flac",NULL
"8a30b7f034e54edae9ef8e806fad62a7f01f4466","flac",NULL
"370115186d6b78b54fb5eeb7a590bd0c1957907b","flac",NULL
"da6d1cdf75a044f8f292b974924959318a1f61ed","flac",NULL
"451302812ca51034f882dd1347ba1da4dfa38d28","flac",NULL
"73d79686d9a9b8577f32f5c70b04efefd2b26337","flac",NULL
"5d4053531410187925074d08167d884128064d9e","flac",NULL
"e82faa7ef73367b1831ad16fc8ed24913dffc4c8","flac",NULL
"9361cc8584f705310f64d8ffb75e25cb8e5b6bc6","flac",NULL
"c4d96bfd0a616ff490f6e1d5a3bef7f6feca5da7","flac",NULL
"864d48716de603be5e4e2e3d362585fec6f2aab1","flac",NULL
"9d953841c758d7ce577dfae093917d69c6539838","flac",NULL
"878abc25465bbbfb01850cf3e9b8e78ab9f552f4","flac",NULL
"496e5330d45895b7d2c4587bc324db3ff09b9b3a","flac",NULL
"3cb91323d14dbdeebd87d51a1d4f4cd78031ce97","flac",NULL
"ba00559b824134d7d85d8459f514c8678170cb61","flac",NULL
"ec10c37aa2a88006a3c8a7c57b3f02c039878137","flac",NULL
"b205ab5d18c18ab2a5b2c40fa2198601b2fb344d","flac",NULL
"5560d500bf75e5f065473c3c3b8ff4fe6b5f22af","flac",NULL
"4f3c0190dd666119d6a720f84dff8eba60b66ffc","flac",NULL
"e2a431c286ee88094ebd2c05d8bd52e353f33762","flac",NULL
"27468e75a9df88f778fc6b19531288b71c0cbc64","flac",NULL
"ed8d8ecd26977604fb1995c295a8b1a6afa898ab","flac",NULL
"bedf7ca543973683fcc90e3ac0d4a6147fd90733","flac",NULL
"5908f3904c85d3b7824c2b8bd29d50e4f6a57dbb","flac",NULL
"fdfb151e32fe43b8587a5694b98c0239d09d202f","flac",NULL
"c44fc8bb01679ca834a46bd084668999ac2a85ff","flac",NULL
"085ffcc467e5d2ed3b99fc9340dafe365f6033a9","flac",NULL
"a263cdbbf972d59bcc59f98a4c586fce21a17f31","flac",NULL
"f063a27a5d4322899556e06c09410f4389195680","flac",NULL
"aac31345fa1f9f1c0ac5a5acae6190f224949a89","flac",NULL
"9607af4da4b325580051abe4d7b963fc7b2b7513","flac",NULL
"4d7ff8945046d387ce696ea765d74687aa9b9d75","flac",NULL
"a6b415574d2e75c90acdbb571c2afa8e25c038e5","flac",NULL
"0f06a85a1ab6e38eb458dd4772d1e6c3c700c0c2","flac",NULL
"61dad10bcf774a8c504a0ded295e66eb12c67159","flac",NULL
"cbfcaa6de105472b52e63fa3600e8ee0b0710e08","flac",NULL
"4bb9bea88f41a7a73058a4b8169a9ce26d91cd15","flac",NULL
"c0d0f6372a060a68ec1601307a6167ecfe84429e","flac",NULL
"fb61aa4bdc6b820ce325cf881212fd0b7032da4e","flac",NULL
"efc44878856899dd1d5068b7772a4c2513e056e7","flac",NULL
"2c06f881fd9305b8caf83fe18ee7da531e44b335","flac",NULL
"f7b65db66a36fca3278d47dcae6cf2d9185ed5b1","flac",NULL
"cb7c75d08b436e9d57ecca364511cef1ad6b3ddd","flac",NULL
"ba3e8453f4aaad3be3c6ba6381ffffd5825b2cfa","flac",NULL
"f335c6ad1d8d0e1262a60c6fdf55dcfa4ed51539","flac",NULL
"2d034796b51126b029d76aac8c341fc2b10d645a","flac",NULL
"04ccf5cc98795b17c4c80626a3ab36bea5a726c3","flac",NULL
"dd40d6aaccf7660b0b811f1170e62e3f84008a70","flac",NULL
"5bdb873bb848779db3663ed38f12f6a9d7f9270e","flac",NULL
"a0443444b93ea9fb35b9dcab8f9d4c916ce16b20","flac",NULL
"05acbeea53f8129873a8ec015ed5b3307c5bb849","flac",NULL
"d780eb5e88b86cbab7ca3178e0d36cdcf12b759e","flac",NULL
"184a275419675522f2e446266cb0d9399604b868","flac",NULL
"e2ebc80d75dce051949f0ab65ed523a4328adf9e","flac",NULL
"fe03aab822a63ebba32806fa6e2273ff047c59da","flac",NULL
"5f9fb83d3e971fa33f788bbb4c0d027b7bdc5e7e","flac",NULL
"f14c5458b8f599dd86a4a49675ccbe1d21467401","flac",NULL
"d720f3d25dd30992befb001a2c86d367a3e22136","flac",NULL
"ec83739c28cfc3320112813e0945db3d47c658a3","flac",NULL
"4e8919f8693a840871a580c981ae2eeffd17d0ba","flac",NULL
"6fd88ad7c11c61964820a231e5f912bff620ac11","flac",NULL
"86d0cd11b265bec55b5c9b8d1baeac55b2f3a094","flac",NULL
"b6105a8e94aac9150f44658d628b98661e39fdbd","flac",NULL
"5c8baf317b630afe74cdf9140dfd70ac57383293","flac",NULL
"937ac1cb27169ea4e4350e62138b8897cc9b3ab4","flac",NULL
"63c6b3b6200296bc940c4a6ea65e885f5a7c8d43","flac",NULL
"906615cf637041bef77bfc9e1f1297884a67f386","flac",NULL
"476f462574a2b3afa3d6d30656283e67b5ce3f2c","flac",NULL
"460bdb9ea7648478392a5a37dfa5ea980ff3f3b8","flac",NULL
"4474a9596483a3ea58a51fd910b6dff9b56eb6a5","flac",NULL
"842adf7e56d58704e2d65e69fbc23afe6ab3db8c","flac",NULL
"483012d6fca0e5002c05df374195f86a852a1a36","flac",NULL
"f9f43e1b9da43a43e48c3b6b24fafd97cb2cc65b","flac",NULL
"d605c1c731fbece61baa211f0fbbbea8daeeb437","flac",NULL
"f89c4d7e50fb8dea35ed522d45e3eab1acaa79f5","flac",NULL
"eb8139b804a09d6c8510c09ec64a601aaf06249b","flac",NULL
"c949fd265a5645cfd8c574b92c8fbf7d70c49134","flac",NULL
"856ac5b7005dc1f773b69db3527140e7b204283d","flac",NULL
"44bedc09c2c3b6742e172003c5707dd31a3ae75d","flac",NULL
"d64e6ccbfd6ccbf3cfccd49f6e07408a20b39af8","flac",NULL
"1292cd523a0ff0769f2d8bbce0691270fd593165","flac",NULL
"42ec1855d1ed293d4e11292eac6acf1e287c110b","flac",NULL
"88014cacd479b44718a46dce549bc9aa22a4e68a","flac",NULL
"d00cdc9a86634afd9a55db025f8a2708c33dd930","flac",NULL
"e6ff4a0799ef17279c3990463a7970dd2d93fde6","flac",NULL
"902ad0b42557a51c8ce322a0928f89453d82cccd","flac",NULL
"0f99445d08730d6bf56210b401c196d4983618f8","flac",NULL
"0bc9aac5b5ea622ce3e42fe3cfc9d226918935be","flac",NULL
"6bf02aebdc63a4bf69202451b278daa204ea5acd","flac",NULL
"0b6e85725892027b01ff819fbdfbe39a076f13b1","flac",NULL
"09098eedf17e1484570a4b60acda93ced5ceef0c","flac",NULL
"c0c21bb6451ac97cd791dec650d9208c83b07808","flac",NULL
"3627848eced48e17d29a59cb2c1767692da9e16e","flac",NULL
"3a1aaf7cb187ba688032fc3130356d93518475c0","flac",NULL
"785a4c30eed9d794e9c481de0ce1e48acba98cbf","flac",NULL
"b7f3b7db5ae90bad661e6ebfe64a1f8daedbca7d","flac",NULL
"ccfd70d28c77e392698a17196fb88878d3b4f803","flac",NULL
"21e3770b2efb3dee53a93f06ffa8ff82ee5b6d90","flac",NULL
"7e7c04ae26d860b71caf3747237562c9651fbd29","flac",NULL
"a8e6d689e2a9d5f27696d3dd868f0334e47e91d6","flac",NULL
"2649d42f74c1915dba789a640de523c91053c945","flac",NULL
"85ac1a356eb2b6f722376af5e2d1fabf503b7f95","flac",NULL
"2d5883966bdb3abee2ef0dfd677a303589440ded","flac",NULL
"ce01754a77fd90db1e764db8683b15c2deacc3eb","flac",NULL
"45f6b2bc0a970cafe00747d5a9bc9aeb78ccde11","flac",NULL
"883edaad325f9f7f7c79ef273ca565858e2cf187","flac",NULL
"17ac1de96a1cd486f5711f05e54e2f1a552bcdd9","flac",NULL
"89be535d0c0ffe9322e2206342d9ac0cd10a6efb","flac",NULL
"7934c85699a7d1dae8e4e6e75fc65ad57cde58b6","flac",NULL
"9d32edaa8114e45fa2fb8eaf430dc7236fafc2fd","flac",NULL
"cf8f1b08572a1a12b27663b82a752e0ce07f1303","flac",NULL
"48c6448492c78d36841430d4708664dda655292a","flac",NULL
"59fbdd8fd8372e58d8a18d2cb46fd7e79ffb8b80","flac",NULL
"2d29efa893d03751f806817defd1c5748f20b15e","flac",NULL
"dc5731d72ba9dbbbc8f6cc8c9617fa5eee52c698","flac",NULL
"f005c68c965ccf35f6765ee26e067c422987a69e","flac",NULL
"d1b003d84fd1e0729de61f42a64e5c40758ad213","flac",NULL
"97cecfec421fd471fd8756d37ef04b4f6b7807c5","flac",NULL
"de2b604b9ab9706369e789123d47b3cd2f413d74","flac",NULL
"85b94057f3678c141039f1c480309d4fd7e2cc45","flac",NULL
"2db7283248fa2427d077c07f36bf851973201537","flac",NULL
"573c407161258f418cd95e1ee95dbe0aaf57816a","flac",NULL
"66abd24caedfddfabe56013b0bd0b87e5b6d9cf2","flac",NULL
"6d65c1814a7a518e71a86258b43c73610978fb95","flac",NULL
"614c64e726698547ca8a30ae2bb9cff3ecbd95fc","flac",NULL
"8ed94210afeb0f9c7fefa7d789c0339b1466ad7a","flac",NULL
"21e9b0d3c6f0f0f2475ae2127b60a276238f8719","flac",NULL
"bec9e42dd44338f496cdb7bbdc951c0f0ef549d3","flac",NULL
"ebbda92ba05845400bbbefa643b403e5673b0b90","flac",NULL
"b438ee318f533e63c1edadea961d7adf5cb276b2","flac",NULL
"5649fc72b2ff45191006ce5fbd2257c211f287cc","flac",NULL
"f913a85883de3e082afbe49897c86a50a60c9d7b","flac",NULL
"f6b73d6dc08d0744c6fffc086dc38afcb4b47a31","flac",NULL
"36e840ec2b57b10b5485f9789f6f032668cb3d53","flac",NULL
"e005655f2fb4d0795110c17a2268289e7148ad0b","flac",NULL
"947ca2b65dc0a0fc544599652cd80e4baf40b9d4","flac",NULL
"f01da6d11d66823e3da2249f4f53253d4c20c352","flac",NULL
"81de3543d2cd1d7244e2be8e28f6e4a629f74d83","flac",NULL
"4999afe8c20edb0d9d9bb18f5643d4ef62fce5dd","flac",NULL
"80a1514f83e860fd7ae722d5d0ff2eb5b2289633","flac",NULL
"c855bd10dd479a66ac3f85129ecf67b7da36b451","flac",NULL
"06274b46181e5c67a3a582eb92c0951adbbc858d","flac",NULL
"4c7f73646840f26131ecbcce47a61e2a3cbbd377","flac",NULL
"2f2482d2d7395ed5900c541163912b195b04ee1e","flac",NULL
"9550bf8e20ef42f761d822d9246eecd2bf963196","flac",NULL
"c5d43a3ad9d8761c209bd50e7e26f07dd899239e","flac",NULL
"699764b58dd40d8e3d6d0feadc6de1dde2fe0354","flac",NULL
"5f10c046c7a83ace911823b1a12d6112835ac20f","flac",NULL
"7c84fc146c1505191dfb51e9692d1fb79435d207","flac",NULL
"5947910f8ce612e480ae928f8193cfdd48c8027e","flac",NULL
"ec38e03595edb7ca5e961bbdf20d3adad0c88273","flac",NULL
"ba4813f7d45efbf1443e963f1c733a1fba29008d","flac",NULL
"570e7a86efdc7bd15524acd546cbf85c4f2db4b3","flac",NULL
"fef6299a28d93c2325b9ca140d24b4564841725c","flac",NULL
"950db677967eeaa57bcfdc14962565bc85e7c5e6","flac",NULL
"5c5bc59a869e772d0c658ac5ea116c6df16f3f2a","flac",NULL
"22a9119505ee13331407ee57e7ce4ada70707713","flac",NULL
"2b4fe347d20e60ab263890b5fa3b218048413de1","flac",NULL
"c340b7dad57bcc92f40b0313cdf3d5a1fba3af9e","flac",NULL
"505525656c7260da3b0ca9745d5b5e6fc917cc2e","flac",NULL
"c6b68b762301ca316699824d98c13cb4203b7518","flac",NULL
"c5ece5c7e963ea9898bafe5d61585ecd0d3b1ac6","flac",NULL
"39f0cab2adb8cc62d0303ce29aa5a987334d085d","flac",NULL
"280fd53d9d1954adb00b38db7782b1cc020824ad","flac",NULL
"d7ca95a4f38157f9707044a4a58656c20c49803d","flac",NULL
"7b2ac0d7505a2529f76bb32c49448f7d39cc2ee4","flac",NULL
"3f8e6e6c801915a6effc47da6c8368f685438745","flac",NULL
"833989cb89c0469a306493372cd12cd3bceeac18","flac",NULL
"8d1898150d3a992d94ec51aa93d52a9b69495fc2","flac",NULL
"1eff70bb7e1940825125721e884ee45cf0603bc3","flac",NULL
"c335aa8f35119eacf975b22e4a6dfe1db2825081","flac",NULL
"3a4dc27ac2d9645ceaed1d757af36f470819e1c4","flac",NULL
"db6b19b0a44e4c4271652fe1fef07bd950878966","flac",NULL
"591659aa0212a58b1c9fffb8cd57eb2bfe91876d","flac",NULL
"61d5f980df15f9ecd50369ad8496d88ba72867f4","flac",NULL
"ade58955227b939d9ec40ec077d93a84e06aef7c","flac",NULL
"03112baf6ae36ee8b7ccd28217f75be153d4bc5c","flac",NULL
"d728c33ad941ab3289ddba9ad33dda95dda3d9ce","flac",NULL
"ac2f977e3719a3d3d8e637b4ad2ff12ab08f3177","flac",NULL
"00e7d1e81f1a8c53fd3f1d2abb07973b569e0e66","flac",NULL
"2c60b05a6c101fc5128cb27119e9acc1a2d897cc","flac",NULL
"47bf47a8e2322c2c4c819795c65dfcd54a58bf12","flac",NULL
"f7424fff70ea841042ccb402bde8ee06b2438e66","flac",NULL
"91ff27ab079674435bd8f1586b30afa8f5724e1e","flac",NULL
"1425279b9dd76a1d081cd9f1405134a1bf7cbd46","flac",NULL
"c5d74b16ece7ef29476532a1557fa7b998fcc23f","flac",NULL
"32f229b1116d1eda28e5627ea86c006bbb83f61f","flac",NULL
"9536978ac31dc84e47fecb04a9d8388cab5a2627","flac",NULL
"3dc693c06e2fbea3db7b0135b53ee9f3ad581733","flac",NULL
"57710398614bf887d7144368c54ce8fa0a316323","flac",NULL
"9728b372309e1e421aa464ff41fe56b3840b8cd6","flac",NULL
"f0e2a54c07aa29fcf1f26eae069aa944ddb42514","flac",NULL
"6026d8ff553c7be5ac2d6083f70ee614221c0696","flac",NULL
"d8dfa8c55315410d9a0a66fb5cf62c642e06a5bc","flac",NULL
"5acd7162c82b6ad0f0eac82a461019b2edd5529b","flac",NULL
"de021829796e00bd75deee2e0ca2eb09a28370d6","flac",NULL
"9a1e98c45dcbb8326785a3ec58e99604f390750c","flac",NULL
"01ed7509006cd7d3e3d17924d73a6b3bebf8310f","flac",NULL
"c54e0f8b6edb3ccd6350caf86cb3df777e52d8de","flac",NULL
"b1c032cbccbba6a6412165bf1553f595f339963c","flac",NULL
"836e7888c9b4ccb294a4d6bbe841d38ddf431919","flac",NULL
"fb541cd2884b21d552fac2375e52c86b9f4ba263","flac",NULL
"f1d2fa2f17290d17ce9712a55a3bb8d6ce890a36","flac",NULL
"4793c56388a1725cf9b0218dbed16fb75fe2c76b","flac",NULL
"cd280d954fd827a98e05d687d0cabd94c33ff1ba","flac",NULL
"e6cdce52b7733b2a5f6cb2a74123423b762ad923","flac",NULL
"0509c53ed5cee336af84bb3d311339191c34b476","flac",NULL
"a2a97bb770e2045bb27a341022fbfa458863e3b7","flac",NULL
"63ba18c9b716c847bf329521ff48b06668bf4a5c","flac",NULL
"15fbd6a649907f8fc7ee488a0e7d1a2f811a9338","flac",NULL
"75e00f8fc63649b63d9d2550bed1518b2d18da7a","flac",NULL
"abc6ea5127bfce66a55b146d0ddbe0ca3fcf89ca","flac",NULL
"c48df9330289cd5cafb79ee653b3f96087699937","flac",NULL
"b2773721c75b789a1031bb8eb1428229c12589d7","flac",NULL
"67953e6457536685bc024f594df3c7cf9fb0463e","flac",NULL
"1e3890aa81ad98b0d75909ef65c65c886e38b891","flac",NULL
"0d536eb66115442d2c75b51a82c3e590727eb8f0","flac",NULL
"a9b99e0e96ebe48be71317b40455f4257a887d16","flac",NULL
"668357a28fc6987239b732383773550bc0836a7d","flac",NULL
"f81145ffe6731bc9637294996b7f5cdc21851d53","flac",NULL
"0fa21fde78b877de8e3e28509b6eb7b313938952","flac",NULL
"d8c3b0610b0165039497a318be93380b24434ce9","flac",NULL
"cd18a2d656658ff42c7f45108dd2042d66dcce99","flac",NULL
"9ecb87ba0c376894667ef51a14b378526cad6dd3","flac",NULL
"79e616f2494b67e70a43017f4468cb8b3ed8ea7d","flac",NULL
"57a7a9fce58c722bbc400ea3d499a1a495cf8150","flac",NULL
"9db42087e21f3a4171ad73455ae97775962771c3","flac",NULL
"783383afa00131dc8d6ef2cf9ad6f6b65dccbcfd","flac",NULL
"2674ea4c75366a8d8f06b9c363c9eb16096b6b19","flac",NULL
"90166fec2a38f4e94354a22ebb7e5e110638ffad","flac",NULL
"a032e43b72a7b5edc24e946915b786b4fe85bae6","flac",NULL
"782de0de036b188a72915b0bb68d559708ae94d0","flac",NULL
"2f275a8ce4f2174a52d0f1f164aa7b6bc65fd687","flac",NULL
"c2194747c47b26abe1a499e1327c948d54abf77a","flac",NULL
"e154a996b2a739ff69735a2fc2c58e77c7a94c65","flac",NULL
"69681557a43dd18275b82571865545418367919d","flac",NULL
"58b90b92913c75d81dae725d24deab25e211e314","flac",NULL
"bf522610204d221497a306b470ada806c120a82a","flac",NULL
"49d1601da6c3a28b68c1572d90969b3678ed66e8","flac",NULL
"9c7af7a78c2296145a46dcf095360890882fd1af","flac",NULL
"c7ab85160fbc4b70f3db1953678146b14ff078dc","flac",NULL
"c57bfc0f0e93a25165a0c511a4c5e3cd817575db","flac",NULL
"92ac2197dd3085056d09d68ae5ac825ab19e787f","flac",NULL
"3cb9156490b1056c71338d0cb45a4350fb222ef2","flac",NULL
"6259473d8ab256c893d59dd9447704845a82b87c","flac",NULL
"5f243bc41f301e5b27f196a674c3577419ec04b6","flac",NULL
"413f26567ebb982c7a65b9c82d2a7488ef05917a","flac",NULL
"37605dbcccd119dc726b3655996f4720c6cbe89a","flac",NULL
"ff5b93b803c6df3903a26089b4156ddcacc9c5d3","flac",NULL
"c4450828d13c2cd4ad5f6eb9acda877125b6673b","flac",NULL
"3115cf46a04cf1cac41347e8f348212e51ce7641","flac",NULL
"600fecbf5b8e626ac10707d8dce3675ab660cb48","flac",NULL
"f5bda77c70a8c5c5963b2d43b738390d39c20c2a","flac",NULL
"5d1421f08971c09262e0265ab1a8cb1ad265a89c","flac",NULL
"08bbb334f542f94d1df8172c7dad699adae749c1","flac",NULL
"220e3bd557a25d188f4daef605c1a4be3954a416","flac",NULL
"b8e3ad401b4e1a3257efdd9ffd7844061e88e685","flac",NULL
"8f862f88f8d1927b1e378fc698869c48c723bb01","flac",NULL
"db4dfcb42ac344e52f00f3daa1f129f76eff3daf","flac",NULL
"98db63a36b475807b69ff31e8f8401ef430ab3d9","flac",NULL
"9492d8a9cb455dfdc8f63fe24e5f8b63db7c3492","flac",NULL
"26c05b9c49a2ce326f02c537525e8877602be58e","flac",NULL
"75f8b53ee0294920277c1bcc66c274e6d61966c7","flac",NULL
"03c8d4d5b3af04d9b67d0512c84a141c0020bcc8","flac",NULL
"4f9796a25ca5675d868b0b28dc6ba605de1e5f6b","flac",NULL
"f523575a201e98445c48e0d4227a21584b3d32cf","flac",NULL
"7620ba320874bb96b0a9b03bfccef20a5d661ec7","flac",NULL
"d91fc3227d8fa21ad8f308c277086c8325f75855","flac",NULL
"d6c44fe870520e6be1b1d7f4ae39459238e913d7","flac",NULL
"53cc7cd94ca075ee30393d86f66def561623b228","flac",NULL
"30dce7a09b32cd315a433cd0a811374666412506","flac",NULL
"4fa21ee0b65bf169bdfa241eeb5ca6b67c1d6b7d","flac",NULL
"68c1c741f2d60c998775e484a3d0df7491779079","flac",NULL
"392e1d5a7452a6be67179f637f3e37e4eada9d0c","flac",NULL
"607d593446ad73b3e708f9711a8b5023f0539f53","flac",NULL
"a89741abfc76cf13b079edf98739631af4b1a860","flac",NULL
"49791d045daab08d6b7c573b6cb2eef79a87c152","flac",NULL
"0f0c9aec3eaa555cc87f3503d7c0a753fbbf05b4","flac",NULL
"882f45745767466b7de4f4787a7e079260add9c2","flac",NULL
"91a31e4c74711d1283dd884450b74c5023f66072","flac",NULL
"0e24e3bb0aa6a5f8701c97c063b4ca9a7abb3b05","flac",NULL
"b5f0f96ba49a7d39d13d9d011a7f000943ed7ddd","flac",NULL
"064b4e491a590a53783ac18d2d3a356fa5f24245","flac",NULL
"59e484f067c50b9d8e445a89911f31468ef728fd","flac",NULL
"cd485cdad18843b605756b33932c380a5f31ff78","flac",NULL
"edabc92bb90dca05802030340a53e04fc8428089","flac",NULL
"f932a570e242bb6f0002e71039b90f8436f6e713","flac",NULL
"d6678c1fdd05c8647c7aa3f0f6b80275dba2b9c1","flac",NULL
"086cd14226a6204102da7a0801bef3444b05cf3c","flac",NULL
"da74eee534dd6c6e42e4151327fd6c91dcf91a31","flac",NULL
"9d89bb48b705bff98163a5c075afa34ad9c80742","flac",NULL
"cdd120961e42e9b1f91648756ccb88e64126b575","flac",NULL
"c7eb67314568dbb012c022c967cc6937edf94f76","flac",NULL
"a8d47e645e7a866e413ac5fdd3a2fb4ed0956f39","flac",NULL
"18ad14b5f73d2b3b570ba16c7d8bdd874c291f9f","flac",NULL
"983f5b8ed6e36bd5e121f804e6d6cc188e87748c","flac",NULL
"ca32557df4d07f7592252a0091d03a178b2f6aba","flac",NULL
"b8be4acb07a07d3eb1f3a82e7b64c6dc45127cc2","flac",NULL
"ed29179b575cf7b9046c4ec95ae03a68277ce7d0","flac",NULL
"9cab7cb42bd29f69534ed6b4779d148265ed5f8e","flac",NULL
"7d4a53ddc8a4fcb2c6c1569c1363e77be2a26c0e","flac",NULL
"394e092e66b96f8ae3ea15ef5fc3aa132de061cb","flac",NULL
"dbad1bc1e79d7f7fad1c3097f69c077d54a63a14","flac",NULL
"4c139c032fd4a42d333716fdd259aec83c54e9e8","flac",NULL
"a55da76f52051a758f1e381f22ed493faa0c799d","flac",NULL
"d2b3a5343426331c52f7c630dc403d7743f6a69a","flac",NULL
"4a88b0a0d898f7e67ddbc24f5d2f469f86c2188a","flac",NULL
"9b0adfb858e9a4ff64ab070f35d1296965a32f3c","flac",NULL
"8d32b1c34903b9ac35e2906694784c920b00566b","flac",NULL
"9bd3455bf318402cf7d2ebae801500b5b5e64457","flac",NULL
"2734ddb3326d2fb7867b7b41118385e155d0ecbe","flac",NULL
"554d9b735be37678b0d62ea35ad5e4a4b458ca12","flac",NULL
"ebe0c41bfd7b35180518b27ecc304b6087e3ec78","flac",NULL
"f9e3173856b1a6c3e5186413dd71ea46d6b63508","flac",NULL
"6d3d13b7105eacb675c99f3ec520d73f0b037ae5","flac",NULL
"b4e8f67a2b62ffebe99a97d0937861b04ea12f09","flac",NULL
"5fd0602961e9e585fd1b004b73c7343fee54d006","flac",NULL
"c598201dd4196b839cc953fd2ed01bb4919d80f2","flac",NULL
"3dfa6a81f6ab10ba8b9af233bbe0ba53aaa8ea18","flac",NULL
"959c2f80c26acdd1177cc3ee0909ed272166fa7d","flac",NULL
"692042e50911aa0beb6fe923bfa50ea5b922823e","flac",NULL
"28fb3c9ea7f297eb9b5ab3793ddcd974ee71714b","flac",NULL
"4afc67738a6e329bbf11a7c99b045845624c51ad","flac",NULL
"6fed9dde82097e56be6b4a1c2f580f2d07c7c2fd","flac",NULL
"1fbad10a4f74aadec03018c98b4655d96db63498","flac",NULL
"65a6117684be5816f3f55e3e811049106d4320a6","flac",NULL
"bf99e2fdf056d53eb5467292012d901cbbf09be9","flac",NULL
"af3bba36ed5188f3bd2c18ade0ba9f3ec27c3b84","flac",NULL
"8c305e2fa9d1b57a837767154db69c3b64a8c73b","flac",NULL
"c23e04b765dd6dcfa36ea18a1759e2c63181c86b","flac",NULL
"9a2b68ed38f5fdfa8260c9b50e71ca2744c6f96b","flac",NULL
"b59fd678791befda48b74b5d29523baa78b70470","flac",NULL
"83a1c6b2f0ebfa1cd6244c49e0c55a7ab4af3742","flac",NULL
"76f61674e1f48c48ad1ff3b53bb22701bf20f78e","flac",NULL
"f7ffe46369bfa7960db829e762464e38a3b340fd","flac",NULL
"6368719a7ebf92ed26bf85ebe086dde43e026423","flac",NULL
"38fdacead68ce085c1e3ad70b3b6dbc101e67e95","flac",NULL
"dbd0c7f492d984a3896493a48871fdcf9c97aff3","flac",NULL
"c5d44da4842341053f33a17bd9abc8d2dca49c09","flac",NULL
"097d275057069c9929db7bffe997a584667d9daf","flac",NULL
"8b8359d3cf160fae33f0abd4599c67bff3ef51d7","flac",NULL
"7bf5a320729ba8b1ffd2bebad245395fe03ba573","flac",NULL
"c3571cd058c2df9859844cdb2a011b55cb42d04d","flac",NULL
"b7dd21e8db286bef8252282943fc7310c25f2cce","flac",NULL
"9e0289090cc7e4f851bdaaa0c105b19ca3f26386","flac",NULL
"d154cf8be750ac49378adfe99461b0acb14d04d1","flac",NULL
"946c140d0604bc8c54a732589dcf7fb6188b3ede","flac",NULL
"33dcbf50ee12a6623efa2e2982621f62762dea29","flac",NULL
"3882d3cd5594548df33c21fd77fb208d13ac0448","flac",NULL
"44b8feb5b79c4436c53f6ea7bc953c9b1226b730","flac",NULL
"5284f1116907a209fcc9b26d83415855871bf256","flac",NULL
"7d972f6d1b81d440f3d901b207eb313d89aa0016","flac",NULL
"c95e19ba76778738e6f9f5180f6a832636b024e8","flac",NULL
"83f829c29bb5cce7e13b8cc09359373673e0fd11","flac",NULL
"85f119b0656630fe60343fa89cb1cc96504673dc","flac",NULL
"7c2b5a70807fec0451cd7ec5ebeff0ebf47a8b12","flac",NULL
"e221c22dde853cd96e6c55ed9e99e0bd473d7a22","flac",NULL
"9ce54cf5330c3797e0060072c1c34dc9534c979e","flac",NULL
"43ce5c587c79b5c89acaff984a9a5fa1054868d2","flac",NULL
"cccaf5efc183040506c25e288654bdd00ed6b496","flac",NULL
"b50b1c736c51fef510f3f708fb7f35577755253e","flac",NULL
"c4f4672e4776adbbaee7e83cf2407dfdf4dbea1e","flac",NULL
"e4a84c75693013b24c4e0bfdff042535b7cbfe67","flac",NULL
"1840fb4246237e99f6dccffd8f287a0d0ffc9710","flac",NULL
"d9fe1684aaf392d70949131407dc8c1b1dbe3ccf","flac",NULL
"546c764710b695e2e4a2e0a7c2675d671ffed454","flac",NULL
"c6ffa1f35a0971cce6d3da089e012b63c7a5aceb","flac",NULL
"425a86c6ca6aa64af6d0db0ee3368cccd86bf56f","flac",NULL
"9a159e63b951d3281067001d833fbdefceac1e8d","flac",NULL
"9af4e5a05296e24c77b074440ebb536587ddd04e","flac",NULL
"43230e344eb87cd64609faa13443ec3e35880838","flac",NULL
"9d5686d7973dae25bb6754a4bdf75b8a3f74f333","flac",NULL
"b74aa854fa405325fc9ca4d0cc171f5489599b84","flac",NULL
"066073bf1b6034edc266aa0a3cca56aaf6d278c7","flac",NULL
"9b615e759cfe39785dbbd1357df7b7b88035ebdf","flac",NULL
"299d219b7801a848c28f3a14c37d5bba1ce7fdb6","flac",NULL
"c3f3a44efac1cbdea9cd682c37a37ec9762467c1","flac",NULL
"8b28cbe9c5bf3d9a22998bc75b329c536c944c47","flac",NULL
"8c5ab4b84172e3b39762337a4b1b65071d96010d","flac",NULL
"6132822338f06ea55cc6b1d258858ade9ff4b82c","flac",NULL
"9b7fcfd2e5bf54d15542e42ad58e13e9e27ea63c","flac",NULL
"cd8bb26fa2fced2825e6c4552c9e4d975debe703","flac",NULL
"1eaa3130a5edf8039edd30492c35f6577adf475b","flac",NULL
"9ac246470de340404a61388ad506d4b488a21896","flac",NULL
"a373c5ef56c02b943e4f0926eccfe33545c2b005","flac",NULL
"1a1e2bc8082553de424ded86cdc9c0774b779bf8","flac",NULL
"892f8166087b4544fd47747f99a033feaa098d4e","flac",NULL
"e32abf836548a5c8c4d4e7b279a87be2c85eaf77","flac",NULL
"d0755ab01150f48483df3a00007253aac8d7de59","flac",NULL
"5a32a12ad0c28eac6978d0cd9c6bb6525ae395df","flac",NULL
"3bd0da0b4a78efa49286611368e507ffbd35e5a2","flac",NULL
"10ffd1adb9dcb5b743de2cbcbd3494adb36b0536","flac",NULL
"54289c4691f71c1b8031c77df24434b1dd070aeb","flac",NULL
"1f2f7b9fc9ace19bc06fd647cfb385b7cdca9e7f","flac",NULL
"9a73fb8efa8f53e07e9a82763ea98053aa70c089","flac",NULL
"45d32203941eee497f04f67701c2da158052571c","flac",NULL
"ad932505c65e38843d3d3317db1b83c926320837","flac",NULL
"5feda0a0d966384ff273b9821c6fe1f855f585a0","flac",NULL
"b00e7f6b81673d3d8608721e160b31c2e4a136d8","flac",NULL
"d72b45a1c697b604cf13312645067c36c4779600","flac",NULL
"76273bfff34f049a2e8a666cc2d9c4ec9642d864","flac",NULL
"c4a2d6b48e410f50ce07a46ef6f3989f633e5458","flac",NULL
"a1ba06776a487ffd98db8eafae982d13e0147dc1","flac",NULL
"b846a79e8764bf122e9da8d112c3bf35b6c68aba","flac",NULL
"6f2654fbfcce8ca8778ec0224475ad07f07736bb","flac",NULL
"58b13443f2cd9511fd13e47695bf2ff8606fe523","flac",NULL
"b7ed548f78ec87b178de50d12674ca98874b9350","flac",NULL
"b3b39e1a28d3eeb46f9efed9f3e815cfb91724ed","flac",NULL
"79ea088648b7a0fb64ce34a54758b8c273abf5e1","flac",NULL
"9ca7a29876badf08bd794b828e2169ae887a8f1d","flac",NULL
"db5fefe50e52b6984895460ad48360c859b65bae","flac",NULL
"b41e7e1c595e58c2cf49d12691631f4ea7513d5a","flac",NULL
"bcb44eae6913079a12b9f2f68b133c3436321048","flac",NULL
"00d4f040742f6f4f3ac487b956d89be22530763b","flac",NULL
"698901cb8b2deb1074355d1e8b08ea163a19280f","flac",NULL
"0e056f3ddef8952826df009786b3ab9ba72621a9","flac",NULL
"056170809bbd07eb7811b91aa6da4055a14886c5","flac",NULL
"e9c4362a187fc807ffd07658fd37a47ffb0baf3e","flac",NULL
"11d48f60f6d6f59366e4cdf5d535e541addaa6b7","flac",NULL
"287edb03c409c877735e2366e2e7a02c11624e7b","flac",NULL
"f2996c7cf6182eb919cdbe80e247f67b2e9c3bee","flac",NULL
"cbc10d9e5905ce2cc8b26fc2acae521cd3affca0","flac",NULL
"2ead820e80ae4267ac0ce2a7ad7b41fb776be12b","flac",NULL
"5ae46286783bc93f1e7042248969d0f2972913e6","flac",NULL
"15033777dd9ca6b54d5842cf53a598af05fa1ea6","flac",NULL
"068afd51ab6938b30e3be64947d9f3ba58936eee","flac",NULL
"d94419263f01ff51c3730c2453806fd2cd9944d2","flac",NULL
"74f6a5b7e1093b6536ad3a0dff5dce2dce7d26f7","flac",NULL
"6459a3f1a459656b084c4cc189327ccaf9886855","flac",NULL
"8ec92e9e796e9f372ceb087072635cf5460822a8","flac",NULL
"a30fc29247c3a924477c0b3f677d672e22c60add","flac",NULL
"030ce897d5d67fb11a38ce17ca5220a790d66827","flac",NULL
"aca7294d1bd890810c1e14fe79e88c87467423e4","flac",NULL
"92d298de330a61740e8cee070af62d8e49cccb43","flac",NULL
"988a83e3eb309515583d737a9365c57d916a1894","flac",NULL
"21d0b8900643ad40a51235d234f9efecc3943e57","flac",NULL
"7fcb60aeaefa88504692bf93daecb84bfe30b620","flac",NULL
"4bfd6de3fdba0414126b9ed2f6ac9d4a1b357176","flac",NULL
"352a67e6bf3a6aef7cdb8cc9d30790c32076f1d6","flac",NULL
"89bed6706fbef257f7824b065e027481ae555ff2","flac",NULL
"ca52dc958a7fb582cbf46dadfe9708c195811bff","flac",NULL
"ad443883fd28e7c8e49b09c3924d64b468fc8f09","flac",NULL
"2b914844ad93386958a6c100dcfe09bc48f64357","flac",NULL
"95a35c50b6b6a90a4f4644e02d3e9a7bbd446d4d","flac",NULL
"62659c6e6f172bed000990e1f487a6262814ebbb","flac",NULL
"7c0e0e65a97200b27ee14a33035a4f2762e89832","flac",NULL
"f474deb56bbe21e7b022ee81af2bdb206aa88f17","flac",NULL
"732b3b2d707ea6787c44c7b913d11767c1c08386","flac",NULL
"9a3d8e4896b653da8e0a8f9593c2440e0b7c25dd","flac",NULL
"81272da8ae154130119ecb9d5490be180a647af7","flac",NULL
"e7a0a4502a55b46bf6db776729195d32b624355d","flac",NULL
"58775d8072a65346ad12effd9182cdc38a006af4","flac",NULL
"90cf5d10afa6cf45d8b38f37b156b8c25e937335","flac",NULL
"7f4f010a3034ea102b43384f624f08d18974fa56","flac",NULL
"ff4af22d081980d11ed6d7541563d842c426cba0","flac",NULL
"8b339338c4d19ab1a84d6bded8c7f93669f0403c","flac",NULL
"3196ef251a0a5ba60981897cf5c07af29124fa98","flac",NULL
"6633cd72bee807710fa5edd210ede97acacf197b","flac",NULL
"b2e09a968ef29b5c659cdc87b81a09d5372284c3","flac",NULL
"796c1d80092d4ccbf45a2ca20b3eb3c1a84cb124","flac",NULL
"1ab512aff759362d28756312e38f845430ecab75","flac",NULL
"862548fc4e4107a816704d38809d3fbd521306e7","flac",NULL
"c00e6bc41b6d5cd673bece244844590d7f0ccd63","flac",NULL
"a63fd4b08d2ab4881c5b780abe1a449bf2462ec8","flac",NULL
"f060d7414e6a71d1a0fc2d151a2578170954804f","flac",NULL
"d20d1624ee6651da20b305d3d36e6b2ce8887d0a","flac",NULL
"12236237ccadd74e27b84bef4a3ed2d46db20354","flac",NULL
"3603710a486c99b56df1727117e3ccbd9212589a","flac",NULL
"de353ecd3bf7b6fdb33fb293886940acd910133a","flac",NULL
"cd4b986b294029028d816653332d7ad2efef13ea","flac",NULL
"a7a06b853b7d3283e37828300643aa97bd76aa37","flac",NULL
"eb1d41b57c4cbc4bbbd119d38f16133d272f7611","flac",NULL
"1adbe48b471f3a2c67dd43bfce51c51eaac85a68","flac",NULL
"fdf450ca9a1c6abf2c27c5c54516d74591726cb7","flac",NULL
"c604a4939e7f678b36216a3a3e2bdb6e573ea2cf","flac",NULL
"7252e8ce817dcdd46b121577acd336ddff8a9162","flac",NULL
"aeaf2a1da3b9dc375aea2986bba14e83985a35cf","flac",NULL
"24aff179ae4fcb3454b0cefc47e8f907c33337ce","flac",NULL
"0d33c8ad0acc91cabc2c40f523efd2dbf4778fd3","flac",NULL
"6dc63a8099e8e8c9ff822fe5d44c311bbfb16fd7","flac",NULL
"935c5cbb5f5ea0083ca601a58abcfe5b5eb1463f","flac",NULL
"188c44df778d662fe1af465620118a27d0182265","flac",NULL
"585c93336c5a2bfce6594aa6919fe3369c16135f","flac",NULL
"398e630a586f70a9921e60671908c0f524c2c9cf","flac",NULL
"56f7347898527be69649ec9b639371b08c3014f4","flac",NULL
"b02a63818f62d0e98c353ad6209e9cd0722a0fd7","flac",NULL
"8b910f5df4121128818665994f85b4be3829b990","flac",NULL
"2cdbb94655736bf435538194c80aef6fb5b74ea9","flac",NULL
"21fb412d7e045ecd17ad05b29efd8f5655d6c78e","flac",NULL
"148354967ed9c28a8686d0ef4fc7a326ea637b7b","flac",NULL
"5ce8167b49064d0a87cf0545beb1cda4b202c68f","flac",NULL
"e8c61c58b99461f8ee6712c4ebb33a1ab1a2a01a","flac",NULL
"8c3e71ff26c7f77c3176aa76d80724e7131a6a11","flac",NULL
"a85048254acdc9538dbfc0d12c9901fe1630d1aa","flac",NULL
"7011e720613afd586581adf3c71602f613e0a4ba","flac",NULL
"9ddc2fc5d1c9c8a9deeee91651e6f14e94de85c8","flac",NULL
"df2fd247cdb652a2747043f53ea1df8cd5b5712d","flac",NULL
"1b7b5b9bf73d1c9c4aae44edfa3fa91f2a2fc916","flac",NULL
"6bab025497dc234eca235043b1679c89c9ffa2b4","flac",NULL
"b82f33ade68463a316b36faa9c9fc775145e91d5","flac",NULL
"b8057816cbd206f30e548fc8a9d7a86c557acedc","flac",NULL
"87886701499bd59ef7bdefb2ed377b8b3521a5a0","flac",NULL
"84491eaabd08ff9063707df65b7070297540ff3b","flac",NULL
"c93a45c8eb967a7feb98c7500cc636bb30d0c4a1","flac",NULL
"50cabbb4afd455964f17f00ab8121b77678a2117","flac",NULL
"7cb4c1f6027d0d742737666ac6daa3fb74262315","flac",NULL
"5dcf1d418b92a92cba406e6faf801a5a12ab9455","flac",NULL
"2eb4e69f81d522eda8965fb3254feff0e0571649","flac",NULL
"8e3f29b445a7bee27ae5de56ebb74257ad03889a","flac",NULL
"3bd9140b42bcf4c9f3f0339fbc39a6feecd8b9bd","flac",NULL
"a345c7e5f81b4fb5af7a896f1d27dbbe49dc2a31","flac",NULL
"4f68bc279b3a3d8a2bd9d9a9285ffed64a527115","flac",NULL
"98e9a3aa48e5f4e8a0f2b92d87e9c30f628415d3","flac",NULL
"f6aa95bfa4d8884a96a890910b315cc886702b8f","flac",NULL
"21fdaba652348aa7faa491d1e2feac52cca1720d","flac",NULL
"b07e3693a501d6df304d933014052f0abb2454b5","flac",NULL
"0085cb7cea26fb43771329a837b89a94dc798dfa","flac",NULL
"d783e0ff699b2f49010ac1cb30be6449f27d2264","flac",NULL
"55c2ed185795cf565f60b63e4f64e6ab6deaaf84","flac",NULL
"ebacf12809d3c63852b653cc2dc8de82eb0b3046","flac",NULL
"8b4650a8555117f381e0d5f938b938f85ca05f96","flac",NULL
"81fb6244b4bd5a951ab6b81a26c9916b188576f0","flac",NULL
"d1dd8478337ff1bc90aad25767406267a88b04e8","flac",NULL
"e63e7a55733c8e083f0e46e0770dc44450f4f285","flac",NULL
"1b68fa1f2f271f519aff2511ce5de9fd1c6540e7","flac",NULL
"1e0a781d5f0a755162a5697dc9ed0a5b34929230","flac",NULL
"604bfb2d3ea1ebaf532f14b24314f9201f4b3fd7","flac",NULL
"9ef6e34791e98d1f3adcda4b4f664ff4fafe3655","flac",NULL
"17f701c762ab80e109cf485cf519100430679959","flac",NULL
"b1833db5050e677c24cc2b7c832bea5c54d469bc","flac",NULL
"ac6981555f0c06cba8501c7beb6e2040f80bb47e","flac",NULL
"4aea232b30c688824935f5e9b6946b1f0be9cb40","flac",NULL
"376fb250b219d99464e987dfd070902adf5832aa","flac",NULL
"5e01ee5bc979bd92ccf3e68826e7929184b43c36","flac",NULL
"0b6d99a559f052a1316c6f9e12deb3141e6dde6b","flac",NULL
"56cac3a77efe70bb76b1ab47f05d9f04599cb6b7","flac",NULL
"d00d4a3d90860e0f2f97c650c86c048e53a7c2cd","flac",NULL
"fb8d920e3ae14d4959643097f06eccccbb7fd7d6","flac",NULL
"4148ce7c6a96a4bcb102700a9e585a6932a6963b","flac",NULL
"8148ef3f065629d5c92662df9eefd9d7684dfafe","flac",NULL
"0910ddf067a2ee8d185da655b328cd8efd3a9ea1","flac",NULL
"2dbf3fdf1533d91701dfaee59890deed18cedd7e","flac",NULL
"767937aa721e38725099321ea8c6eb8421e1e889","flac",NULL
"d0328c5a39f1418ad7dfe36238aae2f5c01f194d","flac",NULL
"1758c53d5c7654835ff5c7342b870f3bd2e0ae35","flac",NULL
"d390efa605d13890bc20e9b9a7ca96126131a356","flac",NULL
"7122b89e194e37636eeddbb475b360dcb5472b7e","flac",NULL
"ac8ad4b9a2105a8d8926fed4e8cfcaf466d43427","flac",NULL
"67269d114e7e963f0290d18f6ddd9a65783f3975","flac",NULL
"2210d6108c76fb0d10bb85ece2c04698b52e4185","flac",NULL
"1398ef7271a9a977d80d6e741c8a9ed8bfc76655","flac",NULL
"8fccf31b9a622d0e5c915ea56d822e8621827774","flac",NULL
"34338cb02f3018005db14125fe060e06251fd06b","flac",NULL
"fbcd9a2241b7480d750d76c3c044f68ef5642505","flac",NULL
"cfba7dcf1eebf65a4a6a4a25f30c221a6fb41e84","flac",NULL
"0cd2e0d61ff9b2fa90e684f217e9eee27cc95305","flac",NULL
"97ebf3dbba42bf8ec4de32cfbf4e60050e9393a8","flac",NULL
"91b64b59d6e3888b1c86579d3212a39dcc2db9e8","flac",NULL
"e4f2cf55c7d97891d305e23961929457e58137dc","flac",NULL
"77d88dbc695fd2419b116b9fc17a2d261e22ead7","flac",NULL
"2b2fddf0a72368a9c84ff85004c2219989f4266a","flac",NULL
"8bb02906dc628f6f743d13d530674e1ac1c8c620","flac",NULL
"9098b6d37e75004c967472cf0a3c24f64ffd6807","flac",NULL
"21fcfa845acebf487ac1604be091bef8e2170cc1","flac",NULL
"51a3c073eef606b3fbebed8062f440c30e032a6a","flac",NULL
"4c619d2ed5d4145435c0609e855ed1f8bf1f5cb3","flac",NULL
"0c26c7f7693fb42b24c49898bcf1c8c1a4e7a73c","flac",NULL
"d7675605ab7fdedfc7f5be798ede0c39a828974a","flac",NULL
"c318e249de495cfa2ac93a4f93e63f1e64d1c1b4","flac",NULL
"8e074b9d3a38cc6873088eb58e28af71b4d7b0d3","flac",NULL
"e0e7bb8d7a229f6c721c8c803084f42e2496cc34","flac",NULL
"ab763751fc7240dd7c1614e2961569d21afd6ec6","flac",NULL
"4dd1a906eee6bba2cd0b31efd7c60e2d27e537e5","flac",NULL
"84d727528861d7d449e59a46ad9613e9c43be0fd","flac",NULL
"e0339a9c74c54a1ce488f2ee062becbfdacaea93","flac",NULL
"7d798d225475ac08ef119275fc0d4b842d4a57c4","flac",NULL
"d9af39b0b0f2dac665f79dc42e3364fc1de6e284","flac",NULL
"7999720252dd64481d77c60607dad97d25481a39","flac",NULL
"6b036496ed60b305aac66551a0ef36f7133612f5","flac",NULL
"938f4653ffc80365bb61dd976378f0e7b4e4fc2a","flac",NULL
"d7a413498549cb7fd257932c81ef0dbc3e4f7f25","flac",NULL
"0be2670cf7c0725933f550d363d378d12679bfdc","flac",NULL
"c9f7cbb628689b8bd9a0221a570348a481819342","flac",NULL
"f3a20edc753a9992e147ea7a450e2eea7fab2223","flac",NULL
"e06dfeb75f47bce82eecd1024edc46c8d866f3f6","flac",NULL
"3087e566b9c8149a2e69c00113f8bb9b1b5c7a84","flac",NULL
"49485d3f9cdbbf8145031c687ee197dd15286941","flac",NULL
"d07cde0a47008713b604572b217c485eb1c2a8f9","flac",NULL
"090be75cdb8db04fe46331f947c53c6b2914d39b","flac",NULL
"d703526eb83713391b452c3c6e158066f4e65768","flac",NULL
"c595450ce5ba07fbce8f577d8071dc0edf6b964e","flac",NULL
"9481c9974c10da2fcdf1e23790b2ff75028dd325","flac",NULL
"5a87773e5d76a80bea60b223206609b3351c149a","flac",NULL
"577ec8f53b09e017366a5a99c55230dad2f0ca81","flac",NULL
"c34d3185fe2180889539eb3c042441c1e8e28b7c","flac",NULL
"4ed8967bc35420f5b6548f9fb2da9e282327edc9","flac",NULL
"c317e2d04fa927c0f60e2b90b7b0b94b090f98ff","flac",NULL
"f7e72014b05121de0cb516c6d9833510b925604c","flac",NULL
"4de4fc607f33edbfab457927a55f7316be3bbac5","flac",NULL
"9d5ca073e4323d02d325d9275a1d0badd2fcd480","flac",NULL
"0a1accd924bebd8c73dd0e2c9912aa590cae5315","flac",NULL
"3ff4df66446db3109d0ba58e2ecfeaf3d1f6dce7","flac",NULL
"3208595bc97eceb9d7d133e734b84abc592b4349","flac",NULL
"b62bde69043e5a59f52157f4e61b764f29750d1e","flac",NULL
"8a193317ac952bf1afd7ba4c97c2fc3c521d9f73","flac",NULL
"e1b27ad9401ec1b973eb2f158a8990185ec647d4","flac",NULL
"dbcb5daa36bc46909b385f27fdb29df22f9cfbba","flac",NULL
"c313852c4128163dbdfbafb4cafe6b679876cea5","flac",NULL
"3f96d31b89435a8b760a97d5a0aa2aef7edaa13b","flac",NULL
"ba09f2bf7f8f8647f5413491cc2de184b3ef6da8","flac",NULL
"b20f56a74a826fab4d53ea096dfe61394de0cfd5","flac",NULL
"296b7ef11681258ff52fd3d714c4da11e099ce8c","flac",NULL
"e9918d4b03c9dd92c9ddb611f6c7a3068bbaec2c","flac",NULL
"34a4965245b9e1bf7778c5f1e041fa1668ab4e0c","flac",NULL
"82a48abfcf7f6b75233a451c8d5013dddfccf121","flac",NULL
"aeff3f56a2cab4ccfb8503ace4a8d2f7738fe16c","flac",NULL
"fb9b32f1a79e27a114fadb99a573755a78bfcd81","flac",NULL
"9e8a8784d23374a37076c2e2a683881935ed2292","flac",NULL
"2086e3262beeb0fe744491df47e5b8e6254e7fff","flac",NULL
"5a9b0640cfa796c1812e2f82f2f71d2ba1d3fc4d","flac",NULL
"5e5d8d799a8dc158f39e3434db514864a67210bf","flac",NULL
"10651a907a1bf9bc9582a8dcd2d96ec7357f6f70","flac",NULL
"e246d10c22b6a6309cfb8855603ee595418fa2ab","flac",NULL
"6fe36cb0c7aaa6f2caec3438351d0011f32a08de","flac",NULL
"1608d974c2f4dcb67ec34fb2ea185cc017d2a06a","flac",NULL
"0655d074a19d905de834f416f07f73e737afcfa1","flac",NULL
"fdb0bc5f75a5960711a84423bef97c73c28aeebd","flac",NULL
"9f4b0a8ecda257ad93d62f7573a7441a17ebb8db","flac",NULL
"014d400dc797ecb54261fab2ff5e4452bbd83b98","flac",NULL
"f50356f4c4a04e858ffe7c0cf73ef18f89bb06af","flac",NULL
"a718cd1feb610b0b28d1fb168b141980b113fb92","flac",NULL
"5076a7149dd19d39b72c0a85d471ede0b07fe7ef","flac",NULL
"d37abf11d3f53f8abe0b49fac53be8af9bd9a80c","flac",NULL
"e9da37f1fc00c59d0610d931efc794f2b7b189a7","flac",NULL
"9e29509ed55848c00bd2901b91609f5c90f7f28a","flac",NULL
"3214fc1b5768684d2f5b3f3a8bdd2c1b4ab6d2c1","flac",NULL
"6590697420a311e0b4758bb219ea63160188c272","flac",NULL
"d307aa55a43370fc07613c8cadb4c7ae7d49a0b6","flac",NULL
"65cf580c2e211d6f0d43162559dfe320a0db551f","flac",NULL
"3200eaee7ced659d4b0e476868a92f2f51702110","flac",NULL
"8e7819e67b02867265e9737ed17524965c7b6327","flac",NULL
"9572614f816aa7a33cc14ea10f71f4f499ea8016","flac",NULL
"0dace64fda72ea12ec2e5969365807855a622ec2","flac",NULL
"adaedfd37de343d03a915d0bceec9fe96f8d77cd","flac",NULL
"6240af04ec94f14df649deac23c585d2b3593d9d","flac",NULL
"3a0beb1b1bde978191d62968258eba631a597a7b","flac",NULL
"18375c8e44ad932f269c6a735b2f2e2405dbd4b3","flac",NULL
"21118f1dbfcabce0db760a1adac7f93494247f5b","flac",NULL
"39125abaf511ae01aeca6ecb87cd9b7da383862a","flac",NULL
"c5d37ded041dfee76e26142fdc4b104a0d492822","flac",NULL
"00b29b77fae5fa3ec5662d882b29a577fb6f2c76","flac",NULL
"a94e2bc65033fdeb6d88ccef7813f235fe0f0387","flac",NULL
"87d63e43fda4541644414bbf7fe96e337e02bc49","flac",NULL
"3f24824894d5ea83b205ce6e4cfb0008631824c3","flac",NULL
"277cffc43dfa5cebb72938070f593d7064a8e196","flac",NULL
"1ead77dfd06fdd1828d8bf9354d593e05882aa7f","flac",NULL
"6e4135347f3e67e60eda0c9907ae25f72f29fba4","flac",NULL
"b0e38c249dcb317310942a907cb822936003b05b","flac",NULL
"036f4134a0249278c2dc59dd4babe6aa059c081b","flac",NULL
"c7c8715ed85e78462daf5d3224e97e926a628271","flac",NULL
"58a68cf3effa383070a304030e5c0bfd0c44e9cb","flac",NULL
"7ed32ed91b07fbcce79c4082b875f355bce0e282","flac",NULL
"ff3caa2c09a8f8e68b8563512fcc86d54708cf43","flac",NULL
"689e699266dd726ef59414849dbfeb3d1acb4029","flac",NULL
"0fe8650856049a66ce840a74472be0bf6e20ca64","flac",NULL
"7eef85640de3218836d86efaf46909254e285913","flac",NULL
"943fedc10efd23b85a0ab2203fd5d6a939ca07dd","flac",NULL
"af35563802d901221e3e923f4c6b9b2b55f2cab2","flac",NULL
"c49dcccb6b395694f2e4f74fbbeb94c017e72d07","flac",NULL
"94812c50eceda16d2315882ddbb2c3a1dbed3996","flac",NULL
"15c26d0eae971fc0eec7f06eec2d6ba1a6bd6946","flac",NULL
"bb6c5df81eb90e5d72dae9721c052f22ceaa3890","flac",NULL
"024ee68395f2fb2ff83d159511bc1d98651b8f68","flac",NULL
"0538d5e25d9876295bbeb1b683e1e292f29d4570","flac",NULL
"a03fb8f1b9c97b0259adbbd238b3aeb053712c86","flac",NULL
"fbb86d2e14ae9f8010e1fc24bba961f73b949a0a","flac",NULL
"b5a5cc1606422edc178f167c7d8f6395dff5f2bd","flac",NULL
"a89d13d227d778221b2a39ad02c08c8824529ade","flac",NULL
"47633a4b98f4268c7d33b750ef295c119b916dbf","flac",NULL
"81cf6471ed32a46cdcafad4637975e6613aa4d99","flac",NULL
"eef1d47998e7d6ee10c097af398cdaf4761b6c70","flac",NULL
"39e513e837514409989c57426d41118a5f21592e","flac",NULL
"919adefb5ab1dd9202c8e0327a58a2214db5bd1f","flac",NULL
"e9987a7252c6f465f6fd9befeea94b0e7cc73156","flac",NULL
"8d17826856f1d20dce31da145282c07daeed7a9e","flac",NULL
"0bd56b244bf25e91be2e13a3f528de19183a5568","flac",NULL
"3ea676c090d482f9e3f213f2c7b31bc9098a1f09","flac",NULL
"47aecae3acb1dcfd6ca261da210889b99dc25704","flac",NULL
"16edeb648d179812ed882bf0f0b9819d93fb3b9e","flac",NULL
"0729f4ed31cb7fd6289c1354761346b2e080ed19","flac",NULL
"e850ad195f4f596eea1c62531a979f1c64020787","flac",NULL
"fbd0f8d6d312e3194229a72302d737d210b6291b","flac",NULL
"7542fd033c926f9bf36d6259f34dbc844b8a242f","flac",NULL
"7e92f832d01ac0e4bb8d87ae3aa24eba968ff016","flac",NULL
"2a4712c3a9c304de4388352a5568fd142cb2390a","flac",NULL
"2efc300097a887721f10a401ce7706372617d39b","flac",NULL
"c6e0c19947557bf158f6a9f197f801c571def809","flac",NULL
"4f78b25f313c1e588930556aca2cbfb367570380","flac",NULL
"f413ed93b3b0ef557f7a1124ae1b783780b16d98","flac",NULL
"a7af4edaed6d5112aa62269a24212f0765d0f2fc","flac",NULL
"8db1b5fa0d189cb3c4c44990c9893abdec654561","flac",NULL
"3b5d97cf3e313fda2ff31398a5f3cbc1c0845d26","flac",NULL
"68115fdc9dee11eb8feebaf98ab2d94de2077072","flac",NULL
"4335428655263e63150b5d845f012cbe562240e1","flac",NULL
"626fcb6b407052ef58fc8c2e6adf166866d0ddb8","flac",NULL
"122c95a7aefd0b5e035a6b5d22742dfbd313a464","flac",NULL
"1f67a4536a09ad5279f11bd517d8f751a162dc34","flac",NULL
"5e1d7c4712e1e20b79ba45ad58dac5ba4bbe1bbb","flac",NULL
"18a56d66023d1a37f3480d27574d03537c7fc9b7","flac",NULL
"eca39fe7b0722c0b466f116be02038447bf7a992","flac",NULL
"e0cab0b2c640589412fa66dafd5639027493a9ee","flac",NULL
"2173342b7d747056f9fae7e747127a1c7e59a01c","flac",NULL
"f1d4f975abeb63b12387819124479443cd743974","flac",NULL
"201b3e6e68011fa835cce8705e98ce9c23243534","flac",NULL
"367e51acb737e23f0f8035837d820cc26c78ffe9","flac",NULL
"77a627fe207fb3d855bcdfc7864c9d9753bcf199","flac",NULL
"be60bdc039641d92dc9f123fb7c978e083c03634","flac",NULL
"2fbd0712342cb16d4b1deb511ccb23305d7c39bf","flac",NULL
"b9ad438ff480da32d3ff8b18419bab3eb3e7bb9c","flac",NULL
"87101d19754fb8e58494cdce58d5ea6cb81f2649","flac",NULL
"2b4a97a9620050a77ec02cb7e4e4e53e7bf3421e","flac",NULL
"c3728572cdb0acb2ee58976cd1082c7c432e348d","flac",NULL
"20d6d1f29c9db202f4c86395f1013111d29d4b67","flac",NULL
"7af3169f362216e52439683796499b06f685fded","flac",NULL
"711db337fcdc7436f954545ab51cf08a4dd91226","flac",NULL
"74c5d20edfab4e9c51448246df557aa95b87bff1","flac",NULL
"a628c518ef79d2924b72f72396c6d072079c5e41","flac",NULL
"7a6331e052c2e34a12e66473b70b1bc48d033890","flac",NULL
"3f868c9b951afc1bbc619df615c3e94940a0bca5","flac",NULL
"b26eda9e0fe4bb579cb053293c8b0d3291ac687b","flac",NULL
"3cfe07ffe7dd28c4aa843759d324e28fc7b5894c","flac",NULL
"270cb884d20b280827a6ed88a66574725ec33b3d","flac",NULL
"28ae03c55a960d6e275addc8e672dd86b6b6eda8","flac",NULL
"0a2a3984402e6bbb9f72ba14d8f4751588f00037","flac",NULL
"020042810b7c16cb10e09dc0d443c98cacadbf6b","flac",NULL
"a27b24b9614d7480439742786c7c286d88bdcf37","flac",NULL
"dbfadd4b5a99b2414713787d01c957222c624774","flac",NULL
"fd188693ceff1c3494187be20bfdb944f43cf100","flac",NULL
"b2fbb3736425201c2446fdfb18f3abcb564bafb7","flac",NULL
"c98f8eb0ac9030e15afe16e40b2e797c2db75415","flac",NULL
"10dbdaa4ea9f00834753fc15b17795321c318b10","flac",NULL
"50cd8547795f50916d159dc0240ccf3a01827184","flac",NULL
"bb2c5950bf629ad4ae41a348a93291cc61c6dd75","flac",NULL
"439c02218a5492400d1d1fe73743aa3680c97b4f","flac",NULL
"230f6adde7a0ad937e7d3aebee094b6bf1e81799","flac",NULL
"51d2cad30ba1fa3104ef9a804c79c4b97b7f1c78","flac",NULL
"f8027f0c9b5e152b3f047f9cfc8343ea2466e485","flac",NULL
"87d7a03d4128f0714f10db79b74d28c11013dfe5","flac",NULL
"3b609a902fa8c6c14b129f125cee5cb95f47ee2e","flac",NULL
"3d49f48f4d793fd61fa2298a6ddfd0782e8559b7","flac",NULL
"acb7d8a034e90499af9f71ff101ead97d72979d0","flac",NULL
"dc5fb785023eea0c40a2e4c3ea5c267279b0cf8b","flac",NULL
"ed7251242978e49def5fd98088fa126965643b74","flac",NULL
"112958be4054c872681dc6829909f9feba082b28","flac",NULL
"5a36e7adbc5a3ceed15320a3f0de5f63daff484f","flac",NULL
"7f7823d2bd6855edf58c5e445a80c5f66e9c3ce5","flac",NULL
"728ea4c0dcb106df9588e845cdaf7a15422be67f","flac",NULL
"adb9c9646a4bd9c68b491cc00285022eaa10637d","flac",NULL
"07b4bf700e9509a0f3ccc01fc4987ea12dfecd82","flac",NULL
"9138f367070e9b3ecead6d53cf71356d0117788f","flac",NULL
"b52ced65d3d5d737fac2d186410a231f2f57dd25","flac",NULL
"2503db5ff20a2fdf38ff393efed3fe890fea375c","flac",NULL
"92fb9dec982939d4447addece9deb704161df677","flac",NULL
"8c1f9e0f9fce69f07bd2c5a9db9f4ee1b83ddeb1","flac",NULL
"d6507dc9b92878e1381c61d4396df2d6b65bb613","flac",NULL
"0e4b54bcad2a7a0c874aaaeccaf0e7eea2172393","flac",NULL
"d7331b95f94524360f9e8e8bdfb08476b5c323d1","flac",NULL
"abf98727d48f6071cca0b92b38e5729cc06a40f8","flac",NULL
"a250e6ca0f6a441f4714a545835dfd6342ead746","flac",NULL
"2803b31281c3af47d97d71eadba037efe4d5bd80","flac",NULL
"ba04803e804ffeaa860813cd2b44f7768d318410","flac",NULL
"0610c486b7239992b4b2a59a2ecc289edac8a9a3","flac",NULL
"0235cdf6a91ef449666748a6ecca4b9c26227271","flac",NULL
"bf446a53684a42773a1e84e14b1f89c5fbe7e8b4","flac",NULL
"0e59bc7d615b9b96766ca187e6321e5bb8476572","flac",NULL
"ab3be59a1be0455165d6e373636e20d5c1706703","flac",NULL
"7021e540b8ef9b88d4e7c155ca527037de27706f","flac",NULL
"e905fb295fd5e8b46a7405fbc94ba35762b4155e","flac",NULL
"a089be20b2a0691e631806384aa48d188248f8be","flac",NULL
"83f58cf039b046920dc66b30309ee01d0b033034","flac",NULL
"7f48a86c8075b496d3d04184e1c608b33ec3e7a1","flac",NULL
"ef6e72ece2bc70119f913a31ce21e43842dc4fed","flac",NULL
"69162af87d898f8572f819b0ff5c3e2fec5c7e76","flac",NULL
"0240b52cfccd5da0dfae9de896b74afa6abf70be","flac",NULL
"5391e3a34e182afebfdee32f50ff98a763fd9c34","flac",NULL
"b55b9c002a68463b0ab6a39c46b03507bdb790f2","flac",NULL
"e2876de457d20a2efe48930c8acaa904bf19ff69","flac",NULL
"c4dd5e272b4a3b0bfccdf523484fd72945cda742","flac",NULL
"aa396f48e9aa393673a50234d30450fe319f5cde","flac",NULL
"64185b0142d395ecc5996e77e5c3e4bb4c6c48bf","flac",NULL
"3602aea74028c8670c2a5f262c2a8d0467bca3fe","flac",NULL
"cc107aeb28e365c1cbf49ae658e1892fcf98c53a","flac",NULL
"d71ebe2d0ce538ae80b1f31bae9ef1ec04f20954","flac",NULL
"f2c03bcea5e20aecce3278076f761956c4e2a6f4","flac",NULL
"ab857eea9385753f9a24d6d41ccd28addd3c6fc3","flac",NULL
"fc4c0779344e1a7e5833a8d0a158a88071b8e0ea","flac",NULL
"bb3bc6ffe8d58518d232789acd7c2e12cd1ed757","flac",NULL
"78464fc3ce5397c90ca99db1d6ad27ef03d64c9e","flac",NULL
"1b20b19d94b2656d72dbd7201d9a0fa549c93fea","flac",NULL
"029943fdccb9f8c1b5c4546e4d79bddd15a7743d","flac",NULL
"8304ff39edf9257d6b84ec3ed625794b948795df","flac",NULL
"4cd30a3ba661078b56c60e4d891aabfaca058d76","flac",NULL
"bf9dae77f56ca08353197fc1ac585a82052e804c","flac",NULL
"68297a6e1288d2ac5fcc030250b39f857f1e174b","flac",NULL
"9f40c5d35247bddff2a0c08ed8f4b208ec543f52","flac",NULL
"e71623753c88d391f019ffdfaecf43eff44c7a48","flac",NULL
"6bbd2156fb305e30379c9eae21c759d63ab348c0","flac",NULL
"8854a6a5239874148f82e9055d05f72ccf8ad3f4","flac",NULL
"2c69b5398266784a90a6b655fe443f1d49a52b33","flac",NULL
"b54ed3bcc799b2244787bce350ffdbc2032282ce","flac",NULL
"4e188bbdb962e75ad8d407ba708052ced4323a51","flac",NULL
"bb944ca8ba3517bbdd7195cc30558b633673346e","flac",NULL
"9b9a2be2fe20c546f906193098bf050093dff229","flac",NULL
"0464169e027bc5d341368667fda6f9c52f8c247f","flac",NULL
"6cfe9f96200939fc1a473b4a074d273436338589","flac",NULL
"94122200a779f8748a2ee2c39ac295f4672e7cfd","flac",NULL
"5bb59ad97bce79721297ba8365a77a2ec46af867","flac",NULL
"11d26f399a353e4c5ac3fb127131ba7a1814aaf7","flac",NULL
"aae8df2323d36564c7a3431e7c61434ad88af9a3","flac",NULL
"4df52638f97788f50ac7fef92271643963b402d1","flac",NULL
"b52ab6e294317646775682cb5ba282fc610d11bd","flac",NULL
"f31fc34b729d1b2fe0da197a711d7610e777b2d9","flac",NULL
"204afbdac9cd7de7d4cf92118eaea0e3b21cfa5e","flac",NULL
"639d85f164d80de772a92b32774ae5c821040d80","flac",NULL
"24f4c7ac69d158679c58566964085c4292330df3","flac",NULL
"ff4b6a5620938f646940918daa13dd0213c1674b","flac",NULL
"d2be72872d6282c9ae60f48db38bd42b8b2b8805","flac",NULL
"4737fbcddaac8540c61588796e3dda0c6f00345b","flac",NULL
"a47527580ec1b0cadbf1675a7bb30b4da51fee63","flac",NULL
"2e0c09b5d727ce4875e18760e860fbed500be8a5","flac",NULL
"1ec2b79a9a2e5e05944c872bb4528c2dcde767d2","flac",NULL
"b934cd77ad48d26dfbcedb8cc667d200135493fa","flac",NULL
"ffbf9c2e6aea3771e7beed21aa42d8c3289919b3","flac",NULL
"177e8014346b1b7bded8d2b0f8d33f583f81dbab","flac",NULL
"d064696e0300cc24adf87deaff39f6ba33ac36ef","flac",NULL
"bbcaabaa50ce84fbc16cf7c40424fdd7280d04ab","flac",NULL
"c7b001052b00dbca430a580aeb97d42a355b1137","flac",NULL
"5cf1872720114d9111c2699edccc53a1e0619c65","flac",NULL
"05f398b0705d83e676a41550317c29dbdd9d8c44","flac",NULL
"cd59f355b2c45db6aeae449ebbd07de9008625cc","flac",NULL
"2b1bb56b114db9ff136e98e91f0507e37c982de1","flac",NULL
"f8c1600b6834b6deb6fb0fa2fe59e3d980776cd1","flac",NULL
"e2e756761198ea6a1f78870d2707ff94ca886fdb","flac",NULL
"ca4775334a286a7bbbc2d69330479add1b110d0b","flac",NULL
"991fa1f467c4ba05eb28fab3b1f75ae37f6f7f3e","flac",NULL
"837a00875ea6d92da3a8ac83986be44bb68aa6ef","flac",NULL
"7fa139011da4efa3ef23df5f4bdaeb637afc03b3","flac",NULL
"a68944b9ee58900dd4ca11ca06a96589dfb0a2ac","flac",NULL
"202126c17f65108b6afc066c7d85763085c18f65","flac",NULL
"fcae8d5aa912814115d199ee9cff6c7b383424f8","flac",NULL
"de271a5768a02ddd846e546205b0a503910b325e","flac",NULL
"cd17552a22c2b7de124b08b8b3acc85b3c20a84f","flac",NULL
"4b1808fc68597828c53617c5abf0d6abbfe06fc4","flac",NULL
"38622edf6773b6777b027a5e0d7e9f340e4e4986","flac",NULL
"f6d0d17ec4ace348e06adfd174f3555945068d0e","flac",NULL
"46b92802859f80fa9571166d0d8d65e17299c1a7","flac",NULL
"b7d687e9eea35f927ad4646e1f5d913cd542de02","flac",NULL
"406b46a42723803222877310c5b1cad384050a15","flac",NULL
"856ddc84bc97f7a0f8a91f82f556674705d4fc23","flac",NULL
"4ff990e32bfe53a071d9e793d198853aebea8c43","flac",NULL
"554a902629426b1503acc649395875f4dee3ada9","flac",NULL
"aaca13020b334845bd0440dcbbbc0eb7ec8e1296","flac",NULL
"540641dd7aff9d53704cb619714901882a47488b","flac",NULL
"0b2738cb38c99e26d61cc1a945bfd2fcb940dde2","flac",NULL
"07c4b45290f7bff4bf0719e45c79e28916098310","flac",NULL
"03af822c967554de47f757cbf7cf7939128a24fe","flac",NULL
"7947daaf6c6d057cefccdf8b08ad16bd6cd39ccc","flac",NULL
"c2531117a15b799dac0d1bf760bd376a02e97cee","flac",NULL
"857c50f4c632bc01a22b572bfc98eaca5ff889b3","flac",NULL
"ead09a7cf2539f016f7979ea97518b9e615c88c1","flac",NULL
"30d17c2e11508b1c9036c16be2d6a6c114b85343","flac",NULL
"b61d7c6e91154800c7eb82cc28b55384f0fb0122","flac",NULL
"3f33c0c43db5038e88ab8051ac78bbd0ac60f03a","flac",NULL
"7be915c62ce6869232c28eeae8f9b87d4a84b4f3","flac",NULL
"eb6651b4ab02bafd8cb7c0fb4855a6ca0854c593","flac",NULL
"f06603a281e271ca2f282bad16b2b759d215f013","flac",NULL
"0624baf1b05015f843330d5d1977946e64be2054","flac",NULL
"b7fe314b54a18fed8ee256f645c627dc735965d8","flac",NULL
"40628b94d6c79240239b5d861afd9aaf5c3c1d26","flac",NULL
"6caa16c217131a4a70b433714435af6e68e4569f","flac",NULL
"4a2fc6acc8477ecdf0442ed31b76e7bbc7db5089","flac",NULL
"15366fa150c87f9765649e87858d26e1ec230f2b","flac",NULL
"dd001c134fa7298a6b91141c4754724da949aaa2","flac",NULL
"c2bf458b516c0d195b7c6b4df46c0fa2275931cf","flac",NULL
"e133d1702c8b6692c56edd2d8821799664b53a3d","flac",NULL
"473bed788de06bd6ed3be361261614fb775ccdfc","flac",NULL
"34ca8f6073a01bc269c0ff5b41e35cb604e09dca","flac",NULL
"693a0f6c3a9aeb08c80f9c76d690b9c86ecaf5ce","flac",NULL
"541ab4e1bf20efe4d1d3dc1f6f9aed40e29b8906","flac",NULL
"c252a6fbafc550529efde06eb12ab736428a4d42","flac",NULL
"307d5cae300c7555fed0b2ccc07fb80ce3cff4b5","flac",NULL
"0940bd4a98d9190584604aa730a9d05185fcae6f","flac",NULL
"2034582940c58256f6ddd4eda5176759b8c53a7d","flac",NULL
"60540b260c8c769d37c559276951943a081e5d2d","flac",NULL
"0a6994c933acc8515ad5b0edb65c83fdfaf797c5","flac",NULL
"727cdd0b74cdef32c7d0ef53377b18e545a03f62","flac",NULL
"f928234635170566c642cbacf7a4c7a171df39cc","flac",NULL
"704492d1c9fb299aa8be52608f2ab2aad5bececf","flac",NULL
"5989fb213378fe7f3f3a39fb05489ba3f58b4717","flac",NULL
"1114e47c44dfeaf3c66fe73dd07bbabee4534235","flac",NULL
"be44821f721dac0fb681cb624046697107cdac88","flac",NULL
"c4dc97ec66c6f27c93330d64a6a1ecf9ed38f543","flac",NULL
"db86aa7d202b0016faf984b7251e51a031bb84a3","flac",NULL
"887f131b723b54cc3fa0a7fcd9a760788292bb75","flac",NULL
"e5ea1a08c93acee0246bc499b7e594737213980b","flac",NULL
"e83a282fec419c5650b26fc3661f557113e40d89","flac",NULL
"b1c9ab84851a347d11726672194af0d26ee47ece","flac",NULL
"775cb51fce823e8f5f5b06905e0e38db0b69d007","flac",NULL
"b8ac6baf42113d1ea232de3d0e6060b77f465562","flac",NULL
"d2e34974c0abb43a2f95e9c42287eb8700801d69","flac",NULL
"46a3cb9c739907d296a9b34b2e83c6b26e7932c4","flac",NULL
"0e609e87c1553ce8aa216a3958953cb08340b5ae","flac",NULL
"6342cb5d90c291ddad2ee0c70d13a229b4396ac4","flac",NULL
"2b3557ca881006c814a64467a48ee25f4da41cb3","flac",NULL
"bcc7cef74763dded17a51deb4db4b0e0b2a57757","flac",NULL
"259da880d0487bfbc4da79bbf65673a05bca8709","flac",NULL
"9936ada57807fd651a40db340f862e0a6818a4f0","flac",NULL
"ab02637168108f0965ce1301ffdfe7af01483df6","flac",NULL
"0b272c8cff0ed3d7fd9011a19456ed1a31f4fd5e","flac",NULL
"fc18c02fc61683e588cf4eae7c35c6a6cb922278","flac",NULL
"100e9858642848469d05df92b43b30ebabf76f2f","flac",NULL
"b86aa16d7d504e5c83fa837181e0d76c50817c98","flac",NULL
"5bcb5e55d1f4c5c20c9f4d7e319addcf786e99f0","flac",NULL
"4f80b88d95f2759c2c313aa7a214df4a6c4a21ac","flac",NULL
"6e1aad03cac9396327f654188e69eba66251442b","flac",NULL
"a95127e454b3398925f7d3837a159909a3bbb5ab","flac",NULL
"4eae6d624ad6894956a0fa440d645f8628f4327a","flac",NULL
"c0e32655873334f7679a47fda37a8f23f41473d8","flac",NULL
"5ec0302833f295975679d343ba799f21f27ff47e","flac",NULL
"8594197961ebc075a28f828005232379bfc99120","flac",NULL
"7c7ce3f710b81f71346ee1504e5fc64fa60138af","flac",NULL
"bf484662eb2cfc96d0e894e93bde5dd13d72ebbe","flac",NULL
"1c9c2749995e31123902a0bb9d99779741c3fa03","flac",NULL
"54e9e368d581f6ce7a7b3dd672c856011805544e","flac",NULL
"ce4aeb03a39360e46e26fefa7b54d1bab3b9cbf7","flac",NULL
"a564cbd5a3a96f04e48fd90bfe28fd383c5cbe4d","flac",NULL
"7a2588e9bb41a0737fc4bb32db6f849d9c4720fd","flac",NULL
"b4501e6628b2218e941104670bad9e371ef21357","flac",NULL
"ff0402bc416a609834a8294ed6fe86ab291aafaf","flac",NULL
"d1ca23058ff212985feec1a9b8f81fbe77ffadc1","flac",NULL
"0804c8be03f8591f1c0b07166897122d3ff3d4f4","flac",NULL
"5770851dcedabd33287b6aac891edb3d4e71cd83","flac",NULL
"9444421032d7a426957fd65a8556958003569220","flac",NULL
"55aa0ccbab4c9b17055db35da410969785ea8080","flac",NULL
"226eda787b38862b45c401716a4cc9fba678c5cc","flac",NULL
"33c7c2dfd412c5412218c791f5088c05a3d188f0","flac",NULL
"27f381aebc3dfb09944bb93687a79b7c4d207fd0","flac",NULL
"3ce5e19c18b32d58aaed577ea6657931f9dee5b3","flac",NULL
"9eec0f29bfdf2e1af884978ce91ef99030805c84","flac",NULL
"b0f0a68c4fadbc40a37246da46f67068f91bf610","flac",NULL
"062bde30f942473fc56203d4ecfa08e0b4a5c41d","flac",NULL
"02c984ead976bb41ba9e52d03e0560700cd72120","flac",NULL
"870f087c00d2b233e1cb5b8ba2110c59e87612c3","flac",NULL
"39558b1d7179a5b3765a55b8f4c86007dae75816","flac",NULL
"b25a3c70437fd8c73ee19133eed4b4de628f1529","flac",NULL
"f7a80c028db58d9ab43cde973db9ed2c9d4b796e","flac",NULL
"6aab029e25d9f92ae0d1010f9c3350dd6ab02fac","flac",NULL
"9bcf5c5aa9f2f4e731f958ab8a273ef4bf0c5f28","flac",NULL
"c35844e7bd190e2086ad2b458e3b41a9e6f3bcb8","flac",NULL
"2c0165dbd70ca8f799adb9627abf15824d2fef69","flac",NULL
"a54cf13d2ba90bcea97a0786e6c6069bf112f96d","flac",NULL
"da3d50de022d1c067edfaa1ca4ced04e7d271ebc","flac",NULL
"86bcf451031e93fe67a2381ebdec7d530365bdc7","flac",NULL
"419ab3b29982cdf104cdd7436e750b4b0bc850c7","flac",NULL
"8611eefa3d0bda4298c1420ffa2ca370cf84f8ed","flac",NULL
"cec67818c5d8f87f5eb5e085f0504301c16843c1","flac",NULL
"b402d90c0266f4d6dbf638be83c337f4d6f00a4e","flac",NULL
"6e1eda92328f6f5663239c05297333dae81bc964","flac",NULL
"919b69b52b2cf95d032f47f99458fe4a4bb2845a","flac",NULL
"b56c957aec9e307cae7a4d6fb370e442c76936b9","flac",NULL
"a0f003ec7e5b2f841201d1f77513edaa69c3ef72","flac",NULL
"a1e1f61a0b13223e6a84f97810f5f37616bb431e","flac",NULL
"0270812496dea0589407953a5dc5e79b4c949ba5","flac",NULL
"a0e1c552995f339d3a05e935c5eccf002ef7265a","flac",NULL
"5e5b1dfb9b379380592d7569d7d50349c2f2dc25","flac",NULL
"02db77aef85ab53413e47b0d72498752cea891d2","flac",NULL
"5b692576df2ed109d7f234e848e4c56795eba3bf","flac",NULL
"0362bb14d6b196680339e6d9550a1602e8f94b74","flac",NULL
"f3584a607c8f759f0df052213de74e31c2c2321f","flac",NULL
"2e18ffe5e58483b0dff465e5013363ae9bae9eca","flac",NULL
"41569ae0d90e5de40ae39439a10eda05ef1073fa","flac",NULL
"105a7c6386a00bd38c8c4304c0971ddc69302878","flac",NULL
"77bc84a640d2fb5feba759018b9c8b750d82ad82","flac",NULL
"34411b8357626e2c57fae49aad54b48331aa5bad","flac",NULL
"4bfe56cfb581f970ec9c6380555b4dbd1545c4cb","flac",NULL
"ac3783f8ee3a6e2cba3b76e4b5f8fd66dfc0af66","flac",NULL
"b919d18667f3232ca150a2fec524a58698d66447","flac",NULL
"998daf234bfcb84ee9603a2c7fa0608db6772e8d","flac",NULL
"109f1246e8f3dffb63cc5ee44a828354390a8d25","flac",NULL
"855959bcabf1d62cd3f0778d6e6014a075b0b7d8","flac",NULL
"8a5e4a693db21e9d3fea01ab5d725811d81db19d","flac",NULL
"229a9399d6022865594fa8bb824ec0fd28256169","flac",NULL
"57b43d5ac4bae1e215010b76ccdce33cb087f19e","flac",NULL
"b5ad7579d00b7be71239963b2f3a8665cb883e77","flac",NULL
"eb75051de92769cf84d618c4d7d080942cf3186b","flac",NULL
"40bb8bfafe6aee03e272e4fb0ea3f4635d7da7b4","flac",NULL
"4d997a445ca6777089994256ffd8cbc58a39bac6","flac",NULL
"c75e8e36e7fcdb3c01d1748a532df0796bac16d0","flac",NULL
"064f0871fba105dbd2173e669a4d77ec62b642f3","flac",NULL
"8206f6180c90d3efa6c4530a9bfd46f8925aebac","flac",NULL
"36ec2567d69871ff17fb51707d2b5e3e6f55f76c","flac",NULL
"39ca9433290477c8dfd197cf69c66f88bd935fc6","flac",NULL
"a32097ff976ccd6137e727a31a4226039594b9cd","flac",NULL
"a2161d1e7de390a22c93e1d171b1b9b549fa216b","flac",NULL
"44b4e74ac3ce626957bf62b771f0bf7eb73bce13","flac",NULL
"ff8de9ee12f46b0f684fe293c3250104a2a483b9","flac",NULL
"0bf786dc0f031b3f814773de6eb032f704470168","flac",NULL
"fe7cf6462b8467eedf880bbd1f5a93caa4574f3d","flac",NULL
"e3576bb15f8646b3b6a414940d3a852ef5773047","flac",NULL
"6839740f5fd72ecadd3eef96dda5c67062f92672","flac",NULL
"8efc0a596296699f4eda179688d99bfcf312b142","flac",NULL
"9b984a708601f1221e3c93dfd4ab5988384ebd60","flac",NULL
"4032484bdec53b57f9b03e9a1038f6de990c3dc7","flac",NULL
"5cbfac71c3b8c869d531a9a04e336688b2faefe2","flac",NULL
"75b5a721afb8679d0f1fda3bbc6976802ed92535","flac",NULL
"c4f3dc10deca69ab51d89294fec7b7cc183c8f8d","flac",NULL
"4aceafed511217bd8188d31a0acf8a61c8258894","flac",NULL
"2959cbdbcc2338b96f3be12a4d8a38927229ccbf","flac",NULL
"95a1f2a3c5b800f729095d79b5c46b231ac4a668","flac",NULL
"9592b5db32ddcc1eec80be93ffb9574fce6dd664","flac",NULL
"52b47c3b4a903b73ff334a3ac93babe94a3f6305","flac",NULL
"78b8a5d912da794f1aac96e131cc57998378fa41","flac",NULL
"0f25b2de9c2304a77c5e549c1a3c8b509683c80b","flac",NULL
"957217203267fc039465c40a0e79b09671927776","flac",NULL
"687b421464d54bcf64cfdfe97737a684a384b628","flac",NULL
"6af1e77aad5ac2a2bdef8f778625373039d22924","flac",NULL
"878a0281bfcc0f35ddd9143d19690f96926fb735","flac",NULL
"cc0df02263f6fc49e0ee61b394fed78d768ecbbc","flac",NULL
"e2e25f176a864e4038a274a15cb09b7bc595ac31","flac",NULL
"1ebf9514fb53067e5d9cd24655f0d82034606145","flac",NULL
"d2c04e6c5fa1044fde8bae2acf0e16c4d6fc8f1a","flac",NULL
"327599cc3f8d0aeb0df154a3cd097d757f17007f","flac",NULL
"d6d0f4f73fb09c26e0e1668deaa97f7161b894c0","flac",NULL
"e3fd21bde1f72aa28a3d5f4e358d1a8177a28dbe","flac",NULL
"a4852e5b2e78aea21318f28d8f7f68c5bea9dc1f","flac",NULL
"21f4a6bd0ab3930a2fa54e474fd99410c6f38e4a","flac",NULL
"da87060758dcee0dea442655312a6c21722c74fa","flac",NULL
"7090da9fedfb38cf46589d6ada1c488db1ce0bc8","flac",NULL
"22b8a93fafa01955f5d88efa4ed4934ecb016f2b","flac",NULL
"34dc0667d11184c0832959dea526e189be32d0ac","flac",NULL
"2f105f78d543a0171740f731dd1c863b71a987f3","flac",NULL
"bf0dca3608d472c1195e86ebe00afecad369b916","flac",NULL
"39ff9a90fd1d32780f31e0df6d8f4fad550ffc3e","flac",NULL
"2cfac716124670d98da72ec1eb103d58a35ed177","flac",NULL
"ae20e51026702267ea9d4916aa496bb9feded503","flac",NULL
"d72875fd42c0f8746a59eed54b164694cf5f369c","flac",NULL
"688b28a0eda2dc70ff75eae32105306aaf5e948d","flac",NULL
"a450a2ce8f76fa094ed5a103772b69688e2992ae","flac",NULL
"5de65f3aec9d133a3894ee637e7182b8a02d03a7","flac",NULL
"5667809d973f0004e6e7b4775bd2a6add936628f","flac",NULL
"96c6039c6fe5d748d0c28b34d827cf43103e90a7","flac",NULL
"a85b793dd10eb2af9618eb24c87dd9197cbade50","flac",NULL
"e9c955a80055d5bfd8fbc1867d92be0c14462a60","flac",NULL
"fbb960d4dd8f1e3b2e3570135ebd0c3c555f7c9b","flac",NULL
"c93c91103132ca98c71e475eeb73125f8b471f6a","flac",NULL
"4201ad7d6c28cff919e93b2b720b10df2e490ce2","flac",NULL
"e90580f21d34326364ef0a0679f7a1ccb98c4ec4","flac",NULL
"74507a787c40d89b9aebf0772451b81f824dc835","flac",NULL
"5e5a15c7027cdc135e8769886a6893ba266e62ed","flac",NULL
"d64bab31fb1090eb4f37701075af924f15b6e2d9","flac",NULL
"0fbb07b36688cc85707df61718ab08b0b5b8e2bb","flac",NULL
"b9d6f8ca9c7159fd8ca7c3e954c30ca153359308","flac",NULL
"5e4cb88ebebb6f8abb977c186ea19bf383b5d1d4","flac",NULL
"e9e5512fb3797046e929c67ef4a6bec61ed0a2d5","flac",NULL
"aeeeb23d8ee79570f6fb93e5320c30e1d0e2149f","flac",NULL
"70beb860711b5f8a9c360e8cb75f87f38cd7d65f","flac",NULL
"0dc6e059e73b435cca587e108b936f86190c8e72","flac",NULL
"4d4695b0382a521d28239ebdfd2f5049eb670da8","flac",NULL
"42b48b005b583fcfe9d733799254e2b746aaa22b","flac",NULL
"4c820e0de1fc455dd91d5fe132ad55f1d4463646","flac",NULL
"3681fe209d21dc4e72f0cfe80150bfb9046a3008","flac",NULL
"519a35604ca3467b94d4d3f2653bcbcbb3cf6280","flac",NULL
"20ef279eb8070c0596f0f29e2f0bc28ea18b5d6c","flac",NULL
"69bc37230c77614bc95e3d17757ef617c402843e","flac",NULL
"30555849deb509c020580bd2157c502a7955ba70","flac",NULL
"ffc4f6afb9f323d3e5f759e614d94a943f919eff","flac",NULL
"15a2a32a35df76bed5309e396b767b55b764952a","flac",NULL
"f96ca0b5b14955c81cbcccaff899e010536e718d","flac",NULL
"fd85d1f15d72f14bc2004b603625c28264a09bc4","flac",NULL
"276ae657f244c54d3857a62da01a052535ef839d","flac",NULL
"b3cdccd0b0630aa426688d1b1f72d0830770b321","flac",NULL
"ad2bee044397ab8809d3acbc4598ed7c7760581b","flac",NULL
"2fafca270a768f406123a9f74a0f4e009b841d56","flac",NULL
"6b524f5692c1b295b757af86579cdcd5ff2fd602","flac",NULL
"e851cc6e56cb82d5caf7bdae5e88ab58ba785b78","flac",NULL
"df6dcbdecbd8891c86fe4d709723b1b68e3af9e5","flac",NULL
"0f86740a67bab8d558bfbbce43b47c500fe61e24","flac",NULL
"285ec878fc51aa05ecfccdecdca1514f418e80d2","flac",NULL
"c13c6532b17405b4a3d3f3fb4293f43fa547d46d","flac",NULL
"26518da107c3379dd2cdc877e2bcd4114e871b9b","flac",NULL
"70ddd858c3ab7817060840c3c7e0c844393a219c","flac",NULL
"c259ac1ae393a0e0371da7052d958d86352dde88","flac",NULL
"1e999fc45835c5cd18a4c21f371e3ca1b3c3a3e9","flac",NULL
"80a019f554a6646e2f6d97813e84e4daf90f93a2","flac",NULL
"876ad975bbf2c8844115b056ea00d3227e34f8ea","flac",NULL
"56b56facd790a39f7da4d54194dd79c1515c6c8c","flac",NULL
"65e5ecb19b1d316b57db8b3597f0b7f18b2419bd","flac",NULL
"94c4de13cb67870972b87fab246e0c8382fca7a3","flac",NULL
"565be1d7ee34a2c8a3ba1d01cbca487a3e59201c","flac",NULL
"bbe04eac418de8af8495859aecaf20ad057f44fd","flac",NULL
"79ce58398764e82c38105b6146b4e73b120e6692","flac",NULL
"3c670dc31858d85f4bf894487cf95c38b32b8c8b","flac",NULL
"ebeaed76ae6bfdd8dd6df5bc36fa90930cd92aa5","flac",NULL
"482787dce60108620d67899064f5f0ff63354bcb","flac",NULL
"44ed3660932c2e0d2c4419f0415a6425a9e2adff","flac",NULL
"bcee95aece5b5e7b9439a978fb6c861cc74b5a60","flac",NULL
"f3d83aa02d322fcaff7216e81080596c5bb09e15","flac",NULL
"54156a32080a74da8784b3aade63d17d448afe02","flac",NULL
"2c16872e1f70485fd66cf5ed4324ddce9d83a705","flac",NULL
"1f6ee2014dc3309485b14e83064f732c830652c9","flac",NULL
"922ef501a078c788a634387b6b62ed5ad5eac7d6","flac",NULL
"3252afb9ff498b7601274e6745b8fc5cb35dfcd3","flac",NULL
"6edc728b18c6c1b2d2e334aebc3f4929da5b1529","flac",NULL
"2958e2cccb53a5b75da56191372db9d42ea465ef","flac",NULL
"8ee1d2c2dc62e0813ba6c7d0ca41200dc6c96dd8","flac",NULL
"3ebb1d563e8868f861da3d59310df901bec7ac15","flac",NULL
"f4ef5556245d4ee1b7e26c65dff8fcc6495c4afc","flac",NULL
"75b15a74d1bef2e20c8f2493a2e230ffd7a4d1bb","flac",NULL
"c3f48748446a2097c0458494b5988fb1f24ac711","flac",NULL
"40751f5bbb221ff38cb0512a819fa15f572e91db","flac",NULL
"7993eb8c0340e030fade00c50875a2791c5f1708","flac",NULL
"2990a96d6b3e225adcc7bd86a5c5be7185089560","flac",NULL
"d9a84c6904b6ebe2a000b9acbb4b543c589e9e67","flac",NULL
"d358d59bf0a5d67949596401d9707b25d357bd63","flac",NULL
"8a72d889681c3068e505bd4548bc700d53f41edf","flac",NULL
"37bdf55f1de9de6b445d93e1fca00474658423f9","flac",NULL
"2128c0f8b5184c89a0448c165dc741b396e89a6f","flac",NULL
"194d8d918d743cce47e1023ff9680e585681a3b4","flac",NULL
"e18b00c861fd782deeba952c8992680e0ef432fa","flac",NULL
"34579210629320e989704fe5b1e72cdfb697ad84","flac",NULL
"86f82d7fb309ea70e0950ad418c89faf03f2d1fd","flac",NULL
"49cd2130b70e7058c015887f1ba3a6ccc1fc2415","flac",NULL
"6a640e0de3cce35622d70877936a1f676f16d6fc","flac",NULL
"ab1b1af9f4467d14192f883b27acd9abeaa46371","flac",NULL
"16475bd6a48d024e40fd6a86c8065705fa58ce16","flac",NULL
"744311bac96cf2f6b8232baacb615741c5591e33","flac",NULL
"27c0baf587dad8d5d9a2ef7c0386475c4ccd7bac","flac",NULL
"120d64ddb6027acb44e1b640c1a3ff92dc8171c1","flac",NULL
"9d171433a04391cf0fe5edc1bb1239538419ac44","flac",NULL
"0fb9080fc66a3c04878f1c76bf51c251f2e72ad6","flac",NULL
"3d1b614417fa9f834b3b60f04295e3d2e90a9caa","flac",NULL
"f315bb5fa3566df392f981ab94df23092ea40277","flac",NULL
"52c131f035d9274cea61cb5e772452f7e2e3286d","flac",NULL
"85867f912f6dad14c32577e3f22b1d7a10e4fba8","flac",NULL
"149bfc139ba3ffca910183fb4949008452860a3a","flac",NULL
"91088493e299999f595daba922e22d5608900547","flac",NULL
"1262446184fab28abf22f8a2f4d8c0a4ff84ff3f","flac",NULL
"09ece603fc427ec28076fede808c00ec7c147654","flac",NULL
"64020436ff35110c82492ced978803acc24a0f01","flac",NULL
"b8479c56301724f94fcb6e53e9214cb095af4417","flac",NULL
"19af00f880b64232bf1b7209d5388778b2660444","flac",NULL
"997a98242879a5aa7916a742c05d167f868fde5f","flac",NULL
"28a6dad8b14163e27062aface20ed5b2eb3a6a5f","flac",NULL
"8d2f489883f3ea32c1f921f892638e869aab2974","flac",NULL
"d4ec5911722f6b3e30f07454f56af4ab81175e46","flac",NULL
"a935f5bb7136d71a5d2a30d446770506815189dc","flac",NULL
"cbfe39a361417d45d55a88d63b90927af2a635df","flac",NULL
"424826adef7b65f198a1411e2ffe80b20f48b832","flac",NULL
"15d641d82a859a2de9a90a899702bd5542da1374","flac",NULL
"53f5cc782864fedbe55eb09f29b68ecb625dfd9b","flac",NULL
"3d4cbfe572262e4fe1f390f9ccd7d6f29ddc12bc","flac",NULL
"b0b725710f79a6aa3f140ae66e4e9e4756b14e6d","flac",NULL
"22b5af018caa4398673d2dc4d806d61437c5eb51","flac",NULL
"fa352d662f1eb02dbcdc0e177e80e6c8d3ec40a2","flac",NULL
"231caf0c0b44550cbeba9865cfae8ba161c6e612","flac",NULL
"2224c937adbb17d7b7fc5aa5828e78da4055afbc","flac",NULL
"f36b7bacd6c904ea9bb97fa366b0a281cc2121d5","flac",NULL
"c4d4b49300f743395dda460a16aa3ed885602bb4","flac",NULL
"a944f1310652f652428083056bdce6d0453e42ae","flac",NULL
"95bc2f8d4c3b5edb3ad7a38969cb879f62fa9ebe","flac",NULL
"529c1c6fc739a4cff583633268d732d24afa598b","flac",NULL
"a8c6ffac0970333e192535125f11bc7406e992db","flac",NULL
"dd6d882d275083f91be486f2938a78e13e8d1f74","flac",NULL
"c29699136db04655543cc7d7ad11b15aa265364e","flac",NULL
"5163a53514946c813a7aa7605645b0d0093493fa","flac",NULL
"cfe096a8289f4fdd3aa5e7ea442c2a481f76aa39","flac",NULL
"e0ab68356e2751809cb8f8505b6fe0fde7aec712","flac",NULL
"a3a7cce39e8b24aa67902fa177e704fc3e910a03","flac",NULL
"b93f848745a003d29d3c230b68944d4bcfd3d01c","flac",NULL
"0fadee8ee32d240a82fd4c5169628c296a8ead33","flac",NULL
"42ebae8df51e1d12eb890d1617acd7dcf4ddf84f","flac",NULL
"fcbc7c51579359f82f2a9c102b14eac6e7493b18","flac",NULL
"f9a1f358f13a6c978f69ddfa19fdebb004fea1e4","flac",NULL
"4ea1a84aa55b87bb44d4632e4f739a93b34a4648","flac",NULL
"922f38d66165987efbd807ef2bb7d24607f335b8","flac",NULL
"644f30da690c1a5fa7ea893dead5fc2287ad7a6f","flac",NULL
"5d686075f8e941d7f32ee36fbc334e1086f817cb","flac",NULL
"61d6e78f20896b0089b143dc5d7c268f647971ed","flac",NULL
"541e4582b72ef425bfa58bfd2850f2fcaa4d0e49","flac",NULL
"09202cd8ea9d740b1acefaca0f92213c044c300b","flac",NULL
"323f4463100cd644fa0696d98e375a696007243f","flac",NULL
"51f7f893b8af46481552abfd348b9463572d451b","flac",NULL
"4d276ff1c41b764faf35d661fca7cf857d0d9079","flac",NULL
"f39633f10ca5c95aec66562978223e0ee91ea374","flac",NULL
"6852b65aff4964ee3ec1a697bef1ef0d1da58078","flac",NULL
"b893f77e7805b40cc2f480864dd609f022254e63","flac",NULL
"0c1b5e1de4b05f37f5a66b41e0443ea8a1f0c990","flac",NULL
"add96f41b3afa54dca4269ae0fde0f0a593266cf","flac",NULL
"40f93eec01bb204c5bf7667381951299bc5f07c8","flac",NULL
"670aaf37b93093e00e500a4d84bed2271d770946","flac",NULL
"254eb7001eeeb39c78cfa81d0090b8ca7900bdfe","flac",NULL
"4dd1cc900acdb1829c2502fdcd73ef29e21a42f5","flac",NULL
"1a0d99cdf3826650a08bd952cd635d8dba712293","flac",NULL
"e5bfa0d7641ae2de1b89528beecbaedd70acd9ed","flac",NULL
"b384662d09ebdc48d25a5044a61cdeb2173b8c40","flac",NULL
"f7ec13a4a44226c299ccb126d6af3ad1e4559844","flac",NULL
"f0a369964ee5e82448d02698d51a80ba1c7a89ad","flac",NULL
"27e1748cb5bbfe1b6941fbafb8be371cccd3c09d","flac",NULL
"047b6a1fb0606c08b5c77efe64d0977b049bfb46","flac",NULL
"bd3134fcfbd455b3bdf75b47898c19565105900c","flac",NULL
"b36802da882777b5d00c848124d544e4921d85f3","flac",NULL
"de413ee8b184674e155783e937c62a4ee73ada5b","flac",NULL
"0cabe6c19958d962f3f106a46be587aab48c0a13","flac",NULL
"6cf2b1f3dd7e8265eb95d65e2a26f4995a24c808","flac",NULL
"4e05f249c33913cb7f1f43b1dcbd2b14ddea7d4c","flac",NULL
"d20dc5eed261aeefc203755ace603f6a79f21e42","flac",NULL
"edf9cb461fa25327eb6ec82b028eed1ccdca8ef7","flac",NULL
"2dbc671ffcc90670f570b3fe34e9a67fce8048ad","flac",NULL
"e40139b875d1e68552f898cdd4fa43ec04358d12","flac",NULL
"b5a0b889da53ef014e48fa7175c93a7b6adf8134","flac",NULL
"0eca312bd2be9b88ce314d897c37c8bd99ad592f","flac",NULL
"a91fd3672f8740ab42db81a5faa5839eab58f966","flac",NULL
"35505142d54cf07f2a7e5e1901f98d626609d7ee","flac",NULL
"32ec83d656c352263e7c00499fce70c59a4d8683","flac",NULL
"0347b7e9f09b3325de772f6bf9aef79269959fd1","flac",NULL
"33909f8ecf214761023359dfc512962591e7a528","flac",NULL
"c53f6d5aefd60065953a508ddb737a9d07546433","flac",NULL
"98a4b7570b59cf656c6cc44beca6104016ac093f","flac",NULL
"5cab105aa877d04db10c007f0a5317eee5f0f6fd","flac",NULL
"8ae58b202cd09def453a7148d16ccdad83b28e85","flac",NULL
"048cdef513cacc994f2b0c1a880474db534f51dd","flac",NULL
"6abbcfb5b259c9786c1bdba60e3441d824c0ff6d","flac",NULL
"0ebc76986c1b83c98064842f2808430e23992135","flac",NULL
"c945af709d31939d6237c05c33c05133e7d33a7b","flac",NULL
"029de85763371bc059d3424f0e9397a8dd20a61b","flac",NULL
"2b253394efb17ff08456963f87ac42863b9cc9b0","flac",NULL
"6ed21540bec91285a815de82fa76c9be40849e49","flac",NULL
"570bf52269589ae6f0542fd9b014ed964923d9f4","flac",NULL
"978eb6319226076c6b5b3929f92eb3942994e8b2","flac",NULL
"e51c79785e7cf793a4d7b263f1380acb3df1216c","flac",NULL
"c0cfd175126610f9b3fac781e0bfe7729de7347b","flac",NULL
"305f451a0259f89da452d93be931ce7aedcf9a8b","flac",NULL
"9f91357421551ab687e7f467af1dd1d590e7ec16","flac",NULL
"c1c8f198fad13305750c9498c267d14336c2cc05","flac",NULL
"343c81a5efdb45a2e9d62154e74b814aceea5aec","flac",NULL
"8b24252c38d1391140dbfe8946982fea406a4d0a","flac",NULL
"26fe5d4bad8c57c0381c133fa2a7da2f73311f92","flac",NULL
"90cc55882713d15bd94d806190ccbf5064fdf973","flac",NULL
"46ccacb01708b1f817f8f9683461d58bf7fc430f","flac",NULL
"72f3ded2c2512ccd65d7b5e1a7f8249653a6cf96","flac",NULL
"ed3115287a614f812b9a6181d8b6d51254809b07","flac",NULL
"b080e3bb9ff4d801361fb11d51c4a83a537b5eb4","flac",NULL
"a2b24350a3574236942fdf05e081f240246408e5","flac",NULL
"975fad2f4e3c2f77221041bebdcecb1a6c2aa227","flac",NULL
"be69fa32d157217779692694233a1b7989430db0","flac",NULL
"19b3afd70f37402f03fe1115625778064e94829f","flac",NULL
"41c9d17f2c1742dcd524b78040c78d33692d9678","flac",NULL
"a290b8270cf6e15bfaa8aa223b8f163213abf2c2","flac",NULL
"1a74de3678e9dc12fac513206fc4062d2a6347e1","flac",NULL
"1725703833b187780ba03c686b3f2fa8c2754375","flac",NULL
"5f33f646ae95dd3b5ca332c1979ba153f569f92a","flac",NULL
"c177c09887c941bfd588d5baa44adf5129eb1cd8","flac",NULL
"c8bf052cabed4ccb53163920a3eb36473897c381","flac",NULL
"9fa3710ac0c7723c6172789e37fcec00f2f5b386","flac",NULL
"74199c74d71f19c773dedd83aa9a0371692e8ded","flac",NULL
"9dbda43af6ac1086783c3552835d08e27d66d95b","flac",NULL
"ebc1f67d0f16c1443c6efb9d81c54b54a0baddfb","flac",NULL
"6dde3d2f336b04faa5c0e3ed85209d745b741f11","flac",NULL
"6e7337495d9b6c838a6afa8169045f1f3165a8f4","flac",NULL
"335ce86fc9299ae0d0c49c3d215d71525aab7ed9","flac",NULL
"67aaa1f4e7cfc2f99bc86213e0912ece79f29e60","flac",NULL
"9a3d813f88d65a7b8108df05a7c3fb12db73dfd3","flac",NULL
"44624d7779673bfbcaf82fdfb481dc084eaf1b67","flac",NULL
"7bcb9e7f01a0550ecf2203630d2642c48c7bdb04","flac",NULL
"5a1d852d625cd086d6b3ac57163dae9bdcc05be1","flac",NULL
"a74289a2e1860a284bc6d141a98697c14e89c0e1","flac",NULL
"0f1430b7a13a59251ebef00e384c22d3a719d156","flac",NULL
"e92fb0505f75d264ff2312ea14466eb01de3805b","flac",NULL
"b45ffd006403460a569653b22688b4df09c0aa15","flac",NULL
"667163c9e5ba1edcc3f3cc94a1d840bcd062c277","flac",NULL
"d2cbba3ebe94fb895dbad6c6eaacd0b828a8ff49","flac",NULL
"a144822763baf01ecd5fab96a0b7ae25913ac976","flac",NULL
"fda08452f462adc4fc8c34c67cac17a68e6bb55e","flac",NULL
"8aaefd0d17cf696327caf204e1c5f69ef1678285","flac",NULL
"e5e31024d782eb3d6a3f7bcc6d765cc36c154e85","flac",NULL
"3f5859df58e36b3d0b3cbf7193fb0009f1138a67","flac",NULL
"6198799d0ba209e327c88394231ebcea0462caf3","flac",NULL
"03c81e6da91b694652640d5f160df0898342f549","flac",NULL
"e3fa51a0249264522c323e6c468adae4be768407","flac",NULL
"c477aa9fc50b0a9c9e69d3b8e358c1b137479627","flac",NULL
"57d27e27472eaad7bad6d74171c58e28fb7fa2ce","flac",NULL
"be50fd3b5105d0abd6ae2b63816dffe124eab9b9","flac",NULL
"5d88de5d800c675f6d2663d1bacb8e8329a2ffcd","flac",NULL
"d63489e95f27f0aab600eac6e5267452bc252b03","flac",NULL
"9078d61d5a08db53544aba4143d3a0bda2d8cb29","flac",NULL
"28314cf8bfc6aa1e6c048031ded22bc1feafbeae","flac",NULL
"7ea30a3245da8348518f19f991a0fd736217f026","flac",NULL
"7938f29caad3a24cbc68b695c0b15101d724f1b5","flac",NULL
"6dc83d751072fb08f0a10b3888542d6e230c0707","flac",NULL
"9b99667ca9ad0a7dcfd0d7df78691929381d79fc","flac",NULL
"1d6ce9556ed8167abb45976be0b69e7b064ad9aa","flac",NULL
"370860b0d6b72e4cd5257ce4651356152263d421","flac",NULL
"6482ce5e70ea49575b024e30775543baba51cbaf","flac",NULL
"a5b1b1ca4c69fe11f369e9ab4a6bf278d2560c80","flac",NULL
"e2dc31657d885c3ca7b9414e12eee72303b1749c","flac",NULL
"cff368bb329647eb2a81f7f116693faaf0a17bd8","flac",NULL
"f94a1a5447f5145385f7cded5030d253a654c96a","flac",NULL
"c8c4a2c72b478a9ffc29285a69b5e8410464d11b","flac",NULL
"fa18306901dfa8f029c0cec8d2ce97d333f2914e","flac",NULL
"65c0daea4afd09daca99f0aba0e1f6e881af57dc","flac",NULL
"ec02745971e3936ea970de2990fe284a43b0fc12","flac",NULL
"eb845f333f821e22457811c141e9d6d2d42dafcb","flac",NULL
"909c2392e67bdc397d1d8692e4bfdffcab495bd1","flac",NULL
"99da8e7bfb4d370a29402bf63c7c39d9d58941ab","flac",NULL
"745b7831a806176da1c4e61cd7c67fa4ac5ac5dc","flac",NULL
"cdfd4bb5562ff7f145b90f41e5d899aa9c2de936","flac",NULL
"b56909e83647ef885238492214daff6e196dcaa5","flac",NULL
"e8379b6a60d6c6cd2d118567c5fe2eed270111de","flac",NULL
"5a13ec6731b3f5157b0870072bae7ade408b900a","flac",NULL
"5093a7d87418b13fa3e831ff07ffdf28c9af87b9","flac",NULL
"fd50ab6d20bbb361c71a54c8905950980c81c064","flac",NULL
"4ef34e43219718f341680121821701b9f0e6d96d","flac",NULL
"e553c9cc438b7a01bb9b0e8641af351ee9823a57","flac",NULL
"1c39b2394a2e172ed8a91fcecc4098691c8920f4","flac",NULL
"25f3142eb87441a069658380f4aab419f678b258","flac",NULL
"1a4c2ed040223c788772367678f4a3146b1a5fcd","flac",NULL
"94ec7e3556606c7bdaf45df9c787438be195e9d0","flac",NULL
"13e9904bde7080ce35825b21261d34804c5b553c","flac",NULL
"a632128b725c583dac0353699049f9aeadb699ac","flac",NULL
"983475e93837a228978ffb6306e81fe4d2cb9ebb","flac",NULL
"476ca7851fe088ea357bbe75c44decbaca594c5b","flac",NULL
"c4eee3f3af329d1119e0cb4c2e454478312d78c9","flac",NULL
"afa1dafe778ae74b473497713812a6604a885f66","flac",NULL
"adb2b2f0bcc50d8292a81daa09891b4a6153e52d","flac",NULL
"7cee1cb7089617c3ffa10ab604b19a496a5749a2","flac",NULL
"ecc8f92d0114e04bc89e8f878bcccedefc800dd2","flac",NULL
"3cf2d5f25ed5084ae34145b712f0428e61e2ff2f","flac",NULL
"565ce491996503bed4f6f4da5702b2822298e783","flac",NULL
"876c234639153606cd0fbc858fa77bc21788cacc","flac",NULL
"5c16b7d5acecb2a3515b82efb164b3346c4c2f44","flac",NULL
"35f4165a4aa4f7f0f57d8a0057e6e617acf6ac94","flac",NULL
"13fcb6629759a1a4139c83dc8fe94b2c3ece44f0","flac",NULL
"9f61fc212a59aba507225a25062ed46fa63dbf50","flac",NULL
"abac9096610f268ab6ac26124de6daf7c2cf0205","flac",NULL
"f4cbb1bff3bb2495b7b4a78e353f1b6b40fa2de1","flac",NULL
"02b11dae2c43e4ba45ee6b330a0a9546c09ffef6","flac",NULL
"b698abecee9fd689d85855f4c072710e57b2bc0f","flac",NULL
"113db2c69d51a554b362c8d4ae741367aea2de38","flac",NULL
"c2a7c9649ea97d498f16c96364655d2c13596069","flac",NULL
"f9af6121ca63758a207b9cdb6dba18c28f412c7c","flac",NULL
"58d2f39ada635e0ddfdb3a242c35af7657101d2d","flac",NULL
"72e456cdf04e7cb01c160e146e8ffd51b5e10217","flac",NULL
"69d05a41a08eee59c911ff228d619f68e396434f","flac",NULL
"121dd30bf7233745fcb0fb35f7114d9cec217b70","flac",NULL
"e237db16c5f6a2121b6bd4b0b06575a31e84affc","flac",NULL
"3c91773ae4577c1ff163a9a8d846b60b881d2147","flac",NULL
"66c2b7cf2dc18384e6366bc7856487b95f39df07","flac",NULL
"1c2fdb3a2e986a686369ffe95bb762474d2c6849","flac",NULL
"6abbad3abce01b4cbc35842b5af0c034fdad7426","flac",NULL
"3b3606669c17ff78346ea973204e1f56d8d21f1b","flac",NULL
"a499e91b27c179d6f627bd4f51daaafd9f796490","flac",NULL
"aaca4b72c4e848fc457930854ccaeb9fa6725cc3","flac",NULL
"fdf65993ce4c6e518affa8f99b532ac53f342944","flac",NULL
"11777f4794015055b9fa7d972c3c8390da2a7be2","flac",NULL
"d98bbd60ee7a2bb811b6c928f686dd2457d27015","flac",NULL
"fabc64d9a02ed3516c34f36137a4023ddb65fb36","flac",NULL
"f73330e5b6681cd173b4b6d6673ccfbfb1d94dde","flac",NULL
"9d71d9c121433c36f5ff907ef934e8b827f18b52","flac",NULL
"628e733b4e88d8553ff06d7ad96b726fd5d0f991","flac",NULL
"e96448888c91481ae05834b90665a420bdfcc386","flac",NULL
"c694f04e8c716c6a126b5749c0f53f57424db624","flac",NULL
"d22d046524107ddc416f298dc9c90f455264fc9f","flac",NULL
"1cf48929e9e911bdd412bf3a5d12ee92d08fefdf","flac",NULL
"6cf92b444f7ff22c30ce5df7a41cc63f18f798b2","flac",NULL
"9d08d15c56d6b7d0f42281f955d42e9262d22b18","flac",NULL
"9ffeb82576d178bb2e3cbd5a006e6ca3541f74a7","flac",NULL
"431454926941e9f057432efbd04b64a9778ddf99","flac",NULL
"c2b91470a92d15ea7ccc3792821f649d6271e405","flac",NULL
"dd7809b7934c79e924092bda47d3460478550d3b","flac",NULL
"c3a8dfed941930aeedc90c6f4f0ad17215d346b0","flac",NULL
"0ce6c9c3f41a444bfc2cddce0fc42dbc08e08de9","flac",NULL
"c11fc3f209673c9cabcfab3547b82c7641800db0","flac",NULL
"a02980a9e1a5e2464cba972e9e5955572c248542","flac",NULL
"4b84337ace799f5e5bcc0ff29e5157a65c936c06","flac",NULL
"a1bb1361c295d38f2a2d89aa0e8b29e6a022aacf","flac",NULL
"88228199d245de7aac8ba4070c7c3a6a9b73b39c","flac",NULL
"c6091ab5d19c9f6f7e23d633f1d3d41fe2e23cde","flac",NULL
"3407c9eacfd7bfcc23ba2ea1fb6eee5a354ea1fe","flac",NULL
"bca599083878fd6a6f0133eb1e25e61c5f4f78e9","flac",NULL
"6d9d377c4ab401d9565dbbe70fc495905bef37a4","flac",NULL
"7f76b437bd733c6d9dfa52663b1597df7de25906","flac",NULL
"316fc4940571038e206e557ace91777345237770","flac",NULL
"89a7ad5bdfe7c7d7e7f59e5fd73cfef968a3831d","flac",NULL
"714a64dd49e9febb85b83b622b04a9d3baae639a","flac",NULL
"d62566c64504c6c1585ef9ba6360681b0212a553","flac",NULL
"2d90e4ad064d05e9a1288f2edad28428b46c8767","flac",NULL
"cc1cd6694e0e3839f283e2414595aa12d81a2221","flac",NULL
"1f3d371bf44ff6440d71ba16c6ca72ed79ef5170","flac",NULL
"22eeba5fbdf66e7ee32e46e6361fbaaed143bf92","flac",NULL
"4200d47a1b1c528f221a90fed690ef61950b2f7e","flac",NULL
"1b10414658213a22e73e7c9ded9e0a22a21a1433","flac",NULL
"650d8a12f7740e812def81d4d5f098525a0d71fc","flac",NULL
"005bacaaff612d360b6d8a1d67a7d20927941667","flac",NULL
"36f0dce30516049020b14296a2eff3016debab1f","flac",NULL
"a6f944436c5d04cd608f9d456ce195589832528c","flac",NULL
"80688b22855cc0e520a9ae94a67b0137e63eb9f3","flac",NULL
"786b9c6e1b40f2e82eba7281d5a3e16235d37bf8","flac",NULL
"bea9d2d1bc930af0148014d3f81ed93dc120c51e","flac",NULL
"c1e29a275fa3db7cf8fdad7c6f51cde45491b2bc","flac",NULL
"9d019885d3bf7be35288cd588902852ab43d75de","flac",NULL
"6fba120402dc701ce3c8b186cc957df511bd866f","flac",NULL
"902239040c40aca1f76d1403c5402cb5c457409a","flac",NULL
"f9beb77c05f98c48665fddbe59dcff48b20a1988","flac",NULL
"a270b5c01917bec57bde1534d995e94e110654a5","flac",NULL
"b57818cee4fcef35b70f0c9b3b9be518a6c2169e","flac",NULL
"09a843586d11349583f4dbf6aac30c86a6e7b321","flac",NULL
"cb8b76cf42fd254b35a279bef6b31ce3c04af9c9","flac",NULL
"f8e953d7778a285fa33a6cd0faf6f92d4c5c2677","flac",NULL
"4cc907095703904d1ec4a165a7ec391e7df6a919","flac",NULL
"467faad9c1dc4e6009bbe0f815eaa034bb86b748","flac",NULL
"18ab296476cef98e0d885d592c903c13afab8efb","flac",NULL
"942e491cb8f0461a84f344c08ee246e9972627b5","flac",NULL
"857398b29567f14aeb0fb8223326605860c486fc","flac",NULL
"40ab46093452d4930d42601f9194984d212c2784","flac",NULL
"88d7134a6fef9a5147b814127f4c0d87a1e50710","flac",NULL
"ed618129c51d516b9bc3742c754d8a12957c2ba1","flac",NULL
"e1b4fc31a2c1e6719de988fb4c7afce2d017d7e3","flac",NULL
"a8283203fa4ac4bc785001125fa6fdcf4aaf644d","flac",NULL
"706c4016dda45cc062eaf138c3280dfee45b2e8d","flac",NULL
"dfeb42d72ceedc0230e592c87213dd3d76a976cb","flac",NULL
"1bde6f889f6daeafb018bb41a5266721eed5c48e","flac",NULL
"a05d1e1587e28b685e7c528d84498f41b4540a7d","flac",NULL
"ff81c46aabce41ed40b35881581f770ba8287353","flac",NULL
"5629c8cc3d4dc75d5422b1bf3d8c9605d79dd382","flac",NULL
"0d8c3c6a114e2680347562d587fbdb49b240f9a3","flac",NULL
"5e763ecec2c00cbe6bb5c5162a3cbc3e21e10fc5","flac",NULL
"4cd08812aa854ac467f28fc460aae12a32dfd501","flac",NULL
"b171989dc47057a553a7c906de761c10aea00aeb","flac",NULL
"f049ca5be4b6fcc202c5c54baf1adec0d87db1c6","flac",NULL
"9e6059e775b740aec62b964664b309e46b99a052","flac",NULL
"09ebaf356bfdcc98dfcf3342a73858fc452d9cbc","flac",NULL
"a575a807ea537464847cc9d82c8ef937439a9948","flac",NULL
"18f0c25e3f57311274bb9f2cb8b24889542369a9","flac",NULL
"16fb1013d04e932ea51b9fdc5daaaff6c606cf07","flac",NULL
"8c185f89851324f5e01cd630af72f3f18ec38f14","flac",NULL
"a6b6dc4e50739f0e2e471ccbfd59b99893ffaa91","flac",NULL
"8797b221bd6ce361a49875d71dd31e688c1e9d69","flac",NULL
"90fd8122a6cd03fc94d9b55a777ddd7a13ecfedb","flac",NULL
"43827d3856543b02bb3fc5e329ba86fd33c1ea0d","flac",NULL
"41ccbb3141ff2c96dece5b716230e131f20c5fec","flac",NULL
"d768f0fe97753bf9c9420acaa77ff53fa1ef7b63","flac",NULL
"402efbf3037b5fc8d99eec1b893f9f6b8570d37c","flac",NULL
"05e4c73b58c7f5aa08f30b755244d6395a2d94f8","flac",NULL
"46807939b87821700362143342f0ec5f0dc7ff4b","flac",NULL
"b9145d7c711cceeb41399f3bb63fd0c3bc49c053","flac",NULL
"758ccf62bc6b58b69c6f70e9ec029786b9df2b50","flac",NULL
"1c63c8d59858c27fe9cb1b349659b7a512618853","flac",NULL
"c17d9a03d83223154294cfc75bbb09b61af4354f","flac",NULL
"ceb3246e0f58025482c91ff3d25b1092615fcbb3","flac",NULL
"fabf4938edd5b548c247e9780d8736608e460979","flac",NULL
"b9cc6d00bcaabd0fa07ff6f0436d15a0bb0ba537","flac",NULL
"f17db0f5bc0923bc812391e4bfb58fcfdc353994","flac",NULL
"990382b307a135bc39d0cca3d0e20c274d3894d3","flac",NULL
"12024032eb5c87b322852a1ca424840dccf06169","flac",NULL
"bf2a73d41a34ab16ce43678496da5eeb9c9bec74","flac",NULL
"c9f675c64f0a4ff8a632a82e843e00d49a470270","flac",NULL
"8ae03e662845c46b3b95f3b8303bb51560df899b","flac",NULL
"6be6b37d7c7258e4282f71b4dbf1dc3de8adfdcd","flac",NULL
"f558eb054df032b1ca11f8b6c0a83adc79cea4b9","flac",NULL
"2f2e0ca7b82156c25d0bcfee3f316a414007ad96","flac",NULL
"7a7ebbbef6f53db3932e0af95c8e707bb2727bc8","flac",NULL
"cb8dbf889d8b9ae7bdae9611eb3dd4f90d3e95e7","flac",NULL
"b31f6e97d9f8dfbd10a6409ca9d6094d3eb51af9","flac",NULL
"d618a80ab9e057df8d83f336fb98fa2fa8f19e9f","flac",NULL
"7d36665ed8cdbbf77f96bc0159b8ebf23263def4","flac",NULL
"d0cdd90d4b32620e0a1ad94a986c83de54e0532f","flac",NULL
"fd2863029863256692eaf7b96d83c61d9eae4b41","flac",NULL
"110ff1a3993995877e1fa63bb6596cf8efa79ac6","flac",NULL
"37a9c41a61215078a0a2c3a69477fedcfa569f21","flac",NULL
"7f41a2a4af94329761d66459eab58ea87d8f8944","flac",NULL
"1e48461b3f51c8b81e90b1b9c21081b9ec5bd396","flac",NULL
"0bb43f7bb5033b3513fca98df8c0a4a4d21c6361","flac",NULL
"d6f024f39642f7cdd4e40cb6afb92f9a2b743c57","flac",NULL
"39873f62ae5ffc7c7dd7796cf6450785743b2025","flac",NULL
"5262243ee3af1bc2c5c015e3ec22e43e6b60d634","flac",NULL
"9e52136aac136c76a89346e8634f19f87e7072d0","flac",NULL
"dd72934fa601cd888b44b4a8b4b1332a60135a44","flac",NULL
"baa4db46e0f17b761866c787833dda05a7a85aa5","flac",NULL
"3214fd607ec80e1a6c36a8cdffde659d7a83b39c","flac",NULL
"dde27403712ed9d0de0f88029b3472433ac59f2f","flac",NULL
"5bb376c5dd55d468417e667466a58e9adc248026","flac",NULL
"53b421846e15ce23094246182b371cca01a0af3e","flac",NULL
"50a5c534d13f9dd83bf73bbdbf994118406e48dc","flac",NULL
"4f93e8f18a9aba6660ca78baae7f8333e64b106b","flac",NULL
"177f880b143fc2073c35328d5d0783134084d4d8","flac",NULL
"7eeb686a8610d33f69ed50846ec13e94d2dce507","flac",NULL
"8763ed09b444b6bbe23a1c693dce1c913d5963b2","flac",NULL
"8b8e10fcee63f5c5d7e753ac3ad399f2d917620e","flac",NULL
"4844832aa0280d040be997d0df5133f80d3c11a2","flac",NULL
"ac1362ba6234a45c6ac2eee97073015739e5ed85","flac",NULL
"828ec4543095da5dcb0c4a8945af1db0122c0d07","flac",NULL
"714d34647a8986f3df8690113c773b31b6ba96cd","flac",NULL
"d81a8a7d917d0c2f91960a6ae7c2235693a8153d","flac",NULL
"6ff54d8ec74666851536ede87c7bba78a2a09b6c","flac",NULL
"880bf5871ddeb69f4820394a04d0765d7262c3e5","flac",NULL
"b3d86a25c4dd804b9bbe1bded5f2dbe9f35177f3","flac",NULL
"d1abb92f7eec89700aecd2663331a625a9ddebb9","flac",NULL
"6f6e58ebba711fb4b1c1d0e9ad2572b7e74d26d4","flac",NULL
"704315b68593feaa28c962df42b8d0bb399e11d0","flac",NULL
"cf62f96e9d6fb5badfbb4cc9a8249de151537ed5","flac",NULL
"7212538381fa10c750d5d312d168be208a3af319","flac",NULL
"60d66740d4b0031684f9c0e10a34f7a1d7854e6c","flac",NULL
"96053bb8298bb631ded23c62f7d6af3d99bec94b","flac",NULL
"aab75edcd42a704d5ad518b1af1130b9a7a759b7","flac",NULL
"1dc901c4d39a763d9c4f2663cc8ff69d1d5f77a9","flac",NULL
"9a83d476eba0097a0752489da2da5598539b30a1","flac",NULL
"936d95b50f07d2ea6196ddfb300ee0acce3364c1","flac",NULL
"a0e356b94e5fbafe216eee998261d3bf6e2fc5a3","flac",NULL
"05a53b01d220e7892e97a44b065a2bf1ed7e72a2","flac",NULL
"bd64fcf0fb3e573fc6ac8df65f8770b8adae779f","flac",NULL
"6b4f4c6d28a44094c5d08a4e178c0f0123810c14","flac",NULL
"bc241239576b6a12495ee73cb6dbf266b198e386","flac",NULL
"d959d0c752959f35a6fd3aabe44e094f4747e601","flac",NULL
"d4914b4ed77225e222faea115fe592a6f61e0004","flac",NULL
"29eaac1ada85a5b31e1358a0e2f529cef5098fb0","flac",NULL
"26722a26420a36785b91855eb2994ca1b1f89498","flac",NULL
"d1cf56eac5dc6d64d5a3027f22c373c863b0ddd9","flac",NULL
"fd564668c85d404b404438bb241f2c4731cfde5d","flac",NULL
"21b9c2eb23b9f3a6475e7899fba9ebeb2d9a164c","flac",NULL
"cb38cfe9414f42c3c95f13a850ed24559c6b493e","flac",NULL
"ae72b907e7bb975c345828b00000faba1a2ef992","flac",NULL
"5c467284cc4c2ba4c07110779bcb5b8f6f1a812c","flac",NULL
"8ff4d977e77843e892f93b13fd6092e60e0f28c0","flac",NULL
"2fc0332f2e6444c001de09d302f291695cc2edce","flac",NULL
"42aa46f1693ade20c0be12df613c3ac4dbf2b67f","flac",NULL
"820c16ff7fe66cdf47bdead70b2ba38f10641483","flac",NULL
"e85d88178076072bd1ab4fa2f2e9a74e83d8d159","flac",NULL
"6714e180a67d2e36a846cfc8fce6031f16af11e2","flac",NULL
"992d684974526f72c6f4d1f37abfb7aca3944c27","flac",NULL
"825383f67502e3245d175afc676bf05319a43fbb","flac",NULL
"28a5a9924bb885d5121627b8fd45f359e062376b","flac",NULL
"b4829ada7e6a0e6c2f8880f73fdd78da12cdb1c6","flac",NULL
"983c6c1336b1f173fcc47c2ce9e45cd727be0573","flac",NULL
"a19edbefa1c47f794ddf9060b62096ebc1cf0e00","flac",NULL
"9d0c0aed45251b2c90a7862512ddfe4a15830ddd","flac",NULL
"dcda8c22d4d9d2fde8ec2055a33bae5c553e414d","flac",NULL
"ef7b017e33df1aec7ba3b287db5a24b5dc50fd75","flac",NULL
"5d4b574417d6aa919022e16ba09e1ad8ace29dde","flac",NULL
"444c774530b58b6decdc6bba76299607012abb36","flac",NULL
"568465179727208717e2569388973112a0e0fed3","flac",NULL
"75c5a60943f3e37b14812c03905171213c77397a","flac",NULL
"9654c47b51d78b7ca94dfdf6ee17dfdf8413cd42","flac",NULL
"6a9cf263a37cfedc9ef75e08846588109fdbc442","flac",NULL
"d63c2601466923d068e7195be3e82341c0696294","flac",NULL
"1bdf96a6be6b5fa94538eac9bfe6c6165d43c0d1","flac",NULL
"165f009bb87e937ed56933a1746f0720774467fa","flac",NULL
"a477bfa522d440cc878988c30a2b7ec60ac81439","flac",NULL
"f4dec03e953584a54d281cf5dbeef7b13cce917d","flac",NULL
"4d88825ec73394ff8b8dacebe4c41cb3a2b4d2a6","flac",NULL
"3d64421b608dfb94f8b04cb65639d49436769404","flac",NULL
"a3fbf127eca83e3c961f75393cd9247777d250e4","flac",NULL
"1601d83a2095fbba0135db10eb1f458da56b7d7e","flac",NULL
"aa87bf02dfe4c3dbe379b363a68e8a9140a61156","flac",NULL
"637881eab9837090362f6f0cf5020045a2a9e649","flac",NULL
"19b8ef191434abe446ee7d48c59bf7a615bf129a","flac",NULL
"395a264dee1459ebbabd0eb556b048e7fb1e00fc","flac",NULL
"fd96942704adf26f25eeaa88a8ecc50a8fa798f6","flac",NULL
"63f29758bb5f5667fb65c61e68dde9c9dd2039a9","flac",NULL
"4537353273fe830660c8b29f47313a5abee705ec","flac",NULL
"ffc211ecea252d8d18f05f6ff74bf588cab9e080","flac",NULL
"75dbb775d5bd1e394aea38bd3957fe1e9532522a","flac",NULL
"1211d8384da022df3c3ff77cbd92c8330de7acfb","flac",NULL
"9f5b3bdf8e2ebc6915376478152c10302c428a51","flac",NULL
"847b13db00ff753e1b21b4022de60cee2c71f0b6","flac",NULL
"69131f875ee2b64ee43f837ea6ef94236e88b5ae","flac",NULL
"a790ad8b92cc217b4107042ea9ef1b39698553a4","flac",NULL
"d9444655c2bec9a7b1ab926e63462bbc9f8da816","flac",NULL
"a56326ffaed7a0c19883552f52637bbdce5aa522","flac",NULL
"06357544e03a300a0175972327423c80bb6f107f","flac",NULL
"fc47a464ffdc5ab1b6a922f077f9465b38d70259","flac",NULL
"d60b2af3c07321d771a42e140be57279cdd327d4","flac",NULL
"032f76866198b57c676ace29ad471c17df95d2da","flac",NULL
"d00f58cf6efa1fb1480ecace56308b6c3a7645c1","flac",NULL
"472a03d68c494ed360672de83abbd25d44b01f22","flac",NULL
"a61e70b547012a797941cafa1359d7a24aa34e37","flac",NULL
"c5366cc316205870fa0f680a17cdc6067a0a66f4","flac",NULL
"3d166399ba1f61dd1ae632eff0105938498f69a2","flac",NULL
"ef0e23f1a26fe00464d82d5ec8252987f19d6aba","flac",NULL
"c64794771147cfcfa08464c8d4461fbe00a97687","flac",NULL
"3dcfca9e551407c9582f033b330a9b3427fe8995","flac",NULL
"7ce9f42870278f9e4651e38afbfe28ce1069fb4d","flac",NULL
"664c464053113f76fbef5f55a2442299f7cdf0d0","flac",NULL
"e1bde142b87590372c40d37abeee9e4790d80194","flac",NULL
"d1cf372b468f21858ad1c83524b8297ac4005cef","flac",NULL
"b25f99c7a61af4fff9d27f062220493fc6057282","flac",NULL
"dded6ef8d59ceda51ad20b4bd8dee7658aa75912","flac",NULL
"7d59c1850dc259d8dd60f05e4294f5b79b0cc8aa","flac",NULL
"1b08f0accbed12cf7b190e301fd6e4e038eb57c4","flac",NULL
"f9921b26ca68353d7b66c2eb0ae343d15c9221af","flac",NULL
"98b577be545cd0515a74589195ee0b2aee80ca67","flac",NULL
"e7313abb6e43e1ef4ae8452953f04ff3aea2588d","flac",NULL
"d6996a3cccf303319ab89f415152491033f37b29","flac",NULL
"5e6f8a98ffa7b1f1e535d1e6f268a93c77fb90a4","flac",NULL
"531edacb5b8c445d052cdd00b5fa9f862b08f270","flac",NULL
"091e913535298afa6bca0801a190a77abb897961","flac",NULL
"61c3fab613ca76ab82622203250108d0cd1ed64d","flac",NULL
"9a9518db2720f86aaa070e194f2859d85addcdb2","flac",NULL
"f5fd6b9ec3f0bfd891283af143ffbe7aa08ce6ed","flac",NULL
"ebd22f74d237b3e5e9d9001571858acf0255837c","flac",NULL
"1ca4eb64bb11007b789b2a4965e612e5e0582cbe","flac",NULL
"1966a59128cc398e40c2a2d1fff8b4a8bd3754ac","flac",NULL
"abd8c666095dde7ed4605b70a4d975a0640d1995","flac",NULL
"849ef1820240a0e969f261fad649a01c6e2de686","flac",NULL
"ccb88e852ea4b0cffdaf79277b39240a33cec34f","flac",NULL
"64a86a8e09e67398f893d5ee35935a9d25200dad","flac",NULL
"27bca08518a6db98d55abd5a8d5abd48f83fde7a","flac",NULL
"01a1c849d2f7dc88a35a4bda7adf9fc2c1d569ba","flac",NULL
"af006a891448ece64b363b9e20169594ef7a3bfc","flac",NULL
"8fe462965a359feb585f8875d821d81e08b77107","flac",NULL
"cddb3d74338b587a4ac1ae234ba7988e964fbf9a","flac",NULL
"8d9deda60968f0a91acb19796e479b20492c0dc1","flac",NULL
"0b1211d744cdaffc48943e31d447d305a6987b58","flac",NULL
"8adee5502a7b8d22679fbb47f657bd78d10a3200","flac",NULL
"9b1eece220ef210fa70f323232891ab2db47034f","flac",NULL
"d844f1a1b655aff526eead77b50a12979a836114","flac",NULL
"d1dabe9d42535745e18d8d4c95b12f3f44a5ef46","flac",NULL
"d3e11777c9c2b4a17102010366384f6531ae1ee1","flac",NULL
"ccf5c35feda17ffcbe7dca3e52d2fb25de2a3fa2","flac",NULL
"26718c27063c88f43271f29495ac8f10bade7436","flac",NULL
"ee4e18dbfdb88a32ea5ca79b2b0107cf3de8587f","flac",NULL
"3c63f8ae0c05bc1bd632ecee221dca1970b61e6b","flac",NULL
"fc026cb8ef8cd54a775fe154e9c74589fb40059b","flac",NULL
"8ad7e6b3656a6a4bdf14167645137de9f848b9a3","flac",NULL
"9d4bbf92bb4657d4837565ba573d5cc4d45888d7","flac",NULL
"b4a039ccf4833ded41648b8041c6e99d347fdbe8","flac",NULL
"2a5e02c6c7b9c13aa3a1e87e95f8ca2d5f4e3970","flac",NULL
"c1a3b7ff246a16c647bccf8647351239036a7eb2","flac",NULL
"c3d25a35716191fcceb4399e1c6c21eaf5add4d1","flac",NULL
"b18679b0a318233341a37bf7d313f7ab7855bdcc","flac",NULL
"060404d84b9d0e4390b9d605ccd339a924541cf9","flac",NULL
"4a69247552c096c532e9cf8ab8ac8916791c0d61","flac",NULL
"22f0e2a0bb47e9759a5285728242e722711c6d87","flac",NULL
"23e8bb4523931b38745c9f6d52b1c870bcf868a7","flac",NULL
"9d319e4f178746d99094490cef6d771c21666e51","flac",NULL
"f62a75c503f0def5a0978673bdc7eee550e8da2f","flac",NULL
"d526f4b21fe1d9e43edb0fe6462e51a02e18f0db","flac",NULL
"1278b619b39e9abc6e9d3b569944c4d8bf817487","flac",NULL
"13ba585b0c3a280409b301301f8a00a4b3a23497","flac",NULL
"e23bc8f6685d75155847e27bc5cfac61daf0de2e","flac",NULL
"9e5258c8ebf38d32b2f0643be1a19efdede06d5d","flac",NULL
"3066da4554b2564ac3cc86d16ad95135397549aa","flac",NULL
"107341ef3469f914557a2477b891a30a53585ecc","flac",NULL
"bf569d3b756f5ee4a9d7c88839568af9e7d6769c","flac",NULL
"7efa23c95d086a41f781b3db3d64754008791bfd","flac",NULL
"c5c25f1af39415e1a553cd6da09c1d0c7d7861b9","flac",NULL
"a17c7e059946a2443bfda1d14c31dc5c7e295daa","flac",NULL
"03adf3560fa6d9559f35b1acca8703537e919ba2","flac",NULL
"829799a14b8d8ed4f74144265bd42c2771b0cece","flac",NULL
"68c641444ead2635537c6b11f1ee20ddff805862","flac",NULL
"a01a9af7f97b32f88b8b657e9a39b9bee7b362ef","flac",NULL
"d9ca8fd1b3ddf5bbb9eaf9b82c9c6e0ad5c212d9","flac",NULL
"b92466dab09637db6ced3de9602e97d4e6a8bbfe","flac",NULL
"e11fe85f0d0fe9e2ef7a0377774cf3449ade64ce","flac",NULL
"7a25852939f07e0a737cd963810e1fa0f795e729","flac",NULL
"9e1bf752a68333154b6e8684571b4a0741725f17","flac",NULL
"5962a9667a11669dd8c8ae55a95b5caade92f8cb","flac",NULL
"126554a8a4632c99c3f82ccf85ae77b6c7785a89","flac",NULL
"f36f51c029137734b1766bd39debd43fdc8e43fb","flac",NULL
"6b56663a030415294f1a3cfcaa8e8a29e40ff505","flac",NULL
"8d8c440d6bfb46813f8c7a5e553a551fa7d3c5dc","flac",NULL
"7cc341dde445d1379c77661e547d0381f1266c51","flac",NULL
"2a3bd510b74858bdce921aa1e5269425938561c1","flac",NULL
"e66bf5f2d5088a5fb9b60b8af54bd35d646193b9","flac",NULL
"8afa9c45b831035461adc92fbc24775c69bde555","flac",NULL
"31dcdf8fb5b05415fd100b2d86e6347f14caedcd","flac",NULL
"fafc88e56af1b6cebf03c74e835036ec29a18de8","flac",NULL
"d587c4814f3466f343cdade74283846af3153660","flac",NULL
"37bde66aa5848c5686e190a22262bd21b358953f","flac",NULL
"8860aee9a0528a9f0f1192d56157260c63e6c7bd","flac",NULL
"44eac5d291d648f4e9afc17d4499f80a650b5d1f","flac",NULL
"a0de1dd5abb3019e407555768d03bb83348292f3","flac",NULL
"a519e1c855b4977c3b9faf301f8994b80c7aae80","flac",NULL
"2147252e4ca91281ab6ace8923e682c107773c2a","flac",NULL
"66571339661f995ee4abb893d703f22c0dee2806","flac",NULL
"7cfff784d550ccd5bf121094fb4aeaa10fbb1f0f","flac",NULL
"a6198911e2c3667e788c187b2966e6ea03135bc4","flac",NULL
"209bfbc096dcfe3e15a7c6412d4db27feaad6b3f","flac",NULL
"254072c69e7f5ecdca93963b78f41c448732163d","flac",NULL
"ac291917cd711dadb6dd56550842efd97433b167","flac",NULL
"de3eac1972b0795e86d45d084338e7bfac56d3e0","flac",NULL
"b2bb41d7d7f5b56aca690b4d639cd9907ff2ad4b","flac",NULL
"6845a4871c271974a8b86c5c3201240fa9905801","flac",NULL
"9e47bebe278b730a93c01a9bc3675aa6118c6597","flac",NULL
"f64f677b95e7d1e63b4ad751f60a7fe18f663c27","flac",NULL
"e660e11064ed0f9f1e2ff378f650a5fe492ebe80","flac",NULL
"2fdffaf3945d344921fe290c9a0ded1740cfbb33","flac",NULL
"b0e8707a610b97360cab02e7ee73bb5797753d2c","flac",NULL
"4bea663b0a05e520c2a85d4111221b60a7aba067","flac",NULL
"2a11403faebb7f75ba0016cbce0596b79d1ee6d2","flac",NULL
"396c33430b159255581461de53cbfe198544f2e5","flac",NULL
"39e8714ff6a7301d624ada428676f5245d3779da","flac",NULL
"f4776b6a5a8fec1e2575f83c099cea7f28b8b6b9","flac",NULL
"7eda8344078ed0ee4ed2accafc81247a0489e5d4","flac",NULL
"6aae59ff9254ee3564b01a097c23b4ae7f3dba8d","flac",NULL
"2445dc230d2164918e58d8355bdc4b06c7045371","flac",NULL
"11058feaa7e161817d1abd9cfe886d6d67d3eeb7","flac",NULL
"89c83521134716619ab0acc88fd70f099db3ec30","flac",NULL
"8fb7e58fe34bbab1c7435b747b1603f2d1e6d304","flac",NULL
"823cb59de12ca566c41f990a65fa6c9f5068a4ff","flac",NULL
"54d47a2b5b7318198e27b8e0b0d4e5fc7c44fe31","flac",NULL
"c58f54abf389496907a66bfe3e74ae7ac8094a2f","flac",NULL
"2ab03c2aea7a5fd5892bd7f050f3a132bc290a9d","flac",NULL
"c7a476293b34292e1b899828623c50d0dc862e18","flac",NULL
"0dc63044daa5c3ef7dde9774610a609a2b021439","flac",NULL
"1c14e2f905625f728b9562109cca1234364db0f5","flac",NULL
"23ac72b2620a6d2f4024b5f85f0205484c73b733","flac",NULL
"e8bf52a5a8c94c2cbad56809156314fb11e84d1e","flac",NULL
"4705de23fed66636646b9ba25f9ace7758ef9e5c","flac",NULL
"9ebe2007f3d1c97b05495bf14fdf2ff7ae2166fa","flac",NULL
"b71aa5b0b7163a199c2fa4a00495eb4b3b3d477e","flac",NULL
"cfaadc61bdf302a96ea372d7fdb5d2bdcd488494","flac",NULL
"db2ab7eaa1dfcd9c16adaa28f52eebce25706d07","flac",NULL
"4eed1e455e93734bc4dd651b83081586d42c4442","flac",NULL
"f36d4892c26e1a3a964051bba96f2fb53087f069","flac",NULL
"4240027e678f75c597a476939cfa4872ce724abf","flac",NULL
"f6b0450b0a9100cd6dfd1d19632fd8375064efa1","flac",NULL
"b4ab426856e3a5842efe7e6c9fd04a56e60bca63","flac",NULL
"1f99b6e49e190dfdbd72d9a1f8b3159c961a6458","flac",NULL
"0f098d2c183665ffa5b4e085755690768ea637ab","flac",NULL
"703eee94290fd8d8faee4a42fdd6fdd7652b2890","flac",NULL
"1736ad6d40526a74478273d6c978c9a6a41e663b","flac",NULL
"0030deafc133f41223d1a63b17829aaab5e6f1b5","flac",NULL
"47b5710b547a4262033c958207b74b94681a0e6f","flac",NULL
"6591a15ef29ebe556760b933e77deaa3a45eec81","flac",NULL
"d00d3e205f7716cc915c8f2c003fc60c21f48829","flac",NULL
"511cf9c65e980b1269ea7e0cb758bce68bcaf1ef","flac",NULL
"eb6f62b8dfa37bad94471ff0b1b0f17bd3d413dc","flac",NULL
"3f54366a4011b327464d98ed45a9dbb17fe70aa8","flac",NULL
"7ccfbfd39e96da6eadf4b7140ebce15886ff590e","flac",NULL
"7051a7e93571ef393b071e6942e1c4c91272b67f","flac",NULL
"275ff04cba72a1cd07e6b69b38aadbbbfd2c9b5c","flac",NULL
"e5047ca69ca60f85d999f3a0183d53f2d855aa64","flac",NULL
"bccf87270b520d1554d597ad615e0c2c3760815b","flac",NULL
"20e7c070651504d5644a2d0b02c55728300e7409","flac",NULL
"5af062bccdceee7e1ae0cdabe7f1f95cef28be7f","flac",NULL
"e38a70b834edec4dc08f8d7e61570a8bce09433e","flac",NULL
"8bc012d1fc050868e2273b53d1f031c2d6203dff","flac",NULL
"886d7ee9786bb4ac6f2707639c8426f5e74e59ee","flac",NULL
"9e8f142c74f6e32ff0fc689d86ac4ad2b755c6af","flac",NULL
"f9e6f9788ebc499cd99aa500c2c95db79d0469c4","flac",NULL
"7c2f833d84d4c3c8d35b7f397b3ed623d332f2c3","flac",NULL
"7daeb84fce916f858c88646c93e9ef020c057791","flac",NULL
"13cdfe5aad80ea164024f1346b709be33b0d51de","flac",NULL
"709d18c8e350f3e5028fbb26da17916eb47f4463","flac",NULL
"4aeef8734cdbcd826821abe6af2b3f867ce96fb9","flac",NULL
"f66b05c3fd229c11c07356260d6e3162f1e502ff","flac",NULL
"56197f4c202977f9d73b3ece060c3a886f78e8cb","flac",NULL
"590ebee56ce3ffd282c53938d993e1c9d71ab43c","flac",NULL
"42984d0ec2c9aab9eecea914bf577f325d038aa0","flac",NULL
"10a6696408ef2b3d3038193acd7b5249e1baafba","flac",NULL
"84f04d76fc11afcfe80db6489aefa3568451d542","flac",NULL
"fb7b0d108524df047d9e3d7acd65e946d2e98acf","flac",NULL
"948020e2c846a335a30c463814a503a37308cfe1","flac",NULL
"c1017d2c2996f72ecc16116b2f9e3f04e9c465df","flac",NULL
"2542ef3bc4ccd4e532e3acf2d5cb2359899da728","flac",NULL
"dbaee342f3a8ac73665d8a94f18a3ebd2f787347","flac",NULL
"46c19941b78354477c4657a35eaae86c2654904c","flac",NULL
"382490a93dfb3c63c4a146c363ccdb0562809e31","flac",NULL
"5c502b13bcc92a983136c35146999909b59de8f8","flac",NULL
"b3f35dda84b00f6740a2aa147f0f8b9a13ffe477","flac",NULL
"f3cab0a25cf730201d03c4f27322a655786af0b4","flac",NULL
"a41fdf1606159a6d475f41fc8547ab2f8fd6c7f4","flac",NULL
"7dcf7fc4f8a482f95e5acd15e5f4fb68215204a5","flac",NULL
"629f1406d7c37f6f4fb9679b2ac09177cf1303d7","flac",NULL
"9df0cb7569a9f75b2cd3f48001f6e0bf77cfa473","flac",NULL
"7aad956757d26545faa3db7783b7fdf1353edb04","flac",NULL
"11ed6b455a88da251c4b2ef1ddf100a5f7b4e320","flac",NULL
"d9d60dd381f10fb1b397734f1e5e7018037be984","flac",NULL
"48e5ee841771806512d2fbf16c2036e21cff7192","flac",NULL
"f7ecfc072e13005abf5e020465d170e72407166a","flac",NULL
"0e12fe2ab34865495fd746e782b6196c36210bae","flac",NULL
"e1d2af59a613aba21e0f620d53c93dabc469ff6f","flac",NULL
"8b8c79e89c2a287d8f5f2ce072f0dd0796827f6c","flac",NULL
"f0f1738d586b7b7fa503a221e1afe9734ef6319e","flac",NULL
"4bd5f225ee69a98c9a15ebdcbb9ec391ad11598c","flac",NULL
"047af03d0649dc0ddebe8a8d81b4c02c0c27a8aa","flac",NULL
"02f4d26b8cb94b48811113e2ae327e6232e25609","flac",NULL
"f997b5db6eedfa98a37016dc0adb9146b0fbbaa7","flac",NULL
"4c75bcff7e250a1e121413816c1443ab4d11ae72","flac",NULL
"65ab60309d993310474e972224205af7ee9ff6cc","flac",NULL
"092c6e491ee1ac47c45f59882e174f865fd49970","flac",NULL
"ff4d339a48a7982c0fe6e06aa7a6bf86c4064193","flac",NULL
"c2c63f34334fcbf25ff1842eab30cf0ca4caf90c","flac",NULL
"cb596fa32a58106824356c74941f322d367384e8","flac",NULL
"83bbd6ab49f466c85de835b6e7f4d9ea89eb385f","flac",NULL
"c9c92238ca45df4d6d87524aa0f85ad7feea58a3","flac",NULL
"b41efea2b4fde529c32d638531949b46b5dd17bd","flac",NULL
"6e8f43a80a1acc060a6f37ae13e0e6184ffec260","flac",NULL
"b2f8dedd13922587a9aa993124d977010d68f2f0","flac",NULL
"3ed5670801cb91832850881b31d81c117c2feb40","flac",NULL
"5eff39f42e3afdddb1345de991f1024ee8b92ad6","flac",NULL
"7335f9a65d7d7c5e6901f00a5c6135a9d5fa4f5b","flac",NULL
"4b4be50c833aec3a267d68724be54676de966833","flac",NULL
"ca37890328f66ce1ebfb1477424eca652a439e27","flac",NULL
"eeb83acedd89e542c28d93ba6443cd32cc352a4f","flac",NULL
"bb5a883bc6d18345f98578ce85321bcb11ace84b","flac",NULL
"147a4a00dadf48138057cbb2101cd0f5ae06b26e","flac",NULL
"603c512d1c73878171c91b032ae5533c59e84dfb","flac",NULL
"1a296b21fb76a22eede8d08b844d7db761f3b3e2","flac",NULL
"17296bd3a5877cd59683bd764bbb298c59b25efa","flac",NULL
"445eedf1f5f5b5fa6c919597a1a313573a5764ef","flac",NULL
"2b5abb5042411309c426546b44251a61e601e245","flac",NULL
"dc2fdb8ff4d64334b512370e112ab85085a89a71","flac",NULL
"241693409810e21cd00744fa587338a969577f33","flac",NULL
"e341c00bc6810e8f0b591d32efaaecd2de062b02","flac",NULL
"01b29d8a455021407ccd3f51b5bc0ac05d76ac05","flac",NULL
"fc05a622d268b351f90c8e0c9e1af64e40500293","flac",NULL
"28fe574ec4e94486c54fb9cf8753409ffaa16a28","flac",NULL
"c699158e8e9f0f345eddeae273f050d663f14444","flac",NULL
"4de288aa24a2c251f67bac37ae74e9392baaf36f","flac",NULL
"3a3317bd5a7722e2aac5735cf3232f8ddf0fd7d7","flac",NULL
"2c653b1f2b9cfa4c97fd135ccec0a1a8c2801e1e","flac",NULL
"3af3c401f85751e1f121a7c6b63267b981c5c95f","flac",NULL
"48a0a1eb63287d7e780581de47f0ad09dd7ce32b","flac",NULL
"d202c837aee8d2805f6769dfe58139ba9ca44f62","flac",NULL
"38880d739bdfd297fd6b31226e2ef71ed7546426","flac",NULL
"bc3e9999079d7d9851ff4e0caac271d43a98efdd","flac",NULL
"45be3f00281b237886f3c535d0f84df949c00f60","flac",NULL
"77b98cfbf6c5d354cad780f2062554c6c965b738","flac",NULL
"0be625af8ddb0460d36f717075cfd05a88846024","flac",NULL
"9cef9c47f1878270a37f7cc5847cb24409bb8ca1","flac",NULL
"ea2f9d465cf10da932dc6b603a8dc529e34bef1f","flac",NULL
"6c752c6c30bd066e155f8214bbc1235ce45a9247","flac",NULL
"ef51e511d02ca480a8a42485009124945179e2a2","flac",NULL
"8f35249a9248e58d38734b6c3d2506d6335af79f","flac",NULL
"c711ba4f1bbdbae4997887d2d6c14049c2a7e0ac","flac",NULL
"7685246e4585918e35c97fe107255abf0017c203","flac",NULL
"0a2aefd48cdb5bd5c167a1bde7a4afd0edb33844","flac",NULL
"08d4a6fca61ddb8b286a2ec425a2afab796cb340","flac",NULL
"d11991122cb9d65fbd2d783bb2694ee851f950bc","flac",NULL
"bdb06b4a28efdd09f620597a9438390e465b904f","flac",NULL
"9a0bc7fa79051a51b36f187cd389cf157894d1a2","flac",NULL
"d287af7deae0b2c0f6ff2b42d2fc1a7060737742","flac",NULL
"a294c579dc14477f6b02f869366684b89425e1eb","flac",NULL
"7e99ecf9a541ebb4ad2b6d1fdf9367030ebeec17","flac",NULL
"0532dc590e9f32d2e7d0b09d76b807ed8d7bc264","flac",NULL
"13b3682f8db6b136b4f70ba0de23aad93092c9bd","flac",NULL
"00c6294705767c65426a42f8846c6c9da1b2383b","flac",NULL
"5ee770415aa1899a832caf8c31d8fd3c6cfb3a71","flac",NULL
"239a33404570e188ca73c5a62328ac178b21a40f","flac",NULL
"1a71933ca3846cd36353d47d483acb03f67c5bec","flac",NULL
"af9c30b8f2c6651d8bbe327fcd169b992af2a60e","flac",NULL
"1b60c515c00ada99a83d5b059821a7265406aedc","flac",NULL
"c51d73ef07478a25cc86ac90f38c9c4af08c0523","flac",NULL
"0162ed50a7a2c1c0914e2c53c89f7ec88e390fac","flac",NULL
"ebe8ab9bed81ff5086b2351110bd36577e36ce82","flac",NULL
"f1b536dc0a38b4a77bc475bcf85a5d10bb36dca3","flac",NULL
"14dc933a3dc97f6ff8006eabf6ef06657dc1c0b0","flac",NULL
"6f50f3e53072e1bbe4f588cf545e205542532c01","flac",NULL
"f335836648c8c9c8dcade87f60e72806709227a2","flac",NULL
"8ffd8ec87f5d573f3c6c09a1f04c559891875fee","flac",NULL
"3373d485f327710b77e1ac613836b40f79b492c6","flac",NULL
"5f28144d2db7f08abe436a5ca6dd7472df1eee1b","flac",NULL
"ed65654a40867e3aa7147c3e9e8dcaec5fd050ae","flac",NULL
"8b5291b371cacae93c1af4e4f04ba825a2b86868","flac",NULL
"24e6345a5f51be7a3489119b32209e02f50a9d5c","flac",NULL
"42212c9f1931507719e8f3af07b7fbd8175b284f","flac",NULL
"cb56540f9bb7be455c7c22bab1b967d36f8f7cf2","flac",NULL
"deaa3aaeb65e18e9c6b4e2fab79c55ea0a780386","flac",NULL
"b68d46c4a8892dc5601f2712f8257aa6bd294aea","flac",NULL
"93825465b6d9b7269fa7c67d12fd0852a9f27253","flac",NULL
"afdc9db341826692c0c21fcdd53a2a9551a2c120","flac",NULL
"e730aa320a335e259521f015289580e6276186e1","flac",NULL
"887241ca84018f8bea4f0e00b39a5028986c9b4c","flac",NULL
"902ac13d36dee60434c1c525c5834970fff6a94b","flac",NULL
"371c16b4b61446d5e73a8fc19b8a1a0219633cd4","flac",NULL
"df0fb9308dcdebcda156df8cc245af1d28011d33","flac",NULL
"758b398e16eb728725ad6478a66ba646d2318b02","flac",NULL
"f2d78af33c433655e5da5b2402adbb698762f459","flac",NULL
"bc5f43791acded7b436f7263eb4d1fb1685b8816","flac",NULL
"b700b538dd7cc3a4f231257e0a20a59bcd42769f","flac",NULL
"ebda8a7a3654b0d8833101d3b4511d32d9094125","flac",NULL
"68e90961e4d2c5cdf552624fcfca29ae6ac325aa","flac",NULL
"25d1d49bce984d82035d78eb3c73126c8c5c051d","flac",NULL
"20ad352bf4f6a0a98d38eb97f97413628afee696","flac",NULL
"733e1595e6c54606f367f6bfd0b7012a3c9fa499","flac",NULL
"d5f9b4885b972b90407a556e4c13c527a164bf55","flac",NULL
"51074fbf7973782f782d8b1de6c699a35e2b47b7","flac",NULL
"4fe8da7d14c08f58c0a4c5761b23f17dac646c84","flac",NULL
"b54cb54c7e938942c03e646206a56bdf3317e596","flac",NULL
"9017ee8c69895d98a7286876d08f13e47b90eba9","flac",NULL
"3242f88081838f7f31f250570502e0263dec703e","flac",NULL
"02c3f724deec511797ff94dd11a89ed483b3c0a7","flac",NULL
"e8b8d5bd186e6e0756cacd662c4d15051472d528","flac",NULL
"fdf76283ea6a379c74e9ddad64e78ad7d3f662d1","flac",NULL
"97362dccea13642d8c72e32026747b225dd3cd31","flac",NULL
"d662a50de4eec0910d69c3d90d696fd36b66ea39","flac",NULL
"801ddf4b316b2bcbe728c2b50de0b2cfaf8bd714","flac",NULL
"3d367671dd448a5bbba93c999b42fbb2dc760bb7","flac",NULL
"745ee41914e67c840644ddb7c56f93d987d8c73b","flac",NULL
"c045d8da2d45bf641bbeaf0c0a75e8aedcc56042","flac",NULL
"567edfe6c2caf93a9cc798bfea6238b5103f9de8","flac",NULL
"9c63c42ffd85592be2b31a93622e56798df28ddd","flac",NULL
"8447bfbf1bc4d40b7e35b061fe4c0d71fb1f575d","flac",NULL
"23e644573455796ea600280f90cebc0f45abe284","flac",NULL
"bb46a5e5de729e2388248cf306577d29ee8c6128","flac",NULL
"6e02adc91165985ac8933727bc14fbe6eaa5449d","flac",NULL
"e896de25a614df68beec49d0ab1e2b99ec510075","flac",NULL
"91eb0d5dadfb53d259ed380d02cc3bcd73957bf2","flac",NULL
"b7841bb8486394a85815db44e9d6b0a3b21faf5a","flac",NULL
"a38e59d72af9c32fd712fd9bb253b31c2ba58812","flac",NULL
"db5e3c5534aa4826a424c9d3904b355e8791aa8b","flac",NULL
"05ed860578631eff3c074b2e3a5b252517fc983d","flac",NULL
"7c3e0a9fdb66ab4482bc9e7d94a01ef71b0e7f3d","flac",NULL
"142d63e9db552040971e4c55453644e9302260d4","flac",NULL
"d4322bcd559927acecbd6293c27512cdf3745679","flac",NULL
"7baa5740554c4785941ef0d438a056a81bde81aa","flac",NULL
"ad9c43d31fdedfb61bb8824119bfba4d2ccdece1","flac",NULL
"907f35eda5f267a6fe2411f11d88db41f67f1f9d","flac",NULL
"2abeb11a0a1be97174846fd404cf00cfd331f37c","flac",NULL
"c32f18af90004ec3871a9ca622346ae86c1ed446","flac",NULL
"4e69db30d5dfbe05885bb7d7e8cd9c8fa160694a","flac",NULL
"b1f7f9a45f4bf6ebc9ab6906a37b72dd358a5774","flac",NULL
"9afb31d68f31846d9836176819bc2a1ccca4d01b","flac",NULL
"1768bf0de79fe7bd6b6810f920ab887db6ce0a1d","flac",NULL
"1d392decf2f64de40bbe30a071a0ab0cafcb6ec1","flac",NULL
"343319f46b3368c3b97daa2c45f082700d6d0a26","flac",NULL
"1d71df8cb546e2d8df1e4fbe4a5b4fce45d1da5e","flac",NULL
"214ab122649bde9225f0c2cd1981a0e4cd8b7797","flac",NULL
"cf7a4a39b92016ce3f90491a53e17816f3592a9c","flac",NULL
"515e985bb68d6bac1519fa073ef083947253c321","flac",NULL
"a07afe1e4f5506c0e7dd5739402d6c5058bbc43a","flac",NULL
"94648814f0b114ed66c85102ed16904293ba3b9d","flac",NULL
"48b0914749d2e18ee33b7d4817cc006f872e7266","flac",NULL
"93c249ac6a0498eaea4543fa458fb1eac0e20763","flac",NULL
"61c3eedb367cb405c50de992e8176c7218b7bd86","flac",NULL
"6614ebe471c1bba97413b4eea81b4ed840e632d0","flac",NULL
"7794b71dc04cda3f9f93c920889ba8eef6d5ed05","flac",NULL
"bd52ec7d49e9bcd1b2b4c77056afd9da9898ecb9","flac",NULL
"396c00ad3282129c9baf7d00dcc457e3fd2e07e8","flac",NULL
"566fa16367c069518058d5e54a9654861cba8025","flac",NULL
"d18966c8f00b55b134fb1e84b961bf2108077b0a","flac",NULL
"f120742c7a8e69a5d6e27c7d5e9a7b4672d531db","flac",NULL
"826790ece395f744409670ca4e608f6884a73c27","flac",NULL
"5a6a73250f5e9e6e6827deeb72ff350b13704a90","flac",NULL
"6f1cc72088049c5c956ea13e448fe06f842cef26","flac",NULL
"a47c70329dc919005ab90032767cd01daa5c6a88","flac",NULL
"56323b551d223c7aa09fa1b2d59e03ea178ee87d","flac",NULL
"5b1daa3c20e3dd3c6e39ef2182b96c219fee4843","flac",NULL
"52cc2ee73a93d6013349dd0076dc7838f02434ff","flac",NULL
"1e463cb859907e707e12185546972890f0a3b6a6","flac",NULL
"7fa8174f272610b8423c25bc97c4650e4c614e22","flac",NULL
"0dcf4a667ee027d48e186543688cbe5adecd0dfd","flac",NULL
"0cd6666d5a816e13bb7e458e0dde5cbc92722a60","flac",NULL
"1e4b01260c1bdee05ad738858771748aa211cd35","flac",NULL
"782dfc3552406cc0fcfed584f357d500dac8e765","flac",NULL
"5f07d98ee01db0eab6339f9b43d4aa225b20210d","flac",NULL
"cbf27e84694d288faa959fb805e857103bebb963","flac",NULL
"cc103e556786f3ce2b3308053dacbc19b27e0453","flac",NULL
"12338a3c02023c63f63a0251550acfccd2ecaf41","flac",NULL
"4e7730903eae91e073e15852e780f41a8b474989","flac",NULL
"af924fddabce04f63fe96ee51b4ad183af0142a4","flac",NULL
"fd864d2fbb285be1bc59fa7646f23fbfa17f69dd","flac",NULL
"ebedab5fff51b07026fc68a80383d93bc8782fe9","flac",NULL
"0e6706b5136046b4b3d2fa21c36e7c195c01d052","flac",NULL
"1b10651ae8a656f1f11d04717ef6d84afcc1a53f","flac",NULL
"29c8ec1507a5cb93bb7caad82001704fe9a16541","flac",NULL
"6ce8e0f29473ef22658347fa7868310c77603344","flac",NULL
"4b6e1b817351846bd5d5b320f04bc85c6e570f8f","flac",NULL
"2fe6a353140af5dafc51a6b1cf0a57154a3c2e0f","flac",NULL
"a04514176d5db15104bf3daa15bdb6d24d53a603","flac",NULL
"5abbad38f621612a643bc32da81d7480a88e9a07","flac",NULL
"5d77148952286dcb477323910cab5a23b07dc500","flac",NULL
"2ce493dc44e90114cda6d3d302b8f426586093ec","flac",NULL
"604fa8f46ec874c365e5283876d835a694a0db16","flac",NULL
"9afb19d3e842189507ed4f071caf0470a6d491fd","flac",NULL
"1d5f41c5727ebb442687eb105f30924e47c6d40a","flac",NULL
"b3be1beb03e3c5d4e949f28b7f7678439c13f859","flac",NULL
"7ac5d881f81a3ece485998f08123cd1d61bf0d73","flac",NULL
"ed163756cede3f3ef98a878a90895903467ce792","flac",NULL
"d8cb00d8faa5ffac2a73c6b9b211d3d169fd121d","flac",NULL
"5d7bcc202ab7be1e425575cfa0ada591e14faa3d","flac",NULL
"3d8a6e63047c8c605bd23a9ff6add15ea105b505","flac",NULL
"6613e82464698e2327d7b1c51dbe4dc6c4e5f3fc","flac",NULL
"2c3a93a8d1587cfc77f8869d0ba620996d3b00b2","flac",NULL
"2a0351be46fe7eab2f8fda8b6fa417deb4814db7","flac",NULL
"4694bdf776cdbe15c4304aff80d255cc959323fd","flac",NULL
"c41756a78af2094924da87e05a2fb1c8265a3417","flac",NULL
"b54da58d7097c2b6dd9e62a54787a6118ed25b81","flac",NULL
"94f415fa55ee19e08daea3167e0eccbce087750e","flac",NULL
"89f0186a9e7da4dae9ac0de033e1a224605ad1e3","flac",NULL
"51ea34fc218ad429a63afe2a2a685e04d0429cb8","flac",NULL
"b44441970150d8c67ce044e1d84351ab7fb01364","flac",NULL
"a8001f5f6dd363e360af30da7f502f2fa0185480","flac",NULL
"04d0c9fd891a4307eaa00d583ea6c10e8cbe71cb","flac",NULL
"1a67a4bb79d22afec4ba945532367fd50512053b","flac",NULL
"48cb79308eb8b89f300fb7dc4143a6773bafeaac","flac",NULL
"5842afeb1ff48c32a154aacc21c19cc017bf89b8","flac",NULL
"36509393fc0aac5349c45213cffc7e006831222b","flac",NULL
"cf6975fddf5ebe30fa72e8a04973e37522133cb1","flac",NULL
"3da08ee2440f11ab92994b8470752f0a98a8ed1d","flac",NULL
"6c025c39904b0c524e740947f088c5172bf10f6a","flac",NULL
"ba90880d0fdd7be6385c5c84efe2bdc31dbd01b8","flac",NULL
"d3fed909fff493615573aff316c77a7907f7dd84","flac",NULL
"6e8f87080aa275e5793468d13ad0de95ba7f95d7","flac",NULL
"4918b10f705c8fe9cc251412fea539e857609263","flac",NULL
"344671588a07869eb0601231cae86fb07c6a4852","flac",NULL
"6ee7a5c4b264a40dca9493edef711066cfeeca5b","flac",NULL
"9e8682dcb34b74554e10364f6977098ca93f2d9a","flac",NULL
"364f37fa3e8fd25215fae497c7f64c74d4600759","flac",NULL
"c28113e140d631cde2d096e0cfb3bcc40d133c8e","flac",NULL
"9f3097d75d305270ba13fba391e6d90771784e03","flac",NULL
"f3bc5ca2d0971acaa6ce754442257defd49707f7","flac",NULL
"b6b788e64257eb48896895ae916d86bd7f57ace6","flac",NULL
"a7cb36144c3c9fae4f3eec56a34ba82171abac05","flac",NULL
"6b505e279d23c2035c26a440ef9655045ece3ee1","flac",NULL
"92f60814c577767e1457d6b3717cc9a55c0be1de","flac",NULL
"8209415f1c6f4f3b56fe912709b99338b9c49a68","flac",NULL
"5b35f7dfd18799f42d2e9fe9d5779a87275094e1","flac",NULL
"55efa08e358edb4179fa3321f92c861230d8e817","flac",NULL
"945aadfcd8a9c43aefddff8222b5a8e1af1c6ee8","flac",NULL
"49f7ef5878dbf6542974879dafef3e97aedbdcc8","flac",NULL
"c8709298fe2776aa7a7f8b9565467ccb2d43cae1","flac",NULL
"f3e94a496fcf8044f747911a117b4bf1f44d3ef8","flac",NULL
"adec79bf160c779da4fbd2bc451ddfe92665e8ac","flac",NULL
"9cb070aa9b8e1fd0ab7a6b2c88da1e6a9507e843","flac",NULL
"02c89ca376d487729e386a3a64134eb989e2e9d6","flac",NULL
"2fe9564d05c5ea0e310568b3f8967f7e38899f89","flac",NULL
"14c76e53a1266f8513fe08eb8052cb50130f1434","flac",NULL
"1088185632196274c765dc1fc5d77496d0a6bd1b","flac",NULL
"86762c3ae93b331d943e1d2466ca70d4b9aebc4a","flac",NULL
"13d71aa32340def5c9c89aa7e310c77be43699ba","flac",NULL
"bc357e36b9fd80a26ef809427bdd1d9772280054","flac",NULL
"936f2bfaeb3c3c6864d92824bfd0009e1ac8ace4","flac",NULL
"e156fd0f6ee5af325c6468ddbeaf5d4a0e9a39db","flac",NULL
"60f1a56ec23f8da7d1fec1047103e02b7a0f0a9b","flac",NULL
"60f66b291a5e11118698074c2f4250432bda4c60","flac",NULL
"7ae571c4351aa673bf98c779501cb635a8c870d6","flac",NULL
"ad017f6573159358f26934305520902822f0d1af","flac",NULL
"9b3bc394b3882bf6ac1b30baddf5204ac933feb2","flac",NULL
"298a878da2dc1b9aceb6e2a3c7797d8806599a23","flac",NULL
"e9fea68b3fb915b623b613c2261cc7d333398d57","flac",NULL
"c126d0364aa154a9d91421776625a029955b6cbd","flac",NULL
"53103d84fcdfccc1adc92f2041387a7e090a1f63","flac",NULL
"a87434512ece476c398e32e2fb3ebfd9096a060c","flac",NULL
"1d6d5375021912378e22258994a3d0abe15be2c2","flac",NULL
"7c83db79f2f4f90555cc5660463c8d3ec1983e36","flac",NULL
"56264193e94aa1907d427b43c733bd14c3ecdd1a","flac",NULL
"522454073b0ce3293464a55f08542d33aca65391","flac",NULL
"d1ee630a601c616c3b6d746660679bbf69df1321","flac",NULL
"31dad5cab5057987296e011df23b408dae281115","flac",NULL
"32de6ed71bf33ef2358649ec1982933e6fcf1a2b","flac",NULL
"174007e76fe6ada6d9c1d1f25598f02b78d3a1c5","flac",NULL
"8b7b9430489b38de43846b2eb442a834aea02f16","flac",NULL
"6c92cedd9836cb2a765a204669731faaca95c84b","flac",NULL
"7a82af64eabaf2fcf53f80ad4bf164c9c555ec1f","flac",NULL
"361a3a9dd63712c5d01e0bd54bb59e9f01bc92f4","flac",NULL
"608cf99ef8c582c985102e963d4e0f9011f94b66","flac",NULL
"e1481eba7edf7a8838c71664f1dc1facfe30e06b","flac",NULL
"0db016795f6d289c9b22ae43806d72e7bd5d74ea","flac",NULL
"a637e396e463965a6203f238b51ba98f247cdba8","flac",NULL
"d376eda3f4c2d8d2c56924b54e0dd2c8d831cf58","flac",NULL
"8be235384ede21ad440b35b8c05d3a1d40581c76","flac",NULL
"a7fdf3fd26a704c03bd52fabb9a3cd4b8b41b76b","flac",NULL
"2f9c6ea8e11e696d0b8ccc3811d5eab23d1dc44f","flac",NULL
"6f70b2a13bd9534201d225a841aaba4e1bdcf65b","flac",NULL
"60cad5c0febbd30cddcfc0faa1d12ba4585e3f49","flac",NULL
"5e4df7512f8fce193f5180e613a1a2cb8164fd21","flac",NULL
"49f02158c43bd4d538b608c476e25553d04bb897","flac",NULL
"caf0fec261ef46709d7bdca3c3778c8dd2a81c17","flac",NULL
"99331e357792e1f8588c796bc446ef4aa72290dc","flac",NULL
"e08a2ba77a86d1b3933a18acee37d8a9bc18666c","flac",NULL
"221c259778d9635b19941ebdb34387425a36b1d5","flac",NULL
"064237d6a4fb29e75023c981abcc67ebfa65fcc3","flac",NULL
"aa74dcc98556056c6939e72b1a65860904ff2fce","flac",NULL
"1ab76d435778e4659efefbdf36e10bec15db6b90","flac",NULL
"611d8234eb4cb51a0dbe1eec7e9f4bd4b906daf5","flac",NULL
"490bfd4eab9e19ed2222dba258d473c4ea7c7ca4","flac",NULL
"4a9e91470cd0a2be3d713f761324aefed1159c96","flac",NULL
"c45834dd5c90bc711dba7f418c3f17074e3542bd","flac",NULL
"c4cccf884ddfc87f94d06fe07fba9ecfd95eedfe","flac",NULL
"c7e9377deb85631e079af3da97b0f4c80ae710b3","flac",NULL
"1ff332a2033ac894e0dc4a4dc64d8273e07e6771","flac",NULL
"2c06d98af5b4c15ba1c636d13306ee1b6f3c34fe","flac",NULL
"56d3be4262bc678bcabb0d50614879a1114124b2","flac",NULL
"12661019345e4478c57c20e48cd130e145e22868","flac",NULL
"27307b97087876a54eaa1a433152a21be7e3c200","flac",NULL
"758bc824c346de37282ffe6a71517826cbb68daa","flac",NULL
"96a8bdf4646df7ef072a52f41e4c19f28d02b158","flac",NULL
"e1eb5f6bd988acb6259c895ef2a4811ac824c50a","flac",NULL
"715608a7321421c702c2bf69f7f3692b889147c7","flac",NULL
"461927352d77337a37a1c5aa348e0928d18c59b8","flac",NULL
"662869b15e6b6df41d747513cafca08ee4c3aa5e","flac",NULL
"c3df95a969596e3595a1f17fc7d276061cabf739","flac",NULL
"ba8cbf01bfa53e5a1f5134bc6983fe1fc8dd21bc","flac",NULL
"ed6fb69d077dc382d515a89b815848579725cdd4","flac",NULL
"b843db8116073d284babdd6127f0f23a239c84e4","flac",NULL
"8b458739a31f62179dced042928789b507ee66d4","flac",NULL
"c1b41c7b2f9c790bff44e1e55a1cb538452f3948","flac",NULL
"7284d29f4b115a89f68bf550f1a7c66ed7fec1fb","flac",NULL
"5849eb3ac18e947764551457f27648fccc407af1","flac",NULL
"55e85f90a4e8fe6567e1fc165df487b7a8697c0b","flac",NULL
"8b98aa259c57c0dccd7b3435c75cb4bdce944c76","flac",NULL
"ca689662e17e3b5f9884610763dd042382b4f9dd","flac",NULL
"bc714b61dd7a583fde3f66c568de9abd75f1d695","flac",NULL
"99d9334978b8b3dfccc97ea86945a0432e7acb55","flac",NULL
"7cac20426d282e6bb50bcfff2fe14b655fcbf5b7","flac",NULL
"31f53b5646f1bef1df25682d0d034f345e2c8197","flac",NULL
"d1f4cd889fa01f98f98c8bb00e9ef13d98096259","flac",NULL
"1be3f817e790bd6c6f61b45f245908298be2cc58","flac",NULL
"f486f71eb5dfd317038507eba38616cb6630a86a","flac",NULL
"a4667a82810fe24125fb1bea69ed6de904cd0bbc","flac",NULL
"cc6a34c9ec6915aaec3106cf6140a05b0a3aa37a","flac",NULL
"e6c05eebdae8290f4e0b5dfb4f81f7aac28df698","flac",NULL
"912db1ac5233ad424a1aa6f00c28acc5e6581840","flac",NULL
"bc9a7cf15d59056c6a7fb8a85d5343d2da903604","flac",NULL
"14b273197e051b6a5da47fcb211e70db95e3e930","flac",NULL
"00613257d8d034c74aa219d5ddb45cbd4c3117e8","flac",NULL
"e55a41208a9493dc59451fc32c57893502ffa45e","flac",NULL
"ddd3ab4d8fc009a1c3ca4136000533eda1cf1ab6","flac",NULL
"021fa23fc9b457b45baa63ae213141c2e0e35828","flac",NULL
"979a20053d5bcb4ce4a792031516e35ae589b32a","flac",NULL
"58b128fe4610e0464455c6851cb0f24a31c37809","flac",NULL
"a3d8f6dae9c4818afc5fa0866da6bf0a3e4f1d51","flac",NULL
"67c5135c8aecbfa9ba04cf7cd3be729f4f60838a","flac",NULL
"13d7effe07095012940e91c4288aa7eeb4ee5254","flac",NULL
"fde68e417cc32a3c73da17307c64e3f3d2191338","flac",NULL
"7b340f188d9cd70ef436af1d2223d3446c32cb83","flac",NULL
"85fcecfd2cf03ec49749b326b631ea436b1a4e71","flac",NULL
"3f56d11392d4b40b1259171c4c7666aa5858fdae","flac",NULL
"493d0d238cba232c76ff030053c8bb5ab1a8a4c2","flac",NULL
"faa2ed4e880f1dc1de9fe3746c5596a52a2eae02","flac",NULL
"9719d3bddb1d8de6e2b3faeacdfe2e90f2c17ee8","flac",NULL
"af404c13d053756be357a5e7ff120b484dea8e9b","flac",NULL
"ad599b297fb4d31e82e4aa9cf6b74058231fd32a","flac",NULL
"a15a77b1fb66cd3d769ff7f23eb7f264361f0a0b","flac",NULL
"088b0cc84fdcdc529ec9cf03ac414f911fb5c0d5","flac",NULL
"3a9ef8f94ee66d5b26aed7c829074fc306fb6787","flac",NULL
"fa1c1619f0ee892e6f89fb3f8ce4a4cc31e2c7a4","flac",NULL
"cfdfb52988c13cca715a7e9b065284f54a39fbb2","flac",NULL
"189d41fd3fc4bc0050501b08f6b986f97f25c6db","flac",NULL
"01b254a3cdf4255fbde68fae9d3ac3b6bc6b6b49","flac",NULL
"233d72a46ba5839738c67e1a8976c79c3cd24622","flac",NULL
"bd91c03b17483eef581b09694f02dd4a8fbdc78d","flac",NULL
"1761eb0a1c0f03490f373d037b7277a3ec9b6965","flac",NULL
"2daf50033b1fc5faa78b113fb13b2448b75c2334","flac",NULL
"0c3a0b6d01cdc0577074258dcec136f1bb81864d","flac",NULL
"08090bb157d102f2b33934afec8ffd1392fbad6f","flac",NULL
"1b99cf2b815876d980130e9d08251a043b8445be","flac",NULL
"f75da9acff1b0227dd9d83b2b12eeca2e7cd59b2","flac",NULL
"5a59c306e39da202a6ad66f09185fd1939fac6e5","flac",NULL
"acc9eb2b6340d47be863b92c60e41b61a8d58fa4","flac",NULL
"00b57d6b14a78059d4adc71c905e3ffd6031bce9","flac",NULL
"270274cabda333632b51f513fc438a224fe030e9","flac",NULL
"4e4ba982d5181a88e9a8591392b7eb0a96db8f00","flac",NULL
"d66957d12ac25fc31b657301689c1ac839f98365","flac",NULL
"d8059e979675c20effea358283147297bfa77601","flac",NULL
"1a7105a5ece08dec35846d35577d351f7056eecc","flac",NULL
"3a25b19dfcb7129dcbd8d301b4c5b68c21da3abd","flac",NULL
"a458424a61cf0374b6999c891dca3091a9a95a35","flac",NULL
"2a12ba52e52836e68de76182f731e70025715c3d","flac",NULL
"513892049464aa785a4940a75fbb79a7b0f36ccc","flac",NULL
"fb567ec58bf648a81d80512808a6e2e2188b26a6","flac",NULL
"4ec49fb2739c5b1922a445d2c202025635d3f308","flac",NULL
"cce7b9d4b69da40daf239f0e49f597d8820963c5","flac",NULL
"72bec27eb227b1853bb0452a294b72ada0bc1803","flac",NULL
"f1bb07bcab53fcc51d29701b2340759d65ab1eb0","flac",NULL
"40d6a02cbff1bf05c37e252a9fc52dfba6953098","flac",NULL
"2e843d5c02b5e4b13f5455d79ebe28f3d69b295e","flac",NULL
"73df7afbe125917cc0970940d4f01534d05d329a","flac",NULL
"3771616308adee26c5e134323a39ee9d716f78ab","flac",NULL
"212cc5660af25dbeffb757eeeb948c74286f0b2b","flac",NULL
"b5fca19f97028aef52f01176de2d487e1869eae5","flac",NULL
"c4799d3091d82405d7e2ee6e5647f9470da5c157","flac",NULL
"8145527fccb9b8618e5f24eb453db6683c771aa1","flac",NULL
"43a3e3da43aaa319001bda91af914862332aec9d","flac",NULL
"b65fccb74615bd3cfb640820c868896bbc77d268","flac",NULL
"396e0afb0117bf68189ae41f9f772c0ef4f1c8c7","flac",NULL
"34f6f07851e9b5dbcda3317b67e6570b34b87e8e","flac",NULL
"b8e7a357bc4cf57bf2ffb3aa7f5786814d2bceba","flac",NULL
"274514e9ad37f1b4712650ebacfd5549ee6b1989","flac",NULL
"842ae4132bd13dd84175a1192ef1565cb6c2ee3c","flac",NULL
"aa6ce312925d7491d225f12e0055f1666d11eeb3","flac",NULL
"695e313e7c6165c809ca64126faa41d3b562203f","flac",NULL
"951fac27f8707e8c09d4062961d3146135a47526","flac",NULL
"8bedef0ce6f4aa2f581b5bf9c00ed2d725bfd011","flac",NULL
"1328b5c6ec74255840bbdb8d433eeb819ad600ca","flac",NULL
"7c8d2b01806249ec943b9053eb6523153654419d","flac",NULL
"23e13845387009db3723169305d6e3a72a8970b4","flac",NULL
"4573de244f99c02cbff5e9f1c26b89cda0166780","flac",NULL
"8c28b17ea20414fd74b37b31709faa95eba85634","flac",NULL
"98889459a76323a6c1fabd0847532d4fd14649f8","flac",NULL
"1201fa787d5d802380407147c5d18f98d19ce1e6","flac",NULL
"e0a5345a09785273db0676ab164f0f35fb3fee23","flac",NULL
"2ee7ec18e1d5ce064b86c5d746cc00a0c5716abe","flac",NULL
"704eb14a999cd2b0c6bc2612f8dcbb0d9a784f06","flac",NULL
"5f6482fbdffe9fb4686a3901d64b25c1f64548c2","flac",NULL
"52c141387980d0158231015497f04076b3f7b08e","flac",NULL
"a32aa473716e87b0284ec2a6d24e31a09ac5fc37","flac",NULL
"2a017b90d3a5d931627892bf07f8203de3729f51","flac",NULL
"ad2e980762606e658e51fd0d3a913f229a6408e5","flac",NULL
"0d86b5c7db8deffe0b80561a462b780a9cab9fb9","flac",NULL
"281e3320e2ae44db4bab16ad1c51c220b5fbaa18","flac",NULL
"a7df2c3356dc821f967b646f4ae3f44ca952fca4","flac",NULL
"941a9d777d9899bab52a4fe208db6f9c55218131","flac",NULL
"0ddf5eb6839003be5b9e27042c0a3de6bebd0032","flac",NULL
"d25d0b3d588488f3eb452c2d02d0485df1add85f","flac",NULL
"e42409a0fbbeb7143e5aac395d5a011f99938a36","flac",NULL
"5d304a8eebd095964062ab0b37a1725ec5766644","flac",NULL
"e0dd40b4418421ce3d33647b9a0b92a9f0f5ed00","flac",NULL
"1fa19e629a1d532d2af8f63608fc341d6bda9bcc","flac",NULL
"4769b194290d1602f87cabe5d12dd903b344feec","flac",NULL
"4731df311de1bd2303f32f60a96bd9b2bc911234","flac",NULL
"d231dd9e25a83a9f30b7b3d0dffdbb19d275ec29","flac",NULL
"ba3570f02a22348c26723b18fdecd90e126398e7","flac",NULL
"95e2f44474ff314a00b48eefe39d37cac6574b2f","flac",NULL
"f3ee29256b7b73a8d37cfb210400a563a62c5f18","flac",NULL
"90f46cccc9b58498cd6a48ca8f7a17f4382c68ae","flac",NULL
"5a2a1579cfdb9cb4a571cc180558b6c0d7f21904","flac",NULL
"4e39ee0367ac83852998cfab6dc34ccb052dffb9","flac",NULL
"0a940f64cf11997b4fc2802829204aab8bb64ca4","flac",NULL
"6c955af63ee6123fe6dc751cefc78ea8deaef69b","flac",NULL
"485ea09a8e09121827ed5bad5c8e48fcf0f656bb","flac",NULL
"aec5b9600bfdb7cf934105ffa5e2c16dda85b05a","flac",NULL
"93d61ad498cfe1d80b61404ee63efe996a6c57a6","flac",NULL
"06300226b6c0e6875d12d442df9d0f937c8363c0","flac",NULL
"e8adef4471fd3ea3a5a2553ff55ca873bbe25470","flac",NULL
"42fd7558b64d7a1601e99a9ab1c972182613777a","flac",NULL
"52f27e74f366e64f61feb2a8515794451e72a456","flac",NULL
"b309046ef2edcae068e0d8eefaa4ecd11532369d","flac",NULL
"4b59def9421f6dac004447864f48bd6841cb5c19","flac",NULL
"555af005f6f2cb17891d5d1f49ec1869a391b565","flac",NULL
"d27a3148cafabc199d869edd366335ff2ac3b315","flac",NULL
"c2f6a318fe5587a76773e72030682cddbf47e375","flac",NULL
"85bb3eff3b06a6267c056176a18b6a13352a2e6b","flac",NULL
"a046d2832196000495d9309b3d9c19b8dc6ecb7a","flac",NULL
"d4f8838e8138e42ff52c9a0e18973aeae2a5bece","flac",NULL
"96004d1b4f770e7bbbc4f9fff52b233035b3d80b","flac",NULL
"1a0346516290dbc835d65b31dc85836a83571d78","flac",NULL
"0d78bbb311a161cc96dc155ae3b7f02953912051","flac",NULL
"6960492d2bfc1634b7f90981d849a39d4174db05","flac",NULL
"4ba8d579ac3861543cc9b9933e904d35652344fa","flac",NULL
"1125005ea1c7e921b2826046bac9b15f60c2b6a7","flac",NULL
"14a4d1440adcd1e54e72bc775e67e0bdff0c3d9f","flac",NULL
"1b0ecbcca5aafa1aca0ef59a22a4ed13135ecfec","flac",NULL
"dbd5909daee576809351bb22685fafbc88a9ca83","flac",NULL
"b10e8095c00f72f13be511945310f3cfe18dcf1e","flac",NULL
"1d68cdd090859cef13dacdc557a89b4eca542d0e","flac",NULL
"8d423a5025eb3ffc981255d342215bb11bc684ef","flac",NULL
"e18e8f317badcb86dd2984f05716298e03e5e410","flac",NULL
"88091aed9b36285d8c8aab00f8b39e026ab0d098","flac",NULL
"b8318b8d858caf68705fd9a7bf44ac15ed8ac50d","flac",NULL
"6844efd7cab8c5571f9bff2e383bfe256c840037","flac",NULL
"77d01ce7d986bb5de97ec026fefed75faeb72752","flac",NULL
"22f65ac6b619243893c51b718e9807078c40eda2","flac",NULL
"460d380ec6fe7592d749d7b28acfdcc78e601d38","flac",NULL
"913680e214a4ea49f56853298177397c089e1805","flac",NULL
"770fabed6b8a4c24b8d8c83adee8c1d7534002c5","flac",NULL
"82915ecb647edb9a8ce03998d31c8f4e28286183","flac",NULL
"51a7c588d479dca4eef58a4962357a02d113a19e","flac",NULL
"052f30cb9e48a4bcdb1e823c3f4016c20f762d8d","flac",NULL
"d902c54554b248482150250792c7213f7296cdaf","flac",NULL
"12b30a42c80fcd4197b55f6e659e732f2d3c629a","flac",NULL
"0080bda38d87cbafbded13336e50b99a35391c69","flac",NULL
"f8e0b5aba2aeb0b3ac13ea4ec7122df190b7fe14","flac",NULL
"518676000cb225d49a3b598560ecc91d9c4d2148","flac",NULL
"71e8eee358a973149e90a87527f3926b64b62b04","flac",NULL
"35bee9a46da0cea788b47500a2dee4e08c33261d","flac",NULL
"bcf6aefa7d21fa2d191ed6d13a881f0982d4ea07","flac",NULL
"23ad0c86ae3d9f8686bed12273e916227c9118e2","flac",NULL
"7a2a7d12f58b539150acf5ed7dad37ee31d85eb1","flac",NULL
"39c54dfb0fc496978b813fa7b7558e1e46808fb8","flac",NULL
"7a3365da509978251223b21c1f32e3b9af686b2c","flac",NULL
"3efcba82416b9c6e4f3e7fdbf665d071f1dfbc41","flac",NULL
"ed03f0e20a3f5459346263658844678d0cbc0a7c","flac",NULL
"421852cfa4981203f9adcfbdc9c5c06bdc9e4f41","flac",NULL
"193919969a99b59cefc78f6fbbc3aae9ef2a4be9","flac",NULL
"8ffee5f0c61af3dd2d39b54515fa791b97e133a6","flac",NULL
"f6f7cc7b141c5e5836850cf8258e51193e502320","flac",NULL
"c5f611521b0423ad0fb3fd4cd496ee9f689656d0","flac",NULL
"b01c789517b98b8c70b63095495f562d2e00e3d2","flac",NULL
"ea5618b4aab73f88a784ca48c960d4cdb0355d06","flac",NULL
"c35f8c0e4ced7dd81462909efca47c079cb5cca8","flac",NULL
"de9f58ab46809a4612b3ed19668cab3e6d410490","flac",NULL
"f8fb8795a283d8257fe8ec8866d47d856cb5b526","flac",NULL
"fa4cf18d2614c78db9158c7ab14c30563e9b2ff7","flac",NULL
"a49176a30a7983ee86b8be5c686aba101eb189ee","flac",NULL
"fe9f5ad3b1af4a5b1abf6a68905cfed84782f4ac","flac",NULL
"8f4df6f31e51d0f9983230c79cad7b39b34fff52","flac",NULL
"c2992503f146c91710ebb94aee48d1c1ec457d62","flac",NULL
"c505784bf23d78e670d5ea2443a443ce51f09039","flac",NULL
"f042dc9b6448979231e06bfa9cd69d0cddfea194","flac",NULL
"551e8cc48269f501594701a18efee0db657c694c","flac",NULL
"c824b9a9d43e010472bdd23f6f873b319e881d53","flac",NULL
"88b11a2855b757dc4727fcf7e4e1838974a61cdb","flac",NULL
"d5aa87c0258d2970e2dbcf3d908834f8ca18d0a8","flac",NULL
"955a58c7291a72ebece79289d120f2a35c7f2946","flac",NULL
"67ccc1c575a5ab987bac437de96b5afb577fc126","flac",NULL
"ec871349f641d7197d533a4b67ed837970f4e1ea","flac",NULL
"ce8616296e6efc719bf11f0ee496b30c22fd2d1b","flac",NULL
"626917630bfb883854d512e4417e0387a1b3ed71","flac",NULL
"de680481fce2dae7e92bb4f56980723020fcd799","flac",NULL
"33e1bbe2b162bd789f9d0d6678dd5a7f9bf80945","flac",NULL
"9c0cc46f10f478fa79b5616da0ef60becf6de922","flac",NULL
"dca57a3c6ea90a166ee3be7f79407eed63903f59","flac",NULL
"16623d3bfbc2cdf90a2f078458cbf3b01a756db4","flac",NULL
"5b5a2f55bb7b4bb05d449e58c90d2e597832f14e","flac",NULL
"2925b2ef29af924faa6399fc25bc33c7ff909dcc","flac",NULL
"a1f1b09033aa20e17edcf74f5102163a0de5ecd8","flac",NULL
"b5aeb35eaa385fd6dc4e9a3587602500f147823f","flac",NULL
"01009ed3367ac3b106ddbbf3bfd5f783a512ea80","flac",NULL
"7d9b14a84b49a362ed757d759d02ffec90201470","flac",NULL
"e73347887552a12340de28d949c17501f617f8e9","flac",NULL
"31c07abee407b9e9df13bd7d6ea88555b3f648c8","flac",NULL
"e46b304c02eadb7808e629d461c6d1ceec1360b3","flac",NULL
"c6e90b6e1630a228dfc807e0a4f0f86e91ac2797","flac",NULL
"6ac837b64b1d03558714cefb150d8e480ee9f9d1","flac",NULL
"d3f2935271908ed2bbe84b5f260148c9e705333e","flac",NULL
"61e863e1c9297434a239e21771f0034c75fc58f2","flac",NULL
"dc9ee7f20c577a3eab674a8375591b7970350704","flac",NULL
"6827be5c5dfb86c9b2042e3b9140099ba3d1afa3","flac",NULL
"7000feb18d7071abb95d1feee38b22c1ca0366ff","flac",NULL
"75c9f30205614842362575a204a8a2dcd583a888","flac",NULL
"50115980b74ac4e16302b4e10ee51a352037af5b","flac",NULL
"0d00e670cdfeb7a2879fb727d4a044605c90a33c","flac",NULL
"09e8bc6cd501818a8cb7055ab677269763a6a3b4","flac",NULL
"a6c4740852785c0a5f11a20b3b37366fd5deb21c","flac",NULL
"dbc4610eaf5e1d65ff9e1dcbeae6d19d768d3dc6","flac",NULL
"f136eee42cd3801d1cef77b12de72161bd16ba96","flac",NULL
"b05de9544582d7d62498a06d1ba621b3644d5d47","flac",NULL
"c6c009e80431c2c2fc2efac313683b2bc416c05a","flac",NULL
"6907a5f675fd0edaa11a20aa52a57ac37cb512d7","flac",NULL
"e42d0924c8634a927b32420160947efb24912f37","flac",NULL
"33125f779d324feff50666fdf12ede20c52ef83b","flac",NULL
"5b7ad08052c37b2944989602b7f731178c24637e","flac",NULL
"9a4b5cf265472c29589353f2a8d9fff179d66c60","flac",NULL
"a74cf5f309634970d37fd7f5d18b5397b6559f8f","flac",NULL
"9478285ab51ad23095b895906e6206fc0d992848","flac",NULL
"a4d8c325cb75a3975212ba76a5272fff5c55abb5","flac",NULL
"43141468e6fd7635490494939970d1b9b6199434","flac",NULL
"062c3bf3dc0f2177108fd3b060028075cbf38fca","flac",NULL
"b95add0cdc68851b5779b82eb865b869b797bd7d","flac",NULL
"ebb6005a92a1715be7b7c66f521cb2e41a3d1c80","flac",NULL
"b331ee218bd0dc99311647aa38c5dbd6997876dc","flac",NULL
"6e4984e581c710e1f8b56a895ecc7b2b3c4df08d","flac",NULL
"1a4930a85518d9c674a91309077905db32c1774c","flac",NULL
"f04e483c35e054e8672ff5ddb906b8baad8fdf37","flac",NULL
"82cfc4056624186e174f30e02dc9db839d425c24","flac",NULL
"6a6d88adb65f0fe0b35b57a27881007ffda8d2ad","flac",NULL
"776592319160207a00241b20bd902dcc0308354d","flac",NULL
"267c6ff1f896b694782ea334c834388a4c6a50b6","flac",NULL
"babfdfb38cd5967d987d748a958df45d0bd47c51","flac",NULL
"5ef40ed0e76a56ee32a6f2bf85a73b0c2499b7f4","flac",NULL
"465de8ee3909e2752c4bd9c5de9aa53bda29ef51","flac",NULL
"b39805847cea4cb7fef7fa2641046c036d4c2f60","flac",NULL
"702e6649dbd810763e4f0c1cb8f923b8a09a5b08","flac",NULL
"045793921ff17c2c6a9641db9fdb37b89195620e","flac",NULL
"5aecfcc12751e3c01a704ac245c3aa0134de5340","flac",NULL
"d23027cba61472143fde8eccc0c6e581411d117c","flac",NULL
"bd67163a8b363278ceec284930f34532341498ee","flac",NULL
"c662494e00236bb1d40e8bd9e028886fdaa38a19","flac",NULL
"af5b1ce65fa1375f5302de3ab9c0687a63b554eb","flac",NULL
"9016f34eb1a9af4796cb08205980ee48d228a0b9","flac",NULL
"bc6d078990359b4d046c78be3a413dd58ccc2016","flac",NULL
"8004b0c8173c62591bf5117a06b12544a9820c9b","flac",NULL
"8e548ce5664196a0a04b768044b600721558e67b","flac",NULL
"be5eb634e1756be0764800b7fba6694a5f3af8f8","flac",NULL
"12b8e32f4728d8ecb222fb2c8d8654d740cfb351","flac",NULL
"7120370d5a90c17fbd228c40a00d41d8d095c94f","flac",NULL
"25dc6ae2d77e2a414bd5a77a9cc2d2ee092a6254","flac",NULL
"c5cd0158204298ea9e1e78144963f64e9986f8b3","flac",NULL
"ebf5ed116dd1fac94acf701c29a643e97cb1ada2","flac",NULL
"3bd88e3a19f4ae14171293a94227eafe06e621ca","flac",NULL
"44f242dbc38a35dc424a56766458509314342bbe","flac",NULL
"2861b99b681435d3ed51106a93ff20038991aac2","flac",NULL
"f6314bdd34bbb7e0b8485deedef0ff5c4e34cc03","flac",NULL
"654d1852a2000412ec752c0be80a945c7e64dc05","flac",NULL
"69e32786e255efae539b95a470bf86982ce2ec02","flac",NULL
"6aa07785a6ceb6e2788f9668e1cbf9e7a6f7696b","flac",NULL
"9e693f5a9e796990acf251a1b0d08ee13c16a8f5","flac",NULL
"754cb74763299498543ffff7da7195244699597c","flac",NULL
"814fc23e038b0efb6732a10afa58cd5fbd68ee8e","flac",NULL
"921e229464d27008c65792695af62bfa9e7675a9","flac",NULL
"26eb8e939c408e40488c6be4a7afd2ec7f1f96c6","flac",NULL
"3eb6c8f17e7914ff087d5b56c178ec02e635440a","flac",NULL
"68aa7763a0a5c94c5915a131a79d86a78d13b23a","flac",NULL
"9d20090dfcb5336234f7134d3c2da7fa925ce6f8","flac",NULL
"861dd9dbf48a008b92f04bb25b8718c176482cec","flac",NULL
"a187a0bb2566daedd989906e31cf0b2ba530937f","flac",NULL
"0b1b66c80862eadf72d57fefa6eb514c977ff4e0","flac",NULL
"744c0c590b752fdab4014e5d0c9518897238583d","flac",NULL
"4790c097b875c9df078fc9c43e639127e2a75c49","flac",NULL
"37b12bca00dbfcea3766c7577f9c174b0fc96ff8","flac",NULL
"514dd0f2c918637302d249a3006997ec7b78feec","flac",NULL
"849e31c79d6d17363b9c12687d67044217919292","flac",NULL
"0bcd793083f13609a37fde4bed972a32870e5e7d","flac",NULL
"5a39407b99a51d259a53b53db2abe2338caa49cb","flac",NULL
"956cb9bd48e5a26877d3bee88e8a4effe1c8725c","flac",NULL
"afce6294eb13306f8bd16268ca3d853c53193b5d","flac",NULL
"118f369a6219f71696c98f5c041757369b15179e","flac",NULL
"d1035f4ae484b612cfc0fdaa0cbd5644b22fb7b6","flac",NULL
"3ab738594da48463aedcc9668680cb102dec3b0f","flac",NULL
"91a52ecfb2f22fc6b05935538be7e9642c0316ca","flac",NULL
"3383a0ef599ccafdb85141a6318d3ad7a6970182","flac",NULL
"71a91ad788f1479506a9575240be69a86a1d5772","flac",NULL
"3b4f9e683df4f7688f83e0aa979433357c9683f1","flac",NULL
"f167fb36fc83430da3fd88318197a19a80bc0eb0","flac",NULL
"f1dfeba202aa3cbd479fd7826104d0c11930a212","flac",NULL
"37c65baeb0da1d9874426c42b6c340df42f65e6a","flac",NULL
"43f294d935ea35a983a88f75b1fb5d99dec4a883","flac",NULL
"32c141d841d71933f42bb3fc9c196137828d66b8","flac",NULL
"c14e3785804d77e6c8c623bced41cda7092f12cc","flac",NULL
"8100eaed22b759975258afdec0eda6cf0586c2db","flac",NULL
"91080c838bf2809188b4b5691ac6f1fe2e62841a","flac",NULL
"b446598dd0f227f7b9102bbff51ab5f7866b991a","flac",NULL
"a4c2c4d1b24ccc0782c33a98a50b81c6064f87e7","flac",NULL
"e9447794b37cee938afbef1d54a17803ff72ee8b","flac",NULL
"10fcc024a970120492ed8dd382ac7f16dce49b36","flac",NULL
"44c6b21a401f98a632171c2167ff9795a012a33c","flac",NULL
"2b0f38126ab0988502efed081d51a4220ca2c698","flac",NULL
"dcaf9bb4e4eee23fbeef5e07ed5951e70c76dc57","flac",NULL
"132069a82d231c001902a012d7bcc9f2b7711cac","flac",NULL
"eb52b6b975f0a363dff01634324535aa5d14f67a","flac",NULL
"cfacf22e7b51e4b90184a9a89ecf0245cb95fb2d","flac",NULL
"44fe00dee3620a302b5a4705168ba0c3adcb77ff","flac",NULL
"fcd1dbcaa0440b5df6dca6b959069c00da6880ee","flac",NULL
"9e58ce473b8217ea9e3a920593567b2f9b4c12c5","flac",NULL
"006803c26905018124c2b359bb23867a54e84841","flac",NULL
"6cb5dbd6140b5bd11c22de49c954c9fbb95caddb","flac",NULL
"c4bdb46d83a75ce983115e721379c33d227695a9","flac",NULL
"1a6e633a849719537ebe754efb40dde41a6549f7","flac",NULL
"ba4efcc42d32988b2189c525b5bff2f04e715785","flac",NULL
"27f526258db90a81c429ef2ad171578f0c290029","flac",NULL
"3e52e24f30b8603cdfddbdcb2341c06472331c84","flac",NULL
"9e02f63d614802e7ad50eb40967e4611325b4b7d","flac",NULL
"76278446ad9001fa55bdc180a876a3c96517eff0","flac",NULL
"db635b477ff27c27d4ed92549035f09256603263","flac",NULL
"f2dc2cf682a2bc8c265760af90f25dfd1c86c3f4","flac",NULL
"7b693d6dfc3891cc67b9dd68891d308e6d647f16","flac",NULL
"8d4ea485d21cee928309093a7192d3e4f0caffda","flac",NULL
"795ee27a2b4dc6f1ebc8655ab84f7616b53011d2","flac",NULL
"ad4bb58a996ae459df21d1c26edd4eae1fa2bf2b","flac",NULL
"f98dfbd312637ff3ae76aa8d203670fe23a13a46","flac",NULL
"329adf72eb41b1e91ff70ad76ad444278f37ca12","flac",NULL
"df3b63e99bdedca6a76e57dbec39c67e257c95b3","flac",NULL
"50642efdde6a3472805af8258d42e5b3cadd37b5","flac",NULL
"bf0b9707a75e4923c07101af0de6f3767d8bafe4","flac",NULL
"5847e1e769565cf48a0870d37878e1a8a8931a7f","flac",NULL
"a012fdde47b8ffb2578961e6d81ee2509b449766","flac",NULL
"da5264e9b3bef4853ba744500b5b9df08cf92c2f","flac",NULL
"80a237d519c5f98683b45596a833335dc835e7ab","flac",NULL
"566e6a4fd5a6acc8dd4952f10e27e7e1b5ab1a92","flac",NULL
"42252346a388c2723e9f51c203b014a135486668","flac",NULL
"b1c179d88d51b72ac47b6a7793d812c7e57465fe","flac",NULL
"52891910a0f24f17fe0ee43ed25ea370a306e187","flac",NULL
"1af1934eacabcf1c7c9125ca5a4024124df89227","flac",NULL
"e2de418e77c26b454b0ebb243749a1486e10778e","flac",NULL
"662bb43723e0a5f1d15854aa8c4e2a1bc98a9c10","flac",NULL
"34f4015663fe14288e38bf7a4cdcdf2328ff83fa","flac",NULL
"d0719d57cdd5252feedd8b802fd5e2833d4e94b3","flac",NULL
"dc08d2ae7e3f0d38540e8cc1e3ec3cbb5e6271d9","flac",NULL
"331684c61267193c17af853e91abc149b4096231","flac",NULL
"fc654f3b38f7f9e75c961f9166f802c03052f484","flac",NULL
"13a6920854c4854d152319f36c7ffb61418d1262","flac",NULL
"4b007e0816a078e44dc18ad72b478898941c1bd5","flac",NULL
"afb597fec8fe6e1eeee96bf13d0c018c9a273877","flac",NULL
"a44f163c057363d0bb23dfa1479fdcd4edfb2258","flac",NULL
"2c82d843c6af21098a4f3e643b95ef588616198b","flac",NULL
"3cfd66c16c2c57f8085cee09fcb1135e639f7f38","flac",NULL
"1f83b3f048af03513ef651c58f81bedbffafcd08","flac",NULL
"e97d24b6a684f916e846fd110290836db92a28e8","flac",NULL
"0742cac55a2271123d604c8c17530c20f22bbfcb","flac",NULL
"93d1bb416d50d2a8248dd6dcebea7ad7d46681f6","flac",NULL
"ed9455571c8d694442955d35edd8ea7257f5dd51","flac",NULL
"a79d7c2d518c9385778f7b78454e27ed330705cd","flac",NULL
"cf9ecefc576a10d1107ff808bdd568b63b4a7597","flac",NULL
"09620de4e89f2ccf2deda77c1cac0386a41dc1f6","flac",NULL
"afa4708bbcac4da34dea38dac96019c79b09aae7","flac",NULL
"4b3f535cd7c96fc29cb43514619516f4492d814c","flac",NULL
"4cc79bf452e933fc021445f1f76ebfeba1f5012e","flac",NULL
"2b53b45bd9732fd81a0547dbb34162106d16b085","flac",NULL
"880a48110aabc57e7c86799258f7653baa320d62","flac",NULL
"4cd23a416eb16e833ae15712c0f6eee86dbb1417","flac",NULL
"67d0df802b97e0d010820eaaa49544d2f7d896d0","flac",NULL
"0225312e49c7e789e74bdc13b88f7709390f4e0b","flac",NULL
"6ed1d27b351f130370253c7acca9d81844d61e66","flac",NULL
"0512d77e35deec3796adc5a3d2b582cfe12fabad","flac",NULL
"5f5014dd125ef0861b74d4bdf8a966b86df13039","flac",NULL
"104ab9c5ad2b460949e6e15ce7aeb715c72dfb59","flac",NULL
"cacd92eb77d62622d421dcbf178d63ae940db6dc","flac",NULL
"0fc3bdd2048464f648f725ee7f14ab167646a3c5","flac",NULL
"20d6d44301e274bf42fb6e9afb557e6832e248a1","flac",NULL
"4d6fb242f8b3a2c66560ab234bc28cd776645b3f","flac",NULL
"7940de52c45f87cc1651a0591828517476c46617","flac",NULL
"c90244ed4ff9f75d1f9d6a6a2a9178719992dac3","flac",NULL
"027a91c4d48651ce43f36e3ac4f7443cc944f328","flac",NULL
"3d76da3a7487e5d67f9f3e665d900c4d3c356120","flac",NULL
"b1094761310dc285bb842902f1d798872167f842","flac",NULL
"d4ae871d7a716e6244c663bc965ea5a0f3b68c39","flac",NULL
"a3cd0d2b83dbbbdd3d932a861ab62e387c573aa4","flac",NULL
"a82922507b63e1f2d2661e56ac39f94c5c995c09","flac",NULL
"ce34c5ec17cde1825bdf9aa7d667e955609c13d9","flac",NULL
"97bcd17b7ab58047e699885544437802b98fe31a","flac",NULL
"71f9df8a88ee2a6ca178b3ea1a298f4c11c11907","flac",NULL
"4ae6e7cf76363701333ec0dbf980001556df4e8f","flac",NULL
"d26f63805680e2f52e1a49f48070199a89d01be2","flac",NULL
"4ea7e7fd1878685d8f8458bc0d295360a83b405a","flac",NULL
"2a2211015fbcf9838f5c61f46fc1cbf533866e17","flac",NULL
"0a5e6fbf9f213c2d82084c1088dd427f5cd0f5e9","flac",NULL
"c1258aa65dec9b8df6ae2d0060ede5d41eaa75e6","flac",NULL
"d6b363097be636d1cd44cbe8e48935de73d114c9","flac",NULL
"ef1380dcf6dbebb71cecfe696e2a901142e64f3e","flac",NULL
"e8c72925adb4cba596123c788c590cfcf0b9f365","flac",NULL
"34dc2dc38c373c3d1aa8c1d90aeea1e980db8fc2","flac",NULL
"b0b776e89b8a9f9123962aba4a1e77db1627fcdf","flac",NULL
"45de491a0d94d3daadfd4e22de4e3cc5843b317d","flac",NULL
"8ac84d4950d029b2b297bef2aa217fc5f2b2a125","flac",NULL
"38b8a6d4d67265e9594f383a627890ba9804b15b","flac",NULL
"491b732830b5b999fbdc098cc51ee2f7b704c258","flac",NULL
"4fff29b447babfe4d1d56c406552db966240e79a","flac",NULL
"4c012857e00c54fefacf73f1a1d699daa1bd644d","flac",NULL
"d1c89da7fcd264f955fa8f785231d94cde775aec","flac",NULL
"005ff5023ec4e4d6a4ef16e5813c62d68fd48c0b","flac",NULL
"4248a445ba24615d3fea587cfc118d29704a79ae","flac",NULL
"96df2fc1211385c72014bd385c9569bc17079955","flac",NULL
"f2a9d6acb53ec56f806d34e760b8fdb3e39652ee","flac",NULL
"bc1663487dee8e752114323122f147c85dd6c0bd","flac",NULL
"322cc0ed696edde282bf8175108c11f917f05bcc","flac",NULL
"44dbea32f601dacecb19c6d3e49c1dee9d1819c9","flac",NULL
"713270d3f3ca1c244dbd42708ff83ad866508b79","flac",NULL
"dd47d1f6b246237b875682fa0137f0316a449d7d","flac",NULL
"df2804ce451e8946486d4d3718500eabb8c0d433","flac",NULL
"b98cdbe95d1a4e826bbf4e1fbeecc54aca59eca5","flac",NULL
"a9551154567789932d80b6dea6c7f29ddf15349c","flac",NULL
"cb476f3beb2c955c897bb9223c3f145ffa04e854","flac",NULL
"3a0a8cdce707519287a49e6f0c179534e4e41e5d","flac",NULL
"f728d7f1ab2c1f4832f2302eedcf36b52d47da11","flac",NULL
"847db3f4506b51b02e7064cd37743897dca36e93","flac",NULL
"3284e9bac46b9d10b8860a0bd9e392e4bed08f79","flac",NULL
"048ec9f6e01faf294f78a588ababd352cc5fbedd","flac",NULL
"18f1a8aa8d6ac7290fb6f7beb3a79a2637facc83","flac",NULL
"27d37aed9b6d932a3d98da0230c98733ee3eb538","flac",NULL
"5978898edf2eb6972b12727ae490f07c20a0a98d","flac",NULL
"606202a9299c9565e3d3a8512fec220d6fde62dc","flac",NULL
"986f6bb44bf295c719c2e09e6c25f8f7ded36d55","flac",NULL
"69fc984f0aa176cef6194cb3867f0a2171bdd882","flac",NULL
"b70e79d82316f32243d22d54152684a113f26e2d","flac",NULL
"2c5f18e950a35bbbeccd587c9e0bb63aca4736c1","flac",NULL
"ccf5b3a16fbaec4d5417e7b0d9c57bff530ca83a","flac",NULL
"8aa3cd9b990347e735b7cf8e9a02afe5649516ce","flac",NULL
"386790cbfeca8f99a8a6aeeba6db18b374ef9d62","flac",NULL
"cac4ec1eea681440bd2aa8926d76296880132b98","flac",NULL
"a3495b7b9995483b16d2deb086f02c1dac12dd10","flac",NULL
"aa32fc10366b4027acd6e4274f7aff50898d126c","flac",NULL
"0a3e6f48a7f1ff40eea63c868265d6663c2ea27b","flac",NULL
"d179f187d5c4c964c476c48abec635d079fed99e","flac",NULL
"277156327d54970c4685f6858dcd534343b8b2dd","flac",NULL
"589e20aa9df9c75e8a47efc512a49c5e9b89c10a","flac",NULL
"dd675bccf4dc2411ea0e06a737a40909a673f0e9","flac",NULL
"187e1321b2f4125d969dbe00142fcde5d25a5c80","flac",NULL
"d6b06e84cdeb602e18e9b4109aea85c444db6fee","flac",NULL
"20a804eabde2eb42a745349ce4d215e6a31473ce","flac",NULL
"9f12006def2fff721b4ef099315c3fdb5eb45d18","flac",NULL
"481da3d61d727423f849b77b1de6ba56b9bcab2c","flac",NULL
"7be51ca7c1794b1eed21da46e802a76e4980f118","flac",NULL
"81f911c496c1ec205d5e0ab886a282066cc38532","flac",NULL
"fc313675590bddc8aa81754ea849631b274a2205","flac",NULL
"89111f1b36eb8eb3ec2547066e88de2ae3d0a132","flac",NULL
"c3791b6988a5583ba8aadb27cd510a7a5a8edfeb","flac",NULL
"2b020c92ebbd08c4fa8d2c187e6429fbb98d87b5","flac",NULL
"d890a125fb131c219bc4324b319116eae9f43757","flac",NULL
"60f6999588e543d045ccf7afd1d506d02a74eed5","flac",NULL
"97ef3e3bdf9603686b10eebfedcf41a7f2a36554","flac",NULL
"edda2c531f6b885217037cac7a4be1df5f7b0c68","flac",NULL
"cd64fc837483beb6fa2fce97d9be667f2b241bc0","flac",NULL
"2a106eed988827599cfa8d12b8d3e57a6e1ced50","flac",NULL
"e0133e87c7c72b25a394ad6c92e8dfc5271092c3","flac",NULL
"05bc31eb82c5327a2b785c6f1897e18b6c01500e","flac",NULL
"82fdd97f6114225c3d0d05081550c945c160a034","flac",NULL
"26ab586dcba4456dd59cc86985f24aaa4872fa75","flac",NULL
"8c0020a1f3920eb6368da86d0bf82726b9d78cad","flac",NULL
"f93d64b99926fc4a5024de1b6ce373f7c5a2083d","flac",NULL
"95869faf8841830400625e8b51ab958d9837d976","flac",NULL
"1b4b3ed666b7065dfb56a433466566e0a60935c6","flac",NULL
"51778041694720cbf819a93b8275b878e12abb37","flac",NULL
"756b31b09b72ebc399af6ccc071090bffdc80734","flac",NULL
"4f7cfe85bea996e3d75d6c05a2101ac350253071","flac",NULL
"d36a01c4735e2cbbb9c84fa08148f12d0a68d8b8","flac",NULL
"5124f8fe44ec03fd61952393cee0f347be580699","flac",NULL
"2658106dcebcadd5bc91b313b41af1dd7fee3d26","flac",NULL
"22456d6877b9a916f6fc5bc036dc9fdbcdfd9d85","flac",NULL
"3f19af05a004fe560c9f8f47af93c06c337ae2cf","flac",NULL
"7cea4137e061b2a758afe67acf6b423ff1308c8c","flac",NULL
"a86fc88f8bc65cc0f0345367a15dccd5f3b4de78","flac",NULL
"ac24321dbedec1b94a3ef4205bbe3af54153cb53","flac",NULL
"760fbc22c15eb41db46edeb9356182d5f63fe93a","flac",NULL
"d92f2ed6cbb3a92fb70980f1d4e8badd4126eb46","flac",NULL
"253aff695c1960ff7de0a0550643d040b011d6ef","flac",NULL
"6475fbec285797d5721e35b9fde64a7a7a531fcf","flac",NULL
"e5a64b6690cdb3c989ff21efbb8cf682c741dba7","flac",NULL
"ad62eea350fa9e34dadc94a9cb0f4a8bd6affdd8","flac",NULL
"4b2047388adef6ab8a52cfeb3ddbb17884a6e854","flac",NULL
"ed6ec62748f7c5f8cfabd14c87227fe6c1685cd0","flac",NULL
"ccfc4896d7b85881f92b33aa02e9e49a04dd25ad","flac",NULL
"c155042315901dd8437a9328f98d8b2b34caacde","flac",NULL
"552be4ff912618b33a7f855e96f2d5cf5185250b","flac",NULL
"27841c69ad3e0c2c4ec6faa892fb4f21c7827629","flac",NULL
"14c0d7b7a3c8f3e94fff1416c9c1731012839f34","flac",NULL
"df7941e7dfe0bebd82e8efc857024eb0575d2540","flac",NULL
"26eb8371de7148d759a0edd15eac18dc3672d6b8","flac",NULL
"92fcfa5fce45a2e35f7a299ec20a2f01a204acd2","flac",NULL
"2b2c03dd4ff833b836ddcfc4901a580d039548cf","flac",NULL
"9158c84837336ed390cc0a2d3850ebbc2528f0af","flac",NULL
"18bd8f863790beaee5c11179573a1e1c484075a9","flac",NULL
"4182b038cf95533513b87f33e640cb893ce844ae","flac",NULL
"01b3466e2e54161858803c1b3079308c0ca36215","flac",NULL
"b940770a2de46ebb50225af1e38aeb42b3c2a67f","flac",NULL
"f84e6e876b9873211154e11770074047ed182f34","flac",NULL
"ce16e412ed5f1ed1ff10a1387d28cca65a87b6a1","flac",NULL
"9ec05b321b3aafd89c1d78190a6a716f9f3c887e","flac",NULL
"2b6c9e44ca92d3503b0c6f328d631e0c246a3439","flac",NULL
"6770d84b2ce21bbe2a6f55f37f9361e7d023d369","flac",NULL
"f922952d04526fc82377317870cd4003333007e7","flac",NULL
"e534b666be05f9b476935bdbfd24cd1b4dd10297","flac",NULL
"c59b874a72599873a2ee88eb17d1bd355f50aed7","flac",NULL
"3bfdfca143870fcc04f05bf46b711a20443ffd24","flac",NULL
"4b03a17e74e2c2e9cfb63026d773c58dd94a6283","flac",NULL
"800ace98531874a1b06fd199ebf059161fa607b0","flac",NULL
"742ff17e8cb5c797359364e23df2ccaa53baae7d","flac",NULL
"0b6e3e332307bf56687af37992b3d8d0eedd2fa8","flac",NULL
"df8e5dd63bb6bf7c2d2c4b4a83004c4533f48de5","flac",NULL
"f1470c662dfb600df7f0271297244a110bf8dbd6","flac",NULL
"fcbbb3cbcea907cd96c5ec3168692ca88cb27376","flac",NULL
"59170ab09e9243c0724932f051600064d8ab7561","flac",NULL
"e8c1fdbbc0bf740aa720fb3d1b340af657ca4ac3","flac",NULL
"e8aacd4bbf0c5f36fdd651b37c07c74d47d3abc4","flac",NULL
"7f1483897be44e1c4e5c3f6dccadfaa3773eee71","flac",NULL
"25323c4f2e9c4374e97a20ad0f6a08c4bcebf92d","flac",NULL
"0a36bfdc30586ea55d247f8229531dd1b1184352","flac",NULL
"e200640c1d447aa9512b16b98e9f4ed4b6b25cbf","flac",NULL
"605d9bd2e3dfde45e6235a4346a15883b298d8bb","flac",NULL
"e7134ddb4a23f35d97e96e3df722da9ad22dad38","flac",NULL
"37cffca09cc6b0b5c96bed1f50759b05ad262192","flac",NULL
"76300d3fd780361fd433dfbbbb2e8b5efcdbc3ea","flac",NULL
"c96b9c6ac9a6d45c634c8a7cc6d3545539170e1b","flac",NULL
"16446838f0a34f52549a4f95096f389523e01a9e","flac",NULL
"b09ff71f5b17e38dbc824c3365833ffc10aa266f","flac",NULL
"6077d6b0be609778dbcd8aa8ec0a027764e1be27","flac",NULL
"26d658841a0ee7a2913b9b23ba868733451f323c","flac",NULL
"603867f261d744dc5ca9ea9f3369007271e5fbb4","flac",NULL
"d8bf53014276e7a98967ce9cd75e33003ddea9f4","flac",NULL
"c0d148b020a125fe561052fdb1491e49673e92ef","flac",NULL
"fa238144f441f33fba49552bfd74504262aaa47b","flac",NULL
"557ccd02802ab68aeadc158834d7e01dd267f9f1","flac",NULL
"0f264743520b9867029b13f4678a21a25a2ed72b","flac",NULL
"34bcf81c1cd39278b113961ed7898efad661a956","flac",NULL
"ca4f14b3c93bb0e197223d0c133bee114181a893","flac",NULL
"66e446a06a72188eb4eb966b0cd4ce97730455ff","flac",NULL
"1fb7e5db12be9a384426af0232854e49e0c8a104","flac",NULL
"3717a1aa704108390edd370deba19c43f016dd46","flac",NULL
"9320e4ed8507189ef4271ca2ad7930e001f5c9cd","flac",NULL
"6dd600a9eedd62635b0f4874ec9ebe24aeb9f44f","flac",NULL
"92bcad1ff3e925eaffaafa6534a343a5ebf45df0","flac",NULL
"408b14f4a3e3fe5d7234f87225bcd55836595223","flac",NULL
"38c8979798e7f60fb0875b8c9163ecd9f940d8b6","flac",NULL
"7ebe41c9cd29c0c0dbc0b5dc98c7e8c3222f0789","flac",NULL
"3f57e51507128d0ea4e9a89fa10e7964aeadf4d0","flac",NULL
"7f14e48b5c044d9d94b70b9fa7e4b1c10012ee73","flac",NULL
"d0d6c7df93e96439b0cf9ae077b4ca4955d46451","flac",NULL
"5a6d6eb051da24c30e7c4b58078194e144131246","flac",NULL
"16da78d13130da898318fc1d4d573de001b5dcfe","flac",NULL
"680327e18d968137d69b5326d709cee214963551","flac",NULL
"d7ae9cb5ba447ea546accd65bdcf4accae455b26","flac",NULL
"c5be925558a4fd5b9de94a80e2b725183360e66f","flac",NULL
"a93e3d7d534a79951e2a82e5dc62ca5cd7ba5cdb","flac",NULL
"47c9960ab69d7dde53232bd0ddde5afa766892ec","flac",NULL
"f4ce2dcf2893f26099f63548abc0969983e11c64","flac",NULL
"35619181f52f848869e932569974b70d72314d7d","flac",NULL
"c20cbef05f221df4aede6e5421d9c990deaae687","flac",NULL
"f4d95c6350b991fd542ffabcafa1606237c22ce4","flac",NULL
"42c76a07eb5c8c4ade213cc82659f78f121de7fd","flac",NULL
"6e4d3f5d4081c1b5c889e98e66b089ed0095a1c1","flac",NULL
"c4004ec0816df699a919ddb4b784c861719d009e","flac",NULL
"a395290be30f165d854efd7b5a2b275edc1099df","flac",NULL
"749394e4955272639f624266b58bd4d312219058","flac",NULL
"d5f62a941b2988a0ac3c0c09f21b2b1d32928753","flac",NULL
"06a94afa05e0fdb244f04e1f912e95a6a3cfb707","flac",NULL
"6d53f5e2263833b64f3ba43016385e3a4a32b032","flac",NULL
"2c7c19cb97e0dc2084a9b78c9d7502e4c0d750bd","flac",NULL
"7fb98b996b3f5e41e7b251273a3353ccfea46568","flac",NULL
"826d607f7bf26f41da77e2b315b3bc44af9bfc96","flac",NULL
"081f6f8e350a8fc917fd27b51dcd2d0f299916d3","flac",NULL
"a979c9ff249c77415b696b576bd1fa8a9e77f70c","flac",NULL
"578e632c5df882d11aa05f2fac266619c36ec16b","flac",NULL
"868085fb74f7457274f44b0410697f7f58abfa8e","flac",NULL
"3a10bf00c019d1bfe03d7569e2afa06d09d44397","flac",NULL
"c401794f2f3ffebddc87c6f386e4121b9319baf9","flac",NULL
"119f7268363f81206ea12b061e952e987b8d5a85","flac",NULL
"78cfd7d223b93e5e9ef2d1de6d3246bdfe7d528c","flac",NULL
"11e3038c431456b75b2f2fa80e044ac40f67bf4d","flac",NULL
"6570576a28cfe8cc7f401f3fa4139d3b8bd94101","flac",NULL
"a32400a462ce86bf1b940cd3465e586f57cd24cd","flac",NULL
"29ad9d866772933d0b4572582eb93163a9f5f1a4","flac",NULL
"360520d8b5be635f0fa54b8d16a2016cfecebc85","flac",NULL
"350d5ed1937a0dc7f07724051fc67648c39a2c66","flac",NULL
"920af6dd47cf76d8bd5c7f837f7a81d88241f1af","flac",NULL
"ac5ef8f3695cd01440c0e1dc1ddc1478064da29f","flac",NULL
"f276f5cfdfa1066ac19e3d1f130cf3d8fec6d2b6","flac",NULL
"217592468a1f5fc1f5929bf0fcd9c769f3cfce47","flac",NULL
"c13fd7247b40528a5ff5bbfdbf76b40118c5c05f","flac",NULL
"9a653734a2c2af84814d470efa949d21150760ee","flac",NULL
"4f698e0e84d1df7bd8f7a52a79b640fc8d5ceb32","flac",NULL
"1e5d63ea7631f527715bbc0f7eaa67c8f98d9339","flac",NULL
"524e264f7c0fda0a1a07854460429d2b99a0c1a3","flac",NULL
"6b2dbcb804c7651a99e6d361108e546e150a1cd8","flac",NULL
"53303399088a935884974a91d4cb889bb621dd9c","flac",NULL
"cba438ed8ad4fd3bac9b8c30b54fe1a35f60021e","flac",NULL
"ffcd03013ce3237a2b63aa40357da9d1539267c8","flac",NULL
"87ead2db8f1c05218f0df1441da954a29465b22b","flac",NULL
"490fd5afd047b01982ba4d4479fa405498f064d2","flac",NULL
"5d0d54eddbcd06a21b588f76f8bbbd25d6f94c5b","flac",NULL
"e4ab2e3e71316e3c765ef644d9f24e45f4e21576","flac",NULL
"9e05e26b26b9937d8d0f17f0cb9303b52f180bae","flac",NULL
"59bf9f532d364385796e8a935b11b619e6f64263","flac",NULL
"2326c0bc9254be1982c0f3163de1b5236e21ee4f","flac",NULL
"862d4337ccab5ae66c447f63f867421f2452d29f","flac",NULL
"0796d5c35f24455dc4aa4f4c86e6da2ea28af039","flac",NULL
"993241853e8e8cdc6f3c9d571be3a5891576ecd2","flac",NULL
"9e63bd5cde28b3f9f650341c22da027e5290a9bb","flac",NULL
"c40f8bcecb04a1d011d9f97aa34fb58e532f13ff","flac",NULL
"b4ce4649a4335a04745819229fb2c9f1153396d5","flac",NULL
"1b38f281ff74ca1c54f91583b636eb442f99b3dc","flac",NULL
"731a79168b0f68b3e5983915bbf5f9250adb2595","flac",NULL
"9b540c0a89df41816ebcd881f0af405e3f512158","flac",NULL
"195d7bd32f38fa19644787635ae51e3d74d97edf","flac",NULL
"2feeca0c2a81a5dee2e473a641a4e00b5bd9b579","flac",NULL
"1e31f5f474218b8c60ded22016472f074c2e230c","flac",NULL
"8998923276003c0c74e770a54a695007f2e3bd22","flac",NULL
"beb4a5a1699fabddab7e0186e07cda84bb9a601c","flac",NULL
"8a2e7eac04dd7876783c80e9828193d0fd00a523","flac",NULL
"b956167eb8ddd3ff914f34c4dc618c3bcbe1b0aa","flac",NULL
"6a80f95b7969f1ed4e546797aa913753f0b913cf","flac",NULL
"8a367fe63f17c5ebba504522b82530a5cca96fb6","flac",NULL
"60a6ed6547ab0cd3331886bd5fc1a18fccc54329","flac",NULL
"971546197414850cde798c517b89d656f630b2dd","flac",NULL
"abda03e187d849cbf2a0de2c8b2c06382ea57b29","flac",NULL
"38925ee0af0c9481b479bbb6a28e5ef24de0db06","flac",NULL
"2a286eb7174adb2ec3431209340d033d7da73b49","flac",NULL
"f0bbf91c2c1d19fd5c3b41fd6317696a1aad87ed","flac",NULL
"10ab82ebc42c4cd3ee652e4a55e34de1ccc9aa49","flac",NULL
"75556d0d0683be0a7db16da19b1aff69ca6bed98","flac",NULL
"024ddec0d290832acbfdc010e8735ac4e6fd8b16","flac",NULL
"fca179b2582a644ed063ce88ba1b9b45ab933057","flac",NULL
"f858a749d9f226012f7386365f1f7eb533d50341","flac",NULL
"12ad9e9ceb63f0b31d09f948560001e76ddbcd56","flac",NULL
"bf6134410fce02e20c12e28aa85b94b96a2efb05","flac",NULL
"0e87d2249daf860691a4ae921da6377e38f391e2","flac",NULL
"b965bbfff6b5c224c7a1dedabaf51665d0b02021","flac",NULL
"d89015919cc8f1d2b830148fbe0e7a2f48b95a93","flac",NULL
"b5f4886ba2f03df4da9b3d1335f7bed54dfe835b","flac",NULL
"fb3526141f76134b1e52b7260d7e9bdf5e322c9c","flac",NULL
"226bbf65475efb7a9d97d9606f973b71875f911d","flac",NULL
"fc2695436a5d9cb9bfb8fa52fe37277bb19cc353","flac",NULL
"3141823b53a72292cdfda91c2666e7c080b55867","flac",NULL
"2a250cc1a542215b5bbdb7add99ac662d207f22c","flac",NULL
"bc8b266c22c3b1fc78b139ef41c64fd1fff87421","flac",NULL
"1122226b0b48a506aa8ef07e80e30002036f2190","flac",NULL
"1f83874453f3fe0b62c98cc0148327e0a48568a7","flac",NULL
"aa4906839fe3b6bca81ed41e44c30f926edea3eb","flac",NULL
"9c6538dcdd0e7cbfd628f06b84def8259ecaa0da","flac",NULL
"a85718c94c4ec23418222d317f24d9930a4c548f","flac",NULL
"86d7a95eb718d43487e9352390ce36cb3d25a89d","flac",NULL
"6e52e8c7ab158a0ceb8ad863209c3dcfc41da4e6","flac",NULL
"e28afd05f83cae892944153209fc47538de02e37","flac",NULL
"ea3816f9d0469cc29fc73ef770fdcb997dc8f3a6","flac",NULL
"d01b3079c1c13ba5be63900042a02dd653c78148","flac",NULL
"fce169941865980165723d7b96111434df986a51","flac",NULL
"fcde7477d1fd3175002292a7ec9cd8cd49541d17","flac",NULL
"905f735312dbd74ada3b974ed286106c2a39c4ba","flac",NULL
"211f4bbe87a73a6560bbca92ede52063e67beec7","flac",NULL
"595dd9487455dae1bccf96c2c7c8b40e4dcb3999","flac",NULL
"48ff7bd5b71785b83828c272aef6daf4cac593dc","flac",NULL
"7129685252545eed02f7a120e2d68f856734f9e3","flac",NULL
"c9176549eb917f9e6b79139c9696729c13c21bb3","flac",NULL
"e70604432e09e670f7796439a7ffbf7f41c44ad6","flac",NULL
"40eb6a5b91fc9149191e7ab8989f0b2a77dcf3fa","flac",NULL
"67c6ba7618abd7a2aaea27aeebcbdcd04df0dc98","flac",NULL
"2db04f59469550645c43832b861db9e9c09c545f","flac",NULL
"6bce91dd80fbe847c2e7079d0878c320afbfdd73","flac",NULL
"78c17d1c6100e14077c17e7fa0e67601cbcfc484","flac",NULL
"9e08338b89a910b2cd23c8ed3aad19f968a13844","flac",NULL
"7cc2c1d1938a3f4e3faa4b0c17dffcbf40f7b6da","flac",NULL
"1ca304e74486af9eae7bd772572e409b42239b13","flac",NULL
"c41ff1f8cb0dd6128534b2719c9f69fa919b2c26","flac",NULL
"e61d12851bdbbb4fac0cc11df9a5064610c6cca4","flac",NULL
"df68f3953586e4883f452421a4068ac83b458fdc","flac",NULL
"6940a6f9810fd8c0705c878a8d7b0bc26239cf8f","flac",NULL
"0b39612d1426552723f6f0828111ebada8a44659","flac",NULL
"f47a11e1829dd3a68b12fc52590aef5840f0ccbd","flac",NULL
"f9cafe9a0e40a3ad6ae274b793c86c0df086c092","flac",NULL
"3a8caebb35ec6d9a35aad472261f63c801197baf","flac",NULL
"438b59fd56022302e5208a052e0dbd0c8a8eb254","flac",NULL
"f103b67cb0b0f07ebff36c6ffa1171fa02e4e54d","flac",NULL
"cf95c41c8ce1b74ac29dd6c16122301b521ab152","flac",NULL
"4016c5ba787a506cbdea80fb1a881570beafc6c6","flac",NULL
"95326314e7907151667b19ad6f1b3b44b1be9df1","flac",NULL
"b3850dc96ebb793784e17eafa3efd5420e2aaa3e","flac",NULL
"e508eef17d01d4306860b6e867baf3881eaf6db3","flac",NULL
"fed27ff4089faafe2d255db96ccf514445bbe5b3","flac",NULL
"6b772998632bc13d3e674a950d6b499999c68b46","flac",NULL
"749ac88237e3d2092aa449be775cd43f67773ad4","flac",NULL
"47a5c2b7bd9ef71a617a9a18081518a812829d45","flac",NULL
"684198b795bda3bb9b16796a91e8c32e39524b5c","flac",NULL
"18c3a80493a6867e33ba40f9e15813ffe40ae2f0","flac",NULL
"ac90bc55f22dcbd19c4240abd7fb362c53a2850f","flac",NULL
"196a0444677515e0ee636f1ea0ebe94c8dfacf4e","flac",NULL
"3d649c67905cca46c4f23b7bea4b2f60263139e7","flac",NULL
"d519e4d6fd224a101688a04828277170e68e4322","flac",NULL
"9d1bb9983afe399d6227b1fd0334ba7c29177a3d","flac",NULL
"4263f6d09124275ee6cd8d7a28a2e0873bba64dc","flac",NULL
"bb497ef59af76787e767d190e5dd21379b52e4ef","flac",NULL
"86170317f172711e8fd35ebcc83013b2e78c4d89","flac",NULL
"72ec323918baf301af5fe18a7c0c4799a869375d","flac",NULL
"8f4d4dd9a5650e099eaca9f281a17022fbed6534","flac",NULL
"f237386370552805b8a938f01d781f3feea94e08","flac",NULL
"815bbe5ac8807e599891c2cb09794b8d8e1b6aa3","flac",NULL
"3e3fb4d26f5f99f62d292b661c6d86414fa2b9ea","flac",NULL
"b3a774893b3916a12bbc6e533ffde90ac6b4b8cf","flac",NULL
"533cc14c44a64ce1360da595e7bac6879f3b6273","flac",NULL
"84c753db408c8705b7e7e0e96edea12811fa177f","flac",NULL
"251100a22ccd8b14a85a8a05b91a33e2348eacb3","flac",NULL
"91b6378bbb4f8ad5f82613fc6fc299bbde84f4b0","flac",NULL
"10de7c1d1ffbae1652d5c053e6d250516e135209","flac",NULL
"226aa19562399799fd049de52dac5f3df8c70aaa","flac",NULL
"47c60e1ea961a945b83aeea0c5d24393b350c951","flac",NULL
"b57de450633bf9fad9058a91dd08e36b1b8156a6","flac",NULL
"3e7a3e86f49685c0a3ed3eb44704f1b9905cf2ad","flac",NULL
"27d74e5f385995748e867dff5c35892efabe1d1a","flac",NULL
"108d6c8fe5063ceebe90555368e08481635cb1d9","flac",NULL
"8bc9777ab0fac37c4b4020269bc9df9c4d617c22","flac",NULL
"7be3c050825fea96e02bbb71c55ff0edd801e3bb","flac",NULL
"8100acf0b3ef7c2df7ff03118a536a5e722836dc","flac",NULL
"78e311062f06ecd2dcfdbc5d03fc3a0531e2dd18","flac",NULL
"db7cb62ebb8a6f99d97f2d45d2073e820f6560cf","flac",NULL
"19de3a8d21090d59ff734ae807037b824459f2c1","flac",NULL
"005c30d8c8b7e55a1edf20e3a35ae468e880111c","flac",NULL
"e06d8690414ab04809469801dc20ee0e714851dc","flac",NULL
"5e35e497368688e113e237e712db30d4b4fbdd37","flac",NULL
"449790622adbc796bb486b753b9e9d315c2484a6","flac",NULL
"15324cf79e8a280d0b51dc0f4c99107de7816362","flac",NULL
"090f21e1db3f12838cd60867b9168e32184bd25d","flac",NULL
"57f4eddd3727338e92b086362c0a0cd85ed24ac1","flac",NULL
"1dd1ba6762e2d2790f659e11b6d6770b6ba896d1","flac",NULL
"692fcebdb1473daab1d421dd20e86b2ad8c3aaa1","flac",NULL
"a63f4db9f642fa9351081f4d6191350d0f45ba90","flac",NULL
"f5bbf1da7bff6dbe14413ffb072a2d978837672b","flac",NULL
"569d5d2294ee82aec4d207478f1bd132edcdbb98","flac",NULL
"30dd9996a120fde7b684a650eb3816afde4a9acf","flac",NULL
"d3d8545d786635388c97be8aee8dd2e396774f8a","flac",NULL
"8e45b597c7dca89de4db4be2e11e528035b4cfaf","flac",NULL
"da46ce8cf25f44912e2b9d9fc14c18f9b5f9ba12","flac",NULL
"75f0a1f1223c9f6ad48b3fc6f09c8e7a3340d051","flac",NULL
"e7b8efb30f016bb74a3b8ed710be899f969b16a0","flac",NULL
"9f7196072e64c2ff6e9495f5df89402801958b5f","flac",NULL
"d959f39e0cd076ead6ab5d29d3cecc49cd00d78d","flac",NULL
"d669c78ec16a5a0ff42c1eee7e0c3d5a270db139","flac",NULL
"b1cbb1b1610bec79ace327387a38c6a9f2c1cd10","flac",NULL
"1e834428bf45b29d2d4c20ae06b0c53284f19bb2","flac",NULL
"f2dd35bef4aabc5596c562f423e3cd5c21398dd5","flac",NULL
"9294b25a6b3a55aacbe78f9b268c1fd64dad0e27","flac",NULL
"d14410b57b95e2edf9eb41ec92500dbcbf941f15","flac",NULL
"9934df3fb82fa353d363c9fc5523eeb2f3086544","flac",NULL
"82ad2369fafbe37773dbd5b3471904fae249108e","flac",NULL
"ec9d9d2a5c46cd56cc03498c47fcc0b072ae7be5","flac",NULL
"3d268e08a6a915a028b0bd92eb759ffe8429f32f","flac",NULL
"0a96c934bca773893e55cce81d3d84ead8020e2d","flac",NULL
"f034cd380b3ffefc083156a0bba5ad5943353cca","flac",NULL
"d87d8a49dc531731a3a84bea522fbf2f4e68f599","flac",NULL
"7793adf917962f211d5ced1abb4e588fa4490a2c","flac",NULL
"ab878f9ab466cbd5ebcd988f05359ac0eaeab2a1","flac",NULL
"ec819080379160410c721f91069a73ea7b96a10c","flac",NULL
"d27c27a4f19d062b3f43c6903f098bebe3815890","flac",NULL
"ba710a7230a4bf5892f584ce9e1d15038f5d6ac8","flac",NULL
"ab4f6fc18abeae75860a20f21ea62abb66ea506a","flac",NULL
"61ec0b0c3b24898a9e2ccface8a5865783bfd285","flac",NULL
"a4fa291ba14327bed6468d101ea2210bbbae43e3","flac",NULL
"7cec0b462db293006fe499f5d83292f9b20de2c4","flac",NULL
"3325ef17eb3b02e140edfe95c500f252762f3a47","flac",NULL
"4924751cec7b07eac4fd02245eea50ac1ab0a564","flac",NULL
"edf9fb36b2e5d4d7fafd3496b8db6f8259104bd4","flac",NULL
"096899ba9105894091e156618a3e9a2a0078fa5e","flac",NULL
"560705eb2fc47957c1e4479614e8152571686bf0","flac",NULL
"c0e1bdd0d1cf3039f468b793a908848446ed2a1d","flac",NULL
"f1dcbbb1d7b25548d11c7ac3595ea4b6684cf667","flac",NULL
"1789811a1ba08275e82854ddc5f1f55d54bf2c79","flac",NULL
"c4b99f91dbfbf1a7beb85aa80fa00ed564516cd9","flac",NULL
"9ec424d58cda2a73c9538b057f0cafc974354454","flac",NULL
"2fd1f429a035dee8af4d95d4563680c936cfcf94","flac",NULL
"fcb0a03528e06abb30bf84788a0d7d7b1da8977a","flac",NULL
"189305f9c7fa5d79f7e1f0b2a52f9624649f6e17","flac",NULL
"09b37a0bbd5dab664856da85d978f82ea0fef95d","flac",NULL
"b3a93a4dcc7ad225bbaf58c9910bfd6db5d129a3","flac",NULL
"8a175157b2e604364bb3bed9b69ba81f8554b6b8","flac",NULL
"2296acd8472646ea7b49453b80c88f11cad04802","flac",NULL
"6a88907ea629dd7932759ccef74e6bf17f5ec8f6","flac",NULL
"713df78da77913ddf9e0033448560e09e6071bbd","flac",NULL
"02b8e1a6271ecda64f3cbce7c9b867155774c03f","flac",NULL
"8f3e99149b0b50b3635c5a662c0fac658a667740","flac",NULL
"b2b1dfa2b53555e7f1ff03334354eab14452b5f2","flac",NULL
"0efd1bf0fddde7aa08faa23067699b79b1a3d355","flac",NULL
"fa39e513e6c3738b493c2cea4e6ce8ce069fe238","flac",NULL
"091cfc5f3cb4f84b9b711a6588b6261e1c08d4c0","flac",NULL
"f55d31760375157e37dffdfaae3f9b67cce259fa","flac",NULL
"aae9891e42a32618aa2ea435ccac4e1b982a247b","flac",NULL
"0b07addf44c8c20338052475c205839bbdbdc0bc","flac",NULL
"c6817054cffc6ec268792f792f4062d2a3abcf79","flac",NULL
"5a54b5a5e9803d6761d35033f55c7add5a417e62","flac",NULL
"1aa7c8265553e214691398f3b9259b1470f12da1","flac",NULL
"2d16b974e05962dc9c3987f3f0ae11534dba6eb7","flac",NULL
"223fea2314c61dc344c3b0be2de4aa662a7eb25a","flac",NULL
"28d6392b8981a385f166bfc7a29dbaca7e1c16c8","flac",NULL
"81868d6f70d44c81ee4bedd1a16c677100537832","flac",NULL
"90cc8c90e5c6e47c48587059d37c0a4ee4922247","flac",NULL
"1c95def945a2fe9b3b648c97e20c8dc5af197fc9","flac",NULL
"d47438bd82a5ffedc1670a5e95bb2e95e3b0835b","flac",NULL
"d68813ea6806f38067e0e831d3490335d1468719","flac",NULL
"f2580ada5f5f68ac5b4b9a393e4a998b33b01076","flac",NULL
"88e570b018e0221af50bc0e0c5589eba1a5d5a2e","flac",NULL
"0d916c9006e31accb215842d54449c77e738b592","flac",NULL
"d9a8168bd93b17f9e5d6e666fd887eeaeffffb16","flac",NULL
"c41ace3a3f958268b322260a982e73699a38de7b","flac",NULL
"27bf65eaae2f1eac142b411c095bfd1229f9bff3","flac",NULL
"188b0ec1d94a39b5cac0bfb11505616b70ee5a44","flac",NULL
"9c0c32f49e1c5b0ce36ae08822db4c880c0f714a","flac",NULL
"046070ad4b6adc0f8ab518c6cf79aefdaede3f06","flac",NULL
"ef30bfad96b7137c9736a9542d350ec93adb7b14","flac",NULL
"a0e1de8806765c3d3419e8716f77dd5d634a8c14","flac",NULL
"6f943043a38f409af40846344be45837208566ca","flac",NULL
"b49c5770df437b463a65f3e1f6732748474f8b0f","flac",NULL
"3721f2815b704f66679f0c531e023ad297d54094","flac",NULL
"5e2752c909cf6058781bc83ecd4a87cca45f2fe0","flac",NULL
"61672dcf9c0bc4690fdf3e57cd5e9f82c6ce8a13","flac",NULL
"804357129c3c5e268325eeb125a94bbffeda70d4","flac",NULL
"93f58e09ab4fb41f0ee0a53e923e2b2425f8cc97","flac",NULL
"865cbbdbc89d2d70ab818e7988269ba0a73cedee","flac",NULL
"4ab4683e25e1d573d904671582144178ecc09dda","flac",NULL
"64f85affe426ee8e2e5c827b137a3651bfe6743f","flac",NULL
"21ebe9fe826bb28f1bc30b56ca51409526a84835","flac",NULL
"c3228d9546f8612980e57642af8dd30e51d83731","flac",NULL
"e26c30f669d8c03d62e2c758884c73744ed41646","flac",NULL
"6a5419a0294dc496fc49a9c425697d183b88f0e0","flac",NULL
"83650f5cfa42e8a631404c785dc521080aa8f7a2","flac",NULL
"6f3014b2f4700e5b4c435d22793b8d98b60f4bc4","flac",NULL
"658e3b5f5c49b2e4948a3fb766adebc90be36cb5","flac",NULL
"b115ca0315e3307da73a4f487eddad223410482c","flac",NULL
"d7406b0b5e42bd3a90ed98cc1eaecb89947063e8","flac",NULL
"2a91a1bd7b9eacc48c3369cce941f9a2cd25d371","flac",NULL
"914e71e7ea61124c9496b69ace6304ea079a0054","flac",NULL
"5ae8b15acc01728247b8a3209da02f3d6b44156d","flac",NULL
"7e440dbeeb38fbefe2c0eecce59cbb217c3c9535","flac",NULL
"86ab69f21ecc44528278ef71ea98cc18b21b5e6d","flac",NULL
"bcd3ff4681324d255f7ee8d9f7688e45bcc83b3c","flac",NULL
"24fb7c25f60b92878458f4634d2c419078979ab3","flac",NULL
"2ab23a41aa6f1da90ee7986077dd8a54099c92fc","flac",NULL
"372e773850fd748bc3b40bcb934557dae87ff913","flac",NULL
"dcca2733ea18ec9c9ca4400f00dbd361b4b82dd2","flac",NULL
"450ef86d2418c35637773bf92747ecfcf9b89624","flac",NULL
"084e57b8c881026104399931cd421ab0d3d4263a","flac",NULL
"eccad52ad461ca42d53ed799b3f3c60aa470e33f","flac",NULL
"f11c8ce0d0e801e255238a766b5e023ac4f5e2a6","flac",NULL
"bdceef711cb33cacec90fe1deb2512182c77a20f","flac",NULL
"ed680108b14ce9b362040d826439537e4f67918e","flac",NULL
"def5f639356b727e244988fdd84ae418f7acbe82","flac",NULL
"3d79912ea2ed207ccda5ba0f625439022d2deb69","flac",NULL
"9afd0cc8b3d1b8b058c63f60931ec600346b74fa","flac",NULL
"f938a31900f1d36c7df2f8d15ebdebfd1cc12f0b","flac",NULL
"271a106d526fe32bc77e5c6196413449d7d292b4","flac",NULL
"7d0a6ac7312f8f583e16e756a185d28066b6cea2","flac",NULL
"f3169c10dc3e5e4e5f6554600e4466523b556bcc","flac",NULL
"8d4e77cc05ce73676e3d9c2ba4be5802c8f5b68e","flac",NULL
"0eedbd4ea41a3d6651d74491192d4e9cb5b9188d","flac",NULL
"99f4f85ed38eec709fa8a8e39c813f61d5281b17","flac",NULL
"08935782bb39b00eb3ff7e85e8e759fd5d61d211","flac",NULL
"83dacd0bad9c842987710e334e428d4d8b94c086","flac",NULL
"42a5f83d2eb4df8fce3723e0004b011f98ff7ece","flac",NULL
"4acdee3a5e68cc070d688e84f5c6e9f5922d06cf","flac",NULL
"c1208804ded04a94ffb6cf50d4e8512782a851fa","flac",NULL
"8f8a84009d3c978c62af429559e2bc1ad17ef758","flac",NULL
"c9834b6b7a7dfe8bfa458642f76c14cb5e3c3128","flac",NULL
"2c706465254ea70d7c5f17b6857c07a9be66493e","flac",NULL
"cd139b5594d344297b2e453285da3a18d7188fcc","flac",NULL
"a62420ee622156137b20b31861db31b0c3d418d3","flac",NULL
"d787979081d2b2f9409f77291dbb4dc2947fafac","flac",NULL
"9494002f2719b8c3aaa9435dcb5edfd19b8761ca","flac",NULL
"8db228922fcf6b73a16c1e0d9a1713ac591ea647","flac",NULL
"3e131258ad85b471f397c44da1a3960f447e7ae3","flac",NULL
"bba678ef39651b12f962c91f5e3168fb991bef4b","flac",NULL
"113055ce3347f7894c921d9f6c82a7c71b24cc1c","flac",NULL
"d639e8910a449ba53cdee83658ace3fecd6ba50f","flac",NULL
"b4351b5583e02612066a6b9f9a002da535133abe","flac",NULL
"e2d78aa5a7a72b6c8c6848c8bde368a61c3d998c","flac",NULL
"c3e601a18bb65352b5aafb44991e88be62cc53c7","flac",NULL
"63fbfc1d841d04558f4c645a2a6a761baf1170b5","flac",NULL
"257838f5e356b4a605f975451bb23af5f1ad9173","flac",NULL
"a0ae79ce5fc4940f1d18c98de22b0bbf8f914ccb","flac",NULL
"093309f3592743e7547f25cc228e0b4bae85d3c6","flac",NULL
"e678824fa57c20df394afddff5e9beb0a6fb3c70","flac",NULL
"9b4278594c35a82bb29f134f96b3f9c6fcc47c3e","flac",NULL
"70cb4f2430afd3d7b0109e9bcb9eb301375ff365","flac",NULL
"8c8dda506bc0b5addb7ab699f2d3c021b29b9b3a","flac",NULL
"e20b6229be769a4264470fa14977e710967884d0","flac",NULL
"813f4eee69ec1c5fb7ddc0b08c37efef532a9e1c","flac",NULL
"2f5d66a4839278ae36ee19f928522be9f44a9e18","flac",NULL
"b0021960f081ac736675737bcdbf55724511fd2d","flac",NULL
"1b0aab34e90e7ea2476f084dd495bdc58a060cce","flac",NULL
"041aede8a8cc503312c6e7ff866880925f77f799","flac",NULL
"e9444ea1bec8a311983de1c84de0e63b2b42b988","flac",NULL
"3876481c8188aed9f5c8f47f80550af852e923e4","flac",NULL
"bad3a4ef24bf483a3a02abe9843a0eb7a6c2f402","flac",NULL
"37d60ba25066e2f011264fc786c05f725863b55d","flac",NULL
"62d6c99bf769abfe55b199b26fd6b40ca96ff4bb","flac",NULL
"f8ff979e817ae40e1942006011f0f568df6ad0fb","flac",NULL
"4086096dcd2788f1647f4140d30541014c756053","flac",NULL
"8f66db090d365f277ab868392872206cf4cf9e34","flac",NULL
"ec9a17f5486a28200c986ba99dd4911f2860cac1","flac",NULL
"d75e759aaa47acb69390c429489c47d60c01b636","flac",NULL
"cd93e11105110991cfe66760a5343aa79885304a","flac",NULL
"589268fe205bcae5bb9282edfca2e3dcfaa57154","flac",NULL
"c1784479d000380b11411a61e9ca1c20781ec421","flac",NULL
"48334548aa32c8f4a804b1c6cb0263b0fddfd98a","flac",NULL
"73ceb519cefd4f12efa8add06fce69472a364515","flac",NULL
"a05442746d82a900af92f03136998ca84f1a5723","flac",NULL
"55ffc0ef51a655024304b82341f88da5f11c40a3","flac",NULL
"4ef1342f8923efa66131fab82657e2c9bc68fe3b","flac",NULL
"1d3eeefc3a51dae0e57133996a43acf365913aee","flac",NULL
"e447d259fefec3b39460449b00dfaffcf0aaf8b1","flac",NULL
"8c9d99244995e6f485736411136c4b87f93cab12","flac",NULL
"6d1b6c30d6ec8b8599e24b2bdcc265574419c800","flac",NULL
"4b5c91512aded5027f3559ab6ac55f75040fd8e1","flac",NULL
"ee05690bfd47da16113e493299021fc639a871ef","flac",NULL
"c42157674da50c1ac246f0209e6eb2000dc4a8ac","flac",NULL
"8a154e0bb9967e046a0a8048d78a99bebc092106","flac",NULL
"5818fbb5598ce9670597c666ef65a335d27d965a","flac",NULL
"4afdc1209257bdb68bc26683e15a2fea6355c41d","flac",NULL
"4979253088a10c8df77843170f2845346f092217","flac",NULL
"4ec90dab5bcb0bf8a98248e3cef95007b2c7f2e7","flac",NULL
"9854987e95e08fde84c389b0c371bea11d009d9b","flac",NULL
"06a2c8e96cdd173780638c39f6e5fa7e9eddf21a","flac",NULL
"372b2f2881181112124562701ed4538787380d15","flac",NULL
"51f3fe8c04bbcf6097fb351ec3a818f166172053","flac",NULL
"955cd30c2dd3d5179fd2fefa1da0a705fd033196","flac",NULL
"1bbd3f10e18da0a0f5db5cd9b26fbcdc2c2fe094","flac",NULL
"6f92eeec97e2bd348c0517c1a504215ffae85a3a","flac",NULL
"a9c68a3c4344a2c5333f24b97937391cb6a7e7e3","flac",NULL
"c360714e012c713e71436367d53dae887a5384d7","flac",NULL
"d78baad84a10ed0d419a554bfd042d2dee6281a1","flac",NULL
"74b0fc0ae9c20721c5081327ebc9aa85d68a1c00","flac",NULL
"0fe6ddecb153e499af8859714aaa63f881b6f56f","flac",NULL
"a8f6471ac87b221398693471b133bc4ece7d57ec","flac",NULL
"56117d51c107360cea0d15237ef996f724086c1f","flac",NULL
"074f33d5de98e20f4779f98eb767f22eede8865c","flac",NULL
"301d295bdc2b4fc16f9e0169f973e8dc4f0f5e30","flac",NULL
"d9a3565183eabad70096ae3d25638b0e0035976d","flac",NULL
"0a1e71511b30f08b58db98891b7bfde4e4cd403d","flac",NULL
"927a30ce51bbe7d7d8f4fe7ad7406941fa9f58d5","flac",NULL
"32169014f60dc4eda1b17afbc62a1c703da9e6dd","flac",NULL
"5925fb7736ad211a2b600df7ac64730c88ced471","flac",NULL
"c2d8a6c9bd15b31a68bbc6bd57b1310b62f11ff8","flac",NULL
"39bb77dc5c54333dce0cd8efcd1b23d7e6c655fb","flac",NULL
"d54ed9b5e2a7551ecadbc7cf834203619132874c","flac",NULL
"8e2ce5d4dd117c89642347770d5ff9c94b3bea94","flac",NULL
"20efe9eed892201a27a2c28dc30bf6b56103eb8b","flac",NULL
"d0afdfeb542c503e8c2e7ad3f1fe9136431fed17","flac",NULL
"1665c8542605edec143cf410f8f0cd0747c9d561","flac",NULL
"b75f4efb3ff9b66246167d1b8e628aea7b1ca3d4","flac",NULL
"bac5a8ab4998ed0e558efdbeefaa0d5836daaa6f","flac",NULL
"5c4e0b3c4a1297cc31d6a08f60843dc668608ad7","flac",NULL
"104d8505a37c3d546c60084406afc2fa4fcc5246","flac",NULL
"97165e02f9e6706bb1a46e9b278015a27b6505a8","flac",NULL
"d644eef5c56cd6ee8e4b5ad902853288fc8601e2","flac",NULL
"a3c77d8ad9adf7464944063010e3d7a1090f7440","flac",NULL
"500ea63755d4224a44172b241b1a2e84fe3e981e","flac",NULL
"9ffebfc162d4849fe44ab55dd23777bb2784059d","flac",NULL
"db7dfd3226df458406dcd53240b49e2c63e9cb5e","flac",NULL
"2ea9c5291492fd43b877c2f5dd4a4cd69eaa7200","flac",NULL
"69fea1fa4769e419730d0b2f3656f8a8f54ae19c","flac",NULL
"b62e16cd8eb5b62999dbe94f35d686dd04df151e","flac",NULL
"7104b0306da0a7ec9df8b234caa73d6134bd75fb","flac",NULL
"16afefa9edcaea43afed87fdd3b92e521365d8bd","flac",NULL
"4cb57f991dcabaabfd02b99b6763be1f841d6f6f","flac",NULL
"4823c047719634fda94d4a7ba0125babc629d6a0","flac",NULL
"f339061908219e46eb3eb2179430a4dd4756d510","flac",NULL
"f236caf52165fe3d6c2d9b8ffd483a1df47f05a1","flac",NULL
"05ea423e1628b69791b9536d1e1896c2ad206112","flac",NULL
"7ce1b59d4db187b40e45e6a488e0f3d9afb35327","flac",NULL
"1f204cd1b1e683c25418fc41676847f4a8a1d2f0","flac",NULL
"c19409a0b580715f9a611d05146bbeecfeba99ec","flac",NULL
"ab2d7b07456e3317a3bf8c8a2239c201fafad7f1","flac",NULL
"bba5381d95a70aef04c93801558b97a6b886dca9","flac",NULL
"f685a80ed3690fec3528252ac417c3b7c2a23e6d","flac",NULL
"a65d93064832b3326b288244457b52350611b6cc","flac",NULL
"02f0ca4e22b6380d8ea9b856df747d9ed76db365","flac",NULL
"60b8167361683131f61293792b376400c7182e26","flac",NULL
"c7f913c838a6671ff5a684b292290945791990e1","flac",NULL
"264da4d1f8de7339e1347dd910950d18768dfe62","flac",NULL
"9586fb5b135331a58a7e645d0baf264d18aada22","flac",NULL
"024a0ecf0c4c9437b336b342f669602639384ed5","flac",NULL
"68491aeddf6cc71e361c8a38f0344bc293162fbf","flac",NULL
"3bc651c1dcbc5a1c16248de569dec8b19d9fffbd","flac",NULL
"9f1b1fc1a3def7aa416a7b6a5617a21cec049e72","flac",NULL
"31425a1948186925d7050b4d1e30a3d001666014","flac",NULL
"6f4eb22650db64d3b01ac99ec9ec034c0452a002","flac",NULL
"7d6e02e3f8c885f0271763869203323fd39dee4c","flac",NULL
"de7728ab0bbc8b738cb924975e79c960b4ef88d6","flac",NULL
"a5ad60df0130bd42a73df443c584303ec874a9d2","flac",NULL
"55f09b00b7cb9914a982497fcae3e6a684ed0b65","flac",NULL
"681e3babf33cd4e72738a8ed9cc48caf4ae017d6","flac",NULL
"f3cc5dd2b10772f36db5f077da73f221654b3d97","flac",NULL
"5249d878e7e11bdeae054be6f9849764d80ab8c4","flac",NULL
"13c791ffff587d8c14a0fa929fae397fe81b3613","flac",NULL
"69d2a8ee93204ee9f316a5bd3bd859d5e3c68907","flac",NULL
"77135b80052db2084766931d7bfe1eb75b5bc266","flac",NULL
"b06093c046e38db0cc53afaf5c35536c2b52e7f6","flac",NULL
"463ef3a135fd30a76a1e556083844e5a8d62dc71","flac",NULL
"53a803cbb949f5993fc9339b25ff38c8fda153f6","flac",NULL
"fc927ec5ba323904acc2969293c128ebfeb6a979","flac",NULL
"11402daca243e24aac57d6640a2e33458308b07f","flac",NULL
"e9fbb5f25ddca4e1d166395afc9de962121d4964","flac",NULL
"36c330bd9c2aa3ea7e61bb34b7b58a5b5ad25f68","flac",NULL
"e2a3337d5825d931bedc7f6f8428a43aa80b2487","flac",NULL
"5641fde37168fb9e9470f9b550481f69be5d170f","flac",NULL
"7023a657f9945d15fa5b753e04efd64ca5f28716","flac",NULL
"eb8c5abbd0a9890b3350bacc553bdd59b8d81c7e","flac",NULL
"207bb01ad323bf5ff9d4ed14572d28f2f23f5847","flac",NULL
"abe35292565b1557858b7199ad9f4b14f334054d","flac",NULL
"53e10b48c86973025e7eb05e3665af7e878bc4ac","flac",NULL
"733028a19265b4e7611ab8244878707e9e753094","flac",NULL
"0af6bf5e444f5b47ae799f1843094ad0dd976965","flac",NULL
"77f13d13321b929e15f9ed0defe6253bdfca03da","flac",NULL
"4ae9dde5f4115ecc06feaf922bfc665b960b36c6","flac",NULL
"3f4a3902f0174aa811c33aef76ad234feb842cff","flac",NULL
"b2b8f6862a1fe7f8f002826ff1c3b8f256ef73da","flac",NULL
"91bf982548bd9bbef18523303086d897bdaffd69","flac",NULL
"45debb3e299aa0f1426b20094afcffce62101454","flac",NULL
"1fea88a6bf258e597e24149f5c551eff3b02e556","flac",NULL
"4583aed39f85bbb9fc5c48d15fe255962d60d486","flac",NULL
"efce2b4b0eaf4669fe588bf536c692cdc0752534","flac",NULL
"99f8f0691c7355401e88e465fed9bdf7e158c511","flac",NULL
"f0ee39cab84eb014fa19f63516c036fac0d1064a","flac",NULL
"e7c3a65b93fa8af4975191d4410dc1891f1908a7","flac",NULL
"ec4ab4ad9625f7318f19d00ed0a100987364285e","flac",NULL
"5b2f80a6c7f316dba890002fe4177990b923ea79","flac",NULL
"104129f7d9d5e142b571cbb998ff00f6fe27f873","flac",NULL
"fecffbb2ff31f658a0432da9bfbc22ae5e039a14","flac",NULL
"969db1617cea328aa5712af1139b44f999e5db3c","flac",NULL
"add42791e9dfad1c6bf58a01691e835d4567dd2c","flac",NULL
"8e318ef345be955da9855b5921337bbc2b9af309","flac",NULL
"ea9cb1ecde33bf13376e5664c6fbbc90aa5c7be3","flac",NULL
"6cb7ba155a820eb261c71e2ceb64cf7a105967ce","flac",NULL
"886714bff0f1223841139d5dbf2603916029fb40","flac",NULL
"1e77772b6a2a3889c1f4f838492b5f0aba3161dd","flac",NULL
"b0823066e384bbc41bac56353a70c2ea05f448c4","flac",NULL
"11a2b788d4f0b86b6c602a6adc6a01d45e647ecd","flac",NULL
"a0874a2599e1a0d26258ba0425b79d1a2a6b7a93","flac",NULL
"07d381b486acac21ec694ec47b1c263fdb3b7a5f","flac",NULL
"e475bc7b0ca0535497e7e2492fa7768b76c8d100","flac",NULL
"66d5f5b57df3ef3dfe0f0716b5d989b32f74c073","flac",NULL
"55558699441a150cff664560d5c4528d666980f4","flac",NULL
"42d4db18027668f6bf2ffa123e4db1908c73780f","flac",NULL
"528a3b78d7792c7e4788858cd6d3c223f96c6763","flac",NULL
"61c2de0d383851a316885d2b5c0c119178c1dc4b","flac",NULL
"1b6f9bf337c6dd1de208f6de94839eec16e10c4f","flac",NULL
"a812487ffe7cab7bb7c84fd652ef41ad97f98203","flac",NULL
"de283ab653756d0a90fe249a7fbb6373c8b8794a","flac",NULL
"62dd0d995c4ccce9bb88debc091a18b1b97c7b35","flac",NULL
"93eb712188b1e7e77deddd7058fc2bccae22038b","flac",NULL
"f78d37ca71dac29ce6463d311067c8c2890a6910","flac",NULL
"29f1c0d2cd308e58c544fdf1fed7f0feb16ce886","flac",NULL
"12616642cc17a78a6542487e3d3efafd1ae39163","flac",NULL
"88919738b57e99e3f341eaa32de6566597ad1617","flac",NULL
"a35ca2c8550aa1ef9a779e8b9fabfe68ad06426a","flac",NULL
"ef5bfdefb6fb7635068e66e37e4c9884a6b32a28","flac",NULL
"47574817a5929630fe4e9595bafd130a9368f8f8","flac",NULL
"56d32af542ff1f83cbfeae8ca799ebd0dacb7ee2","flac",NULL
"cec326a2ac7ed9bf86db029ac6de2b7567394f02","flac",NULL
"97a5d2022b98951262d1e874c491fb4373ea3400","flac",NULL
"ec39f9239b03f39e58554983488a2e230452b31a","flac",NULL
"74e89c9181398d270fee59b0077cbf05a0916b67","flac",NULL
"d386f47a90bd79eb085ce94b472e551399c22c11","flac",NULL
"abeb8ce1434a3e2ca345d45357d94db4d288207b","flac",NULL
"94c44630cdd2988168402c968dfb233269dce405","flac",NULL
"34b2d25873983af596108de7c8559d562d0b3a28","flac",NULL
"7bdd0a116b251dc901a219d0b3f929f769bdd5eb","flac",NULL
"ca6e8dcda5c696250f468264d19fb471ade1d3bd","flac",NULL
"dc9575f49930ddcbe88c412e0e7ff1a3bbde4f57","flac",NULL
"9732f49fd77214b49de7e55756fab9eda5d9f66a","flac",NULL
"220f24d6c0ac1ed0ea99e6f02d7f58cabe13bef0","flac",NULL
"e9e2623404bada2096b8f216747573c3a24db54e","flac",NULL
"5e1981cb3352c49488e512975b1be49ae8604f55","flac",NULL
"7b77c64949298d7eac4397cd334373f4c2a799cf","flac",NULL
"11cb102984680103f7f94096ba61654c3c12a787","flac",NULL
"0b61fd743ef9d23b9b08622272aa25fe000201f7","flac",NULL
"4396624b2781d5c9687afdc87d3a00a888ceb367","flac",NULL
"3aed6963f7c53439c803b5ab5b177768ae3c9e0f","flac",NULL
"560eba0e2c65a636fced222e93b4b43119cb5a08","flac",NULL
"d7b0043c167e1a8e4419402694396f2e6700cb40","flac",NULL
"a6f42b5350f6923fa5346dd398184e3daab6bf5f","flac",NULL
"e1ac8d8b627b674c827d5f55414e19ec931d3fd5","flac",NULL
"8f9c0c3d0729ac29992334748466c4ff05d5bdb9","flac",NULL
"8fcd7bd639bd59e9f56944388c6ae9d765383717","flac",NULL
"708da0c374d9b90ca94be4b7a9e3ebc2fc46aa25","flac",NULL
"232d2e3ef415e14d3490519477476a480d2a4033","flac",NULL
"5537fd1e79049ed34b5f048556e866880fc5e2c3","flac",NULL
"3076e46027dded2b9a10a6a2c0c41b04d1849051","flac",NULL
"eedc61a56a0940fcf9ef7020c313952ea5b3abb6","flac",NULL
"a1b2cde55bf76ec6845a39fe633670d789601f51","flac",NULL
"abc6a134d6b6db2780262098268a08284924b4ca","flac",NULL
"7686aff1b4eb5721159ba81d821a5d00e24805f0","flac",NULL
"2f98a1f141fde2bcfa316b486b347d47b64b4a4c","flac",NULL
"95b86a8e5520dcfd809c101111eadd20798d8627","flac",NULL
"8f4d246c24a6269bd076a250508685d0f1b7e948","flac",NULL
"25b3b404d7da759428598344fc55bc99f07757be","flac",NULL
"0a9491adcae904613e90f65b07f914f6f71f7052","flac",NULL
"5506d68ef95eb807a3072325689464dbc35cb197","flac",NULL
"09390d9f83798ccd416f8d6d9023057f621d482a","flac",NULL
"10ba4d36766d443b4fb799bf56ed96b4514d0ab3","flac",NULL
"16d4e1d076379885d490c15d2ae30208a9f86f92","flac",NULL
"adf884ddbfe6a03c488234d67283cd097bf81d23","flac",NULL
"1465fedb75da78b3a73c324c0987542912bc60e8","flac",NULL
"39af43c06a764ca83cf0551c6a06d36b5fb126dd","flac",NULL
"82b29e61e8cfe3608c7a9749b389790640ebd1b7","flac",NULL
"56c220e3b1fab2cb2f0c4a5b7505aab3326b6a48","flac",NULL
"141e145bb1943487b434a406a1072e11d2332f29","flac",NULL
"bf4dc17f794af2916418f76d904063915a3d67df","flac",NULL
"df1bbe32e3b5d048f6fd4e4e5953cf61b0d3185e","flac",NULL
"24dd3b636c1330d48ef61bf6c515e5e85878ccda","flac",NULL
"7c58becb3a2c995ed9e399aa8a519a4467e4cd1d","flac",NULL
"c8ece4518fb252eccd2c6955cd5be8e95ffa0b85","flac",NULL
"cfcd89803f48ad2ad98812f4f90495e3341a992b","flac",NULL
"ac8a358adc4f587b54e7b82eb449fb4ac891d62a","flac",NULL
"c687aa5ec016c79fa1089eb7573d83f97cb5c525","flac",NULL
"1fecdfe7f3c10755d6cbb7cdab455ce2900f9063","flac",NULL
"3be6635fff9ac1091179891c5066ea2129aa2094","flac",NULL
"ac5ae242ceb6c71a1645d52d342020c191ec99a7","flac",NULL
"045f97f5c368261687cfea714c9979df7f782718","flac",NULL
"e7304384879be452b5dabbdcbe67ea4a2bf758be","flac",NULL
"59a19693b023d6b154690179213ed8b6e5aa8b36","flac",NULL
"4e332983ef538ad497c3140b394c627a013f963c","flac",NULL
"be2e168ac53398c87e093a5c9e368e98703672d4","flac",NULL
"f74665336bb23fe8f5c275a96081f21f4f9f4fe1","flac",NULL
"85d2c10e7403ba31838c39aec61ecfd764a829ff","flac",NULL
"b06554ec09b4c14628b1f98588a3ff47ee1e77ad","flac",NULL
"3e4dcbac8ec921b5956fb0a277e237e10ee8b131","flac",NULL
"7262eaf7839081e07db5f19fe52ba5e137e2d927","flac",NULL
"1cdd454c9a23f6c26c7fb5681928aad39cecb75f","flac",NULL
"772e76f361f8566aaeb9ae6ea3ddb06a52188fd8","flac",NULL
"622ae0f29e64efab93bf003753ce503b13b83c48","flac",NULL
"8ab463b6ee69988a54b7cc1c6d6cda18a94b7825","flac",NULL
"e410d00bfc9f835e44381adc79cc882dca3e8641","flac",NULL
"c1ea685e102d9a57466c5de86730be63ea314928","flac",NULL
"d422fd8074a53244ff1eefed9e428bc61da4476f","flac",NULL
"ea389d9c388d26f957cb12bd58a6af75884e0192","flac",NULL
"9c29db06c25d0165b16334cffaec2f262897d15e","flac",NULL
"3f9207fd88cf7baaa6f4aaf92d05525235765ad9","flac",NULL
"d09266da990a115544cd20c28ee05922f52f700d","flac",NULL
"2921f0cb00792e663f395f6859c0f25bb7865b8e","flac",NULL
"4946987458e3981da3e3fa5a3565b5cf54bf07e7","flac",NULL
"60c48c283d9b0406e26f9558952e61953f809c84","flac",NULL
"a27c7c209053997a3c615f69ae7de63ff4138f8f","flac",NULL
"750f3831a5eb284820638bbdb08ced41009030ba","flac",NULL
"4f5b5f04fe895269510d223a8a7e2df7877a2e4d","flac",NULL
"f5d5a7b42c8fe8bc2b639860759277a85f9b3596","flac",NULL
"9a1a654aee7d5796ecc6da52bf250ba347ddb6b8","flac",NULL
"36ec03ab1cf78e823885468a0ee460308b008c32","flac",NULL
"b92603bc5cbf9af0e82efa4084d8476146ae0b2d","flac",NULL
"340a9a0603bfc08bff0486213a2c4f446204b18b","flac",NULL
"e9a74dddfc09fc5bcce067ec98a162c5363b1f3c","flac",NULL
"dbc452ae308069a8faee614b75e7aab555721974","flac",NULL
"0d157ef1eaa6e749255c164407aa1353cf62de37","flac",NULL
"c50cd76323e61569745c733bcdfa28bf6d2429db","flac",NULL
"ef40b81c4cd138adee827d86e505e5178ab56259","flac",NULL
"5566d158c54d389f0e68ffe8400d465556ec634f","flac",NULL
"83223e665af5f42b6ae13825ca9dbada49197749","flac",NULL
"933872176e5642ae35e0d19350e688997a2b2feb","flac",NULL
"439df8ce5126f07d6d190d8f1b3758732d0d11d6","flac",NULL
"95f7b9e79461f33f66371aa06c7247ace118170e","flac",NULL
"c7da1f895ebd802ae6382dd913325a28a7ae4380","flac",NULL
"b90303ba8974f72109f67d65b2b6bde71f0b7523","flac",NULL
"faee25bd3d8451e86658bcd1f6fd11b8af44fe7a","flac",NULL
"a2ab8c8e7c799679a9f11b95fdb0e7b73cf53483","flac",NULL
"e19589474b7e580b63b5d3323fc02052d7bdc888","flac",NULL
"8255178cbeb2f4f95c8983b5232f4ca1882537da","flac",NULL
"6023dbcfdb690589adb7c1401dfc948cf749dad4","flac",NULL
"fb3aa8e7b7559092d01d509a3c1db7b77c522245","flac",NULL
"9adc0bd51b3607f853f728fc1d6f9c113f7261ac","flac",NULL
"6a92f4a425ce92c889444d17575eee6371da3af0","flac",NULL
"f6d52ddc204ad6987b1fde8748b8b3a34418123a","flac",NULL
"3e4ecc73a8141b1528964fbd1e8fe411da0944ba","flac",NULL
"8bc33e1e5b318478ca77673650ab7f78ff393c49","flac",NULL
"0e86e070861ce74b57cb80ffac541a72db37a0da","flac",NULL
"437f08b47dcfbf5986d294302ff9408deeb92628","flac",NULL
"58f322419a6f7539ef7fece03634240420217f2f","flac",NULL
"a42c180b93762a1bfb67285ba439b292f82c36e6","flac",NULL
"8e56105a81c36e8230ded2488043a1e8b48c99df","flac",NULL
"98602f46906f8abc297e97467cbc95f7edba11f5","flac",NULL
"720058abc8ff1bc3a4ade9a48e18211cf853edd9","flac",NULL
"cc724eb113ec1fb71e9b8db033dab5998fa766dd","flac",NULL
"cc18b0be6aa8eb5d6bb9735b881ad8e537d9cfc5","flac",NULL
"84c251200a230329409d20b4cec1de92494fedf2","flac",NULL
"0123e26f2a17f256b3b5659b342b55fdd33fa527","flac",NULL
"7aab07b18a5a760927b0a67ea2a02d234ee2100f","flac",NULL
"b5e3e75f8a654c9aac0a36598c52ccbaa3cf5306","flac",NULL
"43d5d3c3e5272391c303c5f78be5938ef4401c1f","flac",NULL
"270d3603bc75facc349338dd7fa8af604470c50c","flac",NULL
"43a9d031157829b15a9bdefab0446e5e4b084266","flac",NULL
"d4449de6b3796b86d8469e2a3c4a3af02ff5e248","flac",NULL
"ae16bc46c2bdd0c913147384ecf03da0a536b387","flac",NULL
"3c0ed90c381e7c462bddd2980a84c3e37e0827e0","flac",NULL
"50a43b89d77ae3ac943b6c988b88ed89c91f754a","flac",NULL
"d78917f4c26c09a2d12312e6d80ccf26973b3367","flac",NULL
"99ffdfaea017942d0fc7ad5da8ee8cdfcb835463","flac",NULL
"4f4d80e490143007d9e1a7c0847aab9c618d9705","flac",NULL
"88c9bece7ec21fd420872576034be49ae2b42ea4","flac",NULL
"a460e3fc1f4d92e440a3c73fe1b790905cc4dd0b","flac",NULL
"6a151d641989517728bf6b6c5447b20fcf531681","flac",NULL
"e00df72dcae1459db4590a12f37d72421d524c2c","flac",NULL
"3c84c3ae6455b81eb4667d56bc43beef83590795","flac",NULL
"9db45a13da10b0e0990b5de2a498946ed5b6ce11","flac",NULL
"9d1d9b3484ff99a0a4d8399f7f5244e63eff4da4","flac",NULL
"66cb16a15915cb36313775255d1e58a45e81906b","flac",NULL
"29cca10df1902b07ee79fe3bcefbb715d59aedb4","flac",NULL
"37323b45029de6bd1d46b69b184f8546f0249739","flac",NULL
"dac76bac589980ea00fab83c3a3cc225bbead49d","flac",NULL
"2dc8493488b45c8bd7a89a0475f095bafa414a98","flac",NULL
"dbf1af68bf83d15bee879eac47ef8925e6d4c4eb","flac",NULL
"4aa7a63d1729c8dc13fdf86e2682374b7ac1eee2","flac",NULL
"5b7a67bcc38536e63de6c2178c1dfdc9b5c7200e","flac",NULL
"33a0d1edbffcef5e697bd5582a19f09ac5339b08","flac",NULL
"03d42b68bcc8df757c3258234e5d8172ae3d7e9e","flac",NULL
"b6243fab878d20ac1befc4eb28e4ec5142a840d2","flac",NULL
"8dbcd1a3892be63f4cd0a4512867280d81288bc1","flac",NULL
"e0a7b63f475e1866f8f07e536e1a2d624e27c4d7","flac",NULL
"90bd79d286afe8e119b7b2e2a4c4281a0b8ac8ff","flac",NULL
"f9510bec412a27186ae8e13c34f29c8c777db5ce","flac",NULL
"7ce754debe9e29c82da35c3a9dbe8b6c4d1e3503","flac",NULL
"c1b2188b1ae79094e8be43fff434698105671b6e","flac",NULL
"7e1b445a5638a054b66311f86b1bd292f0c75032","flac",NULL
"5f9cf22a3be84ba03ce4384523877218e85ce2aa","flac",NULL
"d9de1bc76a222cdb77addccee95005d81cf06229","flac",NULL
"b7fbd64cd34df74a0d360127a707a04ac1a09554","flac",NULL
"a24c77f9ceb5777dae1bfb980721d4d066c42c47","flac",NULL
"2e8a5f8f924d3c7fdb10dc45a46c118f7b1674a7","flac",NULL
"88decbab05fdac9c56d0f463fada0327158663fb","flac",NULL
"051894495ed8681a87d4372e1418cd1300064f6f","flac",NULL
"a89f33ad835d1de1e68800d82359a8e330233a04","flac",NULL
"9c51bdbb5b9146ae7edc76b67b35c3dfefe7e479","flac",NULL
"18d571281de894c3110ae902e0c8492caa276df9","flac",NULL
"ea5f8052cee01ed8075e9769d23813771d6ba3b0","flac",NULL
"406861c21ee653a4e6959180597a67362fe4fa7e","flac",NULL
"0fb01f1f247357a76f281b1d56a9ef76552dac54","flac",NULL
"135e5f0b1212c29db53469ca7ffd52c5aae1712b","flac",NULL
"f7d278b3316207064005291b344a1aaf61209832","flac",NULL
"dddfaa1983528ab7440afd0707cec2a6700cbea2","flac",NULL
"37715fd1bb6d79e1097ca40ae369abe1c1e2b20d","flac",NULL
"0aa81cbe22327c54d6aa675cde713807eebba2d2","flac",NULL
"efbe13a7c0db714b53c9f9410c3ac0480e544aef","flac",NULL
"5620c2d884e414edb5e66fe0b2134da01c906734","flac",NULL
"a72e1bdcf35a18d4f86dddb6d9613f8174a8c1b1","flac",NULL
"018a52ff7e6f1b90b802e2797ebe30b5da0b0842","flac",NULL
"ac354a9d8e6d2c4accdb82e24198e2f0c8551325","flac",NULL
"21689e827c5a6ef1233beb7fe2554c69560e887f","flac",NULL
"1c7266227927fe16fe8561e15c738e57c1d28e9f","flac",NULL
"bab481e3473178fde7407816456009d0c28a3d41","flac",NULL
"d5122d8fe894d21aac7fa8294fb654839dad7fc4","flac",NULL
"6f3a8460ec2f9ca1ff5b2d313f1ba67f3d6c2e42","flac",NULL
"e45bcd78eae13df696982b786ad267b9bc1a304b","flac",NULL
"dd9add23c92ad84d3fce8880634314cba11f7b0d","flac",NULL
"915beb4ac50ca6412a2ef3ac1c2b4a7dfdbeb30a","flac",NULL
"3d2d89c126c8acd909e4df5b4d2d985873a71e06","flac",NULL
"80e46d1b9e01aaca69bf3fdf6ea41cd70f974638","flac",NULL
"4413862ca22ac80bd6d39b6355bbdb8a6330bec4","flac",NULL
"48332da7e903ff0f0fb3529c291716ce252ebf92","flac",NULL
"76507f2ba5d3ac5c05830500f82375a2e779aff3","flac",NULL
"3f8394c4f9c88eda22259824d91ff1729f5e898e","flac",NULL
"3beae87e0f50f4f6085ca470ae2e7f5447d50f16","flac",NULL
"1dad0f9a32c0b018d16ca44ac54e6ab1401d596f","flac",NULL
"302e94b5fa1258e762c31601f678083b3182d235","flac",NULL
"9c7fb35fdc0bfd891c69f617dc6bc2e91dbcac7f","flac",NULL
"97e5ac5989dfb1739cd6698bafc1edc2bb4839a2","flac",NULL
"a09479341af9b6ec588333362c0d2e5aab33826f","flac",NULL
"6a3b6cf867ed126324a092ed073d64dab4325fee","flac",NULL
"53a13ee05e4d7f872e77c5f0516c2c30cd8e8f8e","flac",NULL
"472411d8c22a4d5f4108d6cc108d134666deb381","flac",NULL
"3b316c6529a736849b90ce21b8a4d77b33fd608b","flac",NULL
"3570f536e0ed14afde10fb14b9f05a1615dc4b1d","flac",NULL
"a03814706a07b1587e5635298faafa7cc1e3d5fd","flac",NULL
"ccaeabc806f9a9ecbe75610d35ba4a3e3a673aa4","flac",NULL
"940bec6ae4c44308bd1867141b52cdcbbdf17188","flac",NULL
"aa956da4ea384a6fdb9f548ba45b9193a196a258","flac",NULL
"c312c1ff66843f256584faa7de60442e22ccbf5a","flac",NULL
"d62cc4af1fc13310a88c81b2d70c0b47d94d0b65","flac",NULL
"d8275a449f1c82eca2eb80aeee49d2049f0dcc1c","flac",NULL
"2d9030535fbabc1c4116b021f36a836479767cfb","flac",NULL
"ef7d61cd4ef697533930e3483f6ff4201b3d5065","flac",NULL
"de3b141f8449971a532f9ab9e40c6c4008d34139","flac",NULL
"0050a1fe3320b1f94bbd538f7df8e1cd17a8a61e","flac",NULL
"e02c31d8fa31e41a62328b6236e2085dc432a67f","flac",NULL
"ebd98b7c191d93891f0239744dc9aff824af6b79","flac",NULL
"736a8a66eed92529d8bd27d4364885cb181caf58","flac",NULL
"60a69b8a6a502d4e89efd21068c71fe51782f418","flac",NULL
"e91f98fdd1a89c9b755cbef47ff703492e494296","flac",NULL
"b70cc179fb977814ae5cc2d419bd3d9f2b8bbe6b","flac",NULL
"067da01ccbe88cbcf01b35c443df3f51016ff3ee","flac",NULL
"5775176cb2aca4ea61c1894b35aeefa6461924fb","flac",NULL
"6930dd7172f6f923707ef45c35cb37746bb0c845","flac",NULL
"44f6f7c72fde014dbf94add7e8f2b203878d8028","flac",NULL
"565fd8ba7d1b8134ee81d3a549df56f559beba68","flac",NULL
"7bcf8983aacd7543a593734b6f23b3ffc1e07b6e","flac",NULL
"52d11950f2cd02bedcc8f6e181193c58993c905f","flac",NULL
"73462f5e6390cad2d8dcf37fcbe6e8e04cebeb72","flac",NULL
"ba98e20a47bd0cf5f9c40a937566db04f9f7505d","flac",NULL
"63ce9aad61187fa8b0fb21acd1aead4001c9354d","flac",NULL
"7a3f4542f7f10731bfd6f0019cb6a2c57dff439c","flac",NULL
"4a090e9044cf2a4fc554b19ba1484059f50b445d","flac",NULL
"71507a5220faa1fb09535c338e26256220135150","flac",NULL
"686c86b2957afa4d409b66d25aa8c98604dec9f3","flac",NULL
"7ee0a89d4e03fc6cc6aaaf1ee3cab84f8be3171d","flac",NULL
"569af164466c07371b0ac2367d90af2b77b5ef51","flac",NULL
"1c94f6838ab410288565d3a1f0e433bd1629ee3c","flac",NULL
"49b2b81176df9a43abc8f76617f3a69811d115ed","flac",NULL
"7d0876139c8dff4eef2ccf6c08f78fb67ce88162","flac",NULL
"821f9e5484dad4e50dbfa4c00d2480ba0cad954f","flac",NULL
"c5346ac9519a58af9e5217439a11d700a74182d5","flac",NULL
"194c3ca802da8026af201e8fb149d67b1822ea87","flac",NULL
"32abd1fc8110fc9dbdf8f4aa0684ec1611d598ab","flac",NULL
"e203c88edaf261623602b058dc8eda512f193c7e","flac",NULL
"a68e088732086e4a204753523aafda66b08fec7d","flac",NULL
"07a562e0e905d06e07c2d10fe7615fb6300df9c0","flac",NULL
"3dfdc457fd4eecda9b9ac357edc80b30270baae8","flac",NULL
"2c68952da102f3f0fefe7ed766d0aef5623abaa8","flac",NULL
"cb57cdcab91486a3ec0397baaf24d65dbeb8a46d","flac",NULL
"1ab49700e147360980486df20df5312a30042eeb","flac",NULL
"553ede6cda6f403e264066d483fdb971325eef02","flac",NULL
"e7dc1a54aebfb3082f4979d851ff3b9f6f258d54","flac",NULL
"f58566ed63d03e2f0b05110823d5d755f8193f61","flac",NULL
"e45eb9abf09258ffadb740a827c74c4286daf5a4","flac",NULL
"67fb82c41a88d01f0df430186c0e84b0d1bf0431","flac",NULL
"b7f520ee625e6fb8ac7d658a1597a64d4ac993a8","flac",NULL
"39310d7071814dd9d0365d9fda98afb9ff6ca6a9","flac",NULL
"33e52543735243ed59fb36dd46169737b3c0c03b","flac",NULL
"961b6b356e619bd6961c1bd922f7ae4977ab93ca","flac",NULL
"b1a435fa07851060ee2df94c775dd6bcf4b395fb","flac",NULL
"27d1b7864577146f72be67878fc9a66f4dafb5ac","flac",NULL
"86ce14153ecac183f6c98f2d83cdabebd2c73e66","flac",NULL
"225fa4db49d5ecaeb89ccc571215b24db6115dd3","flac",NULL
"e8f311d7a6a6f7768de8623e78452fe4c36bb2d0","flac",NULL
"517f97ef645532537870977ed10885ff83afdaa5","flac",NULL
"5e65ae0fd58d2bf26eea7db00120da1883210489","flac",NULL
"aba8bdde235a4052d6ad29d292630a3c7f69e188","flac",NULL
"189e3a69e5992d193c5cdaa9b1edfffa62b1171a","flac",NULL
"f3521e7c04a589b3ef518dae9f80c35da9835c5c","flac",NULL
"cb0bee048dd5844958bddcbb98a6d08bb2b8711f","flac",NULL
"93636b75e79106cdd85df73d9fb1ca6ee1ace5a3","flac",NULL
"877d198c428a1575948633a36e49e639faf38b56","flac",NULL
"fc345b2c472132bc845de6e6533fe8e36303631d","flac",NULL
"1d85b7682b72c583e764c8ada85ee9621425a236","flac",NULL
"0b7a9b70f2b0838ce165375c964215a1756e2878","flac",NULL
"9b3b9069cc6c8c9c9de50b98304f89d43664be44","flac",NULL
"262abf748807a544ef3210f8ac005576b93b51f0","flac",NULL
"4ea129b426e432639846f98863947bbc99e9bd18","flac",NULL
"193dcda82c2035cb781e09663f70e0d7fb4bce63","flac",NULL
"9b70275f6a98b56a44d5d9225e39dce5531e2ae8","flac",NULL
"fd759b9cd0f59548bc6e0d2b28d8f04469dd0624","flac",NULL
"008dc4ea19d7b8043696fe054438894572044079","flac",NULL
"c7a31058737b81e15b49e8cf23034254282c3e4b","flac",NULL
"5f747d0a7db3d631d20804f687ee0444834b02fb","flac",NULL
"d49dd2d5247e45dc452ca0fcbf82594bc9af96d2","flac",NULL
"68ccf7de0370ddf4f4f9fe5e20b3782bf147f08e","flac",NULL
"6bc920abc2b5203877acba8f71b111609cf60a32","flac",NULL
"41c2dd5fe7e548f37001d939a04e6ca2096649cf","flac",NULL
"b7a6ac0f2e01c6c9b768c5c0e27f7095e7dbfa4e","flac",NULL
"28c667af49bfca13bb400e5eb95c15d196464b61","flac",NULL
"17ebeae8174a9a2809ce86b0c1ccbf371db7fb78","flac",NULL
"52493493a029c215e0c5148aa49875d6035a4852","flac",NULL
"5206d14b8a2587d270e0f5d488be8eb836ac85ca","flac",NULL
"3f0bd391eeff2b657e4749432a706ab572551564","flac",NULL
"6b3dc654fa03e786d008b975395c2627830d7d7b","flac",NULL
"5af2bccb42dc28e66e882226c90433e3e3ba8fbb","flac",NULL
"0cc99127b6219c2f0c6e09eda45c1eab0ba84fd8","flac",NULL
"218a36c3930468f9c9e1eb7287aa813fee30b653","flac",NULL
"11777b758be148ebd6ac64445823c0e1a26bc6a2","flac",NULL
"6e9955165087541d34011eda0f9967f0da987fea","flac",NULL
"4bf87e718bfdacd86799c62dc223f849e749d19a","flac",NULL
"6d40b80af7ee163215eca93c4c9039ebbc87a05c","flac",NULL
"320eb3520104053d4cb8f39a88bb23a805239012","flac",NULL
"fbc78a71acfeb6bcfd11b6cad7544dee3b20c871","flac",NULL
"bd6af2af91617d8baa6a98d394e91ee56658417e","flac",NULL
"c65f2d01f764388e339076749e4a52659d56e518","flac",NULL
"92ea161f2bf0729992c52f9b12883edb5402cc84","flac",NULL
"85a21b0f75808bc712ba348495874d2613678e54","flac",NULL
"cc312d65cd8dd74530cfb34bedff5abafe636595","flac",NULL
"bfcde825335cadc81ec4543329139a38217ead29","flac",NULL
"7a925200edbebc1536e2cc4c3cde7f9a7aa9c482","flac",NULL
"c92463c5706cb84abe5275669f7b59ef43a77ed8","flac",NULL
"3f215e169fc6b3316d06f221fe748d5b2c698c62","flac",NULL
"899fcf4b82457cccc735686cfd5fd1890c04ff21","flac",NULL
"52890bab509e85e8bb75bfb16d0d1adfe4823848","flac",NULL
"7de458ea77ac151471a37797dfb05f62a08f5137","flac",NULL
"de4015f17e53de687b8c7689fcda2e76cbdb237c","flac",NULL
"ab4a5a4db7b1965cd63d546308deed298094ecbd","flac",NULL
"51784b0c6ce09d29f41361a9aaaddf322bac030c","flac",NULL
"6387567dce10ebb518e03c0fc1d6ce51ae8a5dfa","flac",NULL
"79464d201b5ae1bec307a12b8b32546e7357cf0f","flac",NULL
"df4df1b1d5211ee60f337fc64dc5e2b5314a215f","flac",NULL
"edbfbe503f934501a38e7db0af1857d4a947c400","flac",NULL
"30672fc8ea7ac73f5581ec3f8c263af44c4a7ce3","flac",NULL
"8a3a0701da04003b1ef2eb9e42e296027c4d97c8","flac",NULL
"cd8fcc07a1fbaae63324b578571b7b225da99218","flac",NULL
"034b74b4f4114c11c41f9fe7300d84f6711ab239","flac",NULL
"6d631eb53ed48009f97c98663f4c32425ed4303c","flac",NULL
"4c25bd34590519c5ccb58f4ad4e394129f8145d4","flac",NULL
"1caec4a22fcdf342d22b5c1a0522c07170b1112e","flac",NULL
"c7075af1d4c34b2299b536df933d1c47c54c13f3","flac",NULL
"aab12cbf8b5b8200cbdccade389d82082779e875","flac",NULL
"0362475b8e0d7ab08169a64b003f81f40ee807b7","flac",NULL
"c2c3eae30a453257694ded7e30d26df704e7d5ae","flac",NULL
"5b4fd90398f88215fc4c0497c36bf56ae497c632","flac",NULL
"9e4a314032bf729614a7b05841399bab64249c93","flac",NULL
"ac446c59f5677fd81260c753f812d0c609c733e4","flac",NULL
"5c7e9b3c7ad60dfa1504e3edc3dec5da309c59f9","flac",NULL
"38fa0087499645c867834100cfe8b274fb0e60c8","flac",NULL
"51d5973e2761f6c8f7366f8f94f1d25fac1fc755","flac",NULL
"cd68c78e56eeb51f6490d2d6f10434a7234df77f","flac",NULL
"9bcc6a23d8ffb2927691de1fd7d8dba379d59469","flac",NULL
"17ff81990c0070863f6e49767226f10f9ced7eac","flac",NULL
"a78a151aa41aa670e5da7d8546edbf91208315c6","flac",NULL
"98723f8ab3a382fcfab86dedae467b31216bbbf5","flac",NULL
"2859b14ddf2379abab47365cc42e3063c6cebec4","flac",NULL
"dae866a7dcb92f2bbd174f524a279aa5662a5cab","flac",NULL
"885b30ddc90623f12d6e51ac5d286729ff64b046","flac",NULL
"914f30647c59d44b85e8c6f6edda05afb9db5f03","flac",NULL
"c87d25b3a856eb1dee2369973ba0e5769e0dedaa","flac",NULL
"c530a970770b9fc76306efff171425bbb4238d3b","flac",NULL
"74766ccd137fe9d4ef5530712ab6866aee9cb304","flac",NULL
"bfe3039a181b083f08faf087c0a455ccc0227375","flac",NULL
"50d0014499b2ca485d031b3fdc8d1b2c9d406f4d","flac",NULL
"5d99db1cbec40799a83ec297a0463d3cd5474693","flac",NULL
"a112e2203afbdc8217a14db764dcd1b580af5c96","flac",NULL
"62421ea152b65568cd3a84815c30c423e5467fd6","flac",NULL
"753b6cd9f0e6112286be34db5fb43827ccff4659","flac",NULL
"1a1d669bf2c90285bfef0410b621c9b621418edc","flac",NULL
"b99cb10e059e463925b9c2ff71e022d77aea1e3a","flac",NULL
"4b7683e1b7831f5e2bffe96d99188febd87c8fec","flac",NULL
"36d21523ec6c3fc000f17d80173ba176d5f173c9","flac",NULL
"fcbf26144ea66bced07c2db9bb856624a39c9ab8","flac",NULL
"e136d549e40ed7566b35539609d8197eedd21f04","flac",NULL
"e378b026cd7041f45b19e2dd5d8d1c8804d5b92b","flac",NULL
"c5f26d6508fa7d569832f5eae3cace320fe1e809","flac",NULL
"775e39d423f67d5652b5640d7f33573e1d06fce9","flac",NULL
"bc4d686415e25c7f12375db99e98821b766a6006","flac",NULL
"5cccbefc6747493e88b76f811c7b34e4a8b95a46","flac",NULL
"cffeea6c14a2a77576e0cc88fe234cd6c893618e","flac",NULL
"4b97052ded8641fcba95d68b48ee46f042bfb077","flac",NULL
"65935708cc19497d56066373ea1a149ae0973418","flac",NULL
"071bdffce04bff8e890a22eb94f8eb400b5b030a","flac",NULL
"343b83ebac100cf3a66e73456a61c60afaecdaf1","flac",NULL
"38548b4b442ce1652eb7cd5b20db74db63282338","flac",NULL
"04549b8a6b0ab16295676fafb2baa59fc590d8a1","flac",NULL
"7e9da83a76408363937dbf6cc5d467bd3f218d7b","flac",NULL
"58628257a958e825e6659734cf94d968b1d22e08","flac",NULL
"b27b5653c97470ab6310e2fdc98535785226194f","flac",NULL
"a957d4002ab9bb07c500f092400682789431925f","flac",NULL
"0e370495340d325220477ed67f497675eeee1cb7","flac",NULL
"14b217d6f62646ba9d370521a16cd251e6bfedbb","flac",NULL
"038c81da8a32632a8d1af4d9b86f430c212f3580","flac",NULL
"2601451a5305c6d8c971ba62356dd7972f446870","flac",NULL
"cfdec44b2b9625dfec26cd34202d347e54bbeef9","flac",NULL
"dddb640fdf17b95f115575c7a599e811f0bfcdff","flac",NULL
"69bb218eee6b28f5ba8ccaf8f7634d40ee297aff","flac",NULL
"e86c2dea6d0a87ab2068ce268c1dd7fc944722ef","flac",NULL
"a8ee61c50821946cf09f6142f19253f106cefd31","flac",NULL
"0a015fc4bd545c1208f50bc99bc1505eccf0d390","flac",NULL
"a4b86b9f54595f0e2b8051a0142775a2f7d19cd9","flac",NULL
"5ffe42edf636aab600c2df50f84220b23be31f69","flac",NULL
"38982dc57633c486a7c58d1a0674ef58c6e2ca22","flac",NULL
"314505a8cd5e748f0070fbd8af8b72dd1988d687","flac",NULL
"d46cc816ed06ede55259a0005328108c174cf025","flac",NULL
"5fda09edf1e595e39304ef1eabe694b25f4f20da","flac",NULL
"fce0938cc33ab2ec65a9ba5d22c4733d25440f0e","flac",NULL
"bd167400200405612eedde5c5e6814fb82a234ed","flac",NULL
"3ed1a94935b19b747d89801492a56bfcfc635835","flac",NULL
"880c18ee9001ac6f1cb35b11264882c0996e59f9","flac",NULL
"4c006ec40facddcd8d436535844d54191d63d4d8","flac",NULL
"d11c70df261b34d29cb63a6bc589e214f082af12","flac",NULL
"c67547cd4cc4bd2b5fdf5e4da56ff9e6d686e128","flac",NULL
"8abb35ae882fdbfd19c3aad40fe90576038464b0","flac",NULL
"a18ff2116366cef5ac26395b0938947d5f18d46e","flac",NULL
"a688fff204e22f072545b1e40094a0039403b0ab","flac",NULL
"5c6bf447bf5db8ccf07a7ba29fe60bbad19316a0","flac",NULL
"3517501385072776c0105c0eea0b7b0fb28d682e","flac",NULL
"35db1a0a8fd0c135e5e728cb98f531215f535037","flac",NULL
"155c22bd6e5468111a24d2af06d024211776cb85","flac",NULL
"b65784c5959299286714ef382a4184c3bcc6f606","flac",NULL
"2a38f6c9a74f2b545577b6268a8fa93b9823e413","flac",NULL
"752d2d1b3b4ba1b90b4610b891c2ee8c6481fd21","flac",NULL
"9b1a0aa6ee018272c28fdfaf2269ce88f9b40900","flac",NULL
"92c0f5eba153158acab891354ac5a7b8c04da9e5","flac",NULL
"a7886acddb43ec61989b9e700c166c31597962bc","flac",NULL
"ff08112387e5367e01663b9552002c1161364927","flac",NULL
"89d0e5d1a1b7c086375497ad26a794b2d21454e4","flac",NULL
"5351faa239d1c83b026eecab6477352c62397d42","flac",NULL
"8cfac27296996a88e30bba10c459bf8bf5fdfb84","flac",NULL
"98dabfe34f8e1d23a2c6aef62e20706453bb099a","flac",NULL
"19ef582ad544c984fb593cd49facb91673b61c3d","flac",NULL
"29dfb093cf3d56a249f8a5ddb99a76868dba0027","flac",NULL
"cc8cfddfddfd57d9e685e91927516eca7d8aec01","flac",NULL
"bf152d0bcc3b9c2451256d8d92032b6101616a5b","flac",NULL
"9ce664080841ad31b118dbfc6f35c31524d56da9","flac",NULL
"cbc91907df55a5bd4517f42c4f46904b340d0d40","flac",NULL
"48c86713fbd01c553b480f36f8b8b2499d2f65bc","flac",NULL
"88ff6c9ddd0d343bf71201cfbefe0566e4dee5ad","flac",NULL
"98718feb3b0449fed07cb5e5690bfc4bbb4b9644","flac",NULL
"7dfbb7bc06cd44b7ba7ce2278f1e1f90f601439c","flac",NULL
"a749f736fb7ad2c56329f704943cbdc5c609a01b","flac",NULL
"193b0d5e8d5c02d80145856a5740fea98e287a62","flac",NULL
"22a1f846cfd1deb55dfa0941a8bd321601b0c625","flac",NULL
"0719e57108aad899de9b7bfdcf286e72e33179dc","flac",NULL
"29182b1c67a774548a31689dd21829486cabdd1f","flac",NULL
"33f7fc012a87d902ff6950b36e8937949e96866f","flac",NULL
"7b6c25fc1df07e436ad6a6fbaea70f1c655fe674","flac",NULL
"b8578710d535ef08d511bb07919eb74e36365c46","flac",NULL
"46ee3352830eae3d67b081769584fa3d48180c64","flac",NULL
"29c42902d1ae174b7a3eabc22d47a2105664c5b3","flac",NULL
"7013fa59e49c544f045b6cf65f4de5d434c4b5f0","flac",NULL
"adec8bbcef04d441a2e24fa05b5c9b8392a6d8ef","flac",NULL
"ee4a06f18c97e4e326ee9c828cf59f395581984e","flac",NULL
"6b41919ab872620a5a9f784f62250634d9d39ec0","flac",NULL
"0bbbec4c84079abeaa313b83116407170e4dad1d","flac",NULL
"4a0df31a93c053a5d407c38999bf6fde17810600","flac",NULL
"850de955056c712c057f184cb0c33a25311c61ba","flac",NULL
"82330be56e6443123064ec0ac171dd2fe5cd3d20","flac",NULL
"708779527b518f145a57ce1660ecd422b23ff0ca","flac",NULL
"2a7c3ea95493e0556eedac9acf6cc8c09823b843","flac",NULL
"082e81bd8d751019c6a149fa64310cfea2e9347c","flac",NULL
"2c8d88438b185259c686a7bbed90d8f50b8a01a6","flac",NULL
"be62d4ddc568719894f7424df6a00a39f5913da6","flac",NULL
"d138ec1c26fd836f38c392ad832f72f5e5538163","flac",NULL
"e079bb9dc922bd9c7ce1f89d7c6c4bde3b48fa9f","flac",NULL
"62f4a7c8ae6b09ab8d58d2c1b2270429479d93a9","flac",NULL
"9297902a718c94c405b15fbe1ed17512d7266c83","flac",NULL
"3403bd5e67dd64189a3d9378b553df378c41d6cb","flac",NULL
"ae719abc54df01cf3473013394440de31dc299cc","flac",NULL
"fceeff59a3a1365e27558a0113c3c1a899dbbb8b","flac",NULL
"010eecb087625da04bf88e2c73a67c7de0d39453","flac",NULL
"311e67ae5ecbcdc34b68155eb5d3112f20158c9d","flac",NULL
"6fa30ab6267c7b47d7040de31875e0ba5102dd59","flac",NULL
"16b5c6d36591defa41b7d874ec8d95def7dfff9f","flac",NULL
"744cdc47ebb620fa5a969eca60cb2c7df0f13a17","flac",NULL
"e5ef2cf43d6670e7efad09cb7507db71136520c5","flac",NULL
"aa144b90e66068e64a112f714866cfb27c922942","flac",NULL
"4a4f0db3ac78c76b4d3f6ffd7eb7369f7eea07cb","flac",NULL
"306743103b048ad239ae44ec45e00029ab8a36ee","flac",NULL
"6a9be6d2a32b8cf702a3ff72ae21fa6510061095","flac",NULL
"60b6bf027f1a6b4daaf51a51e002321979920880","flac",NULL
"1f751085ed29f0a7947b3558deb9bedaf5d12d20","flac",NULL
"507bc19abfe6a3d42ebeb03c07d4692b7540ac7f","flac",NULL
"e4a0b218209793746a28d6ff330d59359edd499f","flac",NULL
"76fe0c4d5f309b7c88368a0abcd33d1d6f85866d","flac",NULL
"05ca0f64a6a7b3074fa7c8ec80517969499241bd","flac",NULL
"33f0d566e41884178988fc25503e82c4b1ae06db","flac",NULL
"8960519f2fbfc5a785e890eafb0359468253bbe0","flac",NULL
"7bcb9e9900bce9f431a7a3ae718599802450181a","flac",NULL
"7594f2f0a58d88a738dbde8b524806cde23423f4","flac",NULL
"833f45c1b221dfd46b5b4ea5e29687ec066dd009","flac",NULL
"29d6fadebfb3399e16225e5722b0e8fba227909f","flac",NULL
"25f3728599db6f87f893c2747770855b0800664f","flac",NULL
"3442d37f68ac2fc782bc70b4a49477b900c5368a","flac",NULL
"15c47b2944f838b525f3a4a2735217420c4ce8f0","flac",NULL
"9554ff58c646a551b6b574a0d9afffd7fadba5a3","flac",NULL
"e5b782643ede5c89aa09769ef76446ebc417b47e","flac",NULL
"99560f0eee9d687fe8550b5d607da947e98edf63","flac",NULL
"c1c565a71c2709823deaaa0e7e36e75a649dd17d","flac",NULL
"706d5ddc39e4f4c65a300991ac47711d72b63c38","flac",NULL
"4427cf6036833373a2a0514d5f84940d0f6c1714","flac",NULL
"73c56207f32ef8851f1db527c156a54e64939187","flac",NULL
"3b2e3bbe9dfddd82ab30166612e5e34eb43c8a2f","flac",NULL
"111d412e74c40db669381952a14ced8861a6369c","flac",NULL
"d86aecde4e1e7cfe7c1455a31428ae83213902f4","flac",NULL
"3933c772f920485e923b3e11708d66cd11dc62dd","flac",NULL
"d97c43ead0cc612e87eabdf8866a922991fc0894","flac",NULL
"3a05f35f8d1d68867c4869168317c07aa52784c6","flac",NULL
"8c5b2e71dcd54874bbfe5a10c7a7d25f35778d12","flac",NULL
"40a2953759a887363ed1336c93fdc5cc0c095b2e","flac",NULL
"5fabbbf5c9807b2aea67385af68148c39407a5d6","flac",NULL
"b7febe59d41b9f264b2a598a43fa23cb1bc1358a","flac",NULL
"fcf8039103dd32fa5ed0d149dd68045eb8bab7c3","flac",NULL
"4b684e2c4bd0df9a51ee52115a7c24aa6b16f298","flac",NULL
"511a41460851e5eb284f31819a3460f3508348ed","flac",NULL
"f4597b48aef6128db7132f7aa74d38a005518aa4","flac",NULL
"5f0f79dfcd592f2af8738858f64a25f2573638be","flac",NULL
"1c0a40d2e6209dbc7397e3383dae47bc8d51ef44","flac",NULL
"b0a7c815e277e30438925fe69d2d1250a877f116","flac",NULL
"974bc20e2c61ccfed9fa3a45e33b364a67f4e7c1","flac",NULL
"449cb37b24e484eb38636e36231cb623bba325dd","flac",NULL
"4ba63039bce4104855b00abbb1ba6daa3513e0f4","flac",NULL
"227dada5c23844e81f0f184a7e0fce53c95175aa","flac",NULL
"40ab496f1aed09ecf218cb1f3d984866101e11b5","flac",NULL
"8c2d6bd0292ada53c8f50d6b05958f8d1496a00e","flac",NULL
"e0288ffc3387aa0b5008d7c8295bd0b09aec8cd7","flac",NULL
"83c59a2093cfae2fc2a9df5d496b23e97f8e9336","flac",NULL
"620042b0ff66071a65edeae93649bd389a8e2366","flac",NULL
"70f03cbb4bde1feb03c3a175fb4bfdedd5f6a1da","flac",NULL
"e6c2fae7fca704fb84baf3027bf97d433ae1bc40","flac",NULL
"9a8f4d335624c04f06de19dcb6c0135755e64301","flac",NULL
"1f394e94eb61290fcfa52ce1945252795534b1ad","flac",NULL
"ac25cec9922fe939daa4a916132fded79db7a4b2","flac",NULL
"d78f5dfd46da23d9799e19d723366cff0654d8f6","flac",NULL
"80af33dc086ed439dda8e8ca0520e7c13f853f82","flac",NULL
"505872523fdc9bcaec47ef370b7403d57f62e2c3","flac",NULL
"97bafbe2cf3699cd8dcab7326d3e4584e3ad6756","flac",NULL
"170dd93506955a16bd9846d61f6f35adf6175c4b","flac",NULL
"13ab5155d0c0fd82f416f05b531eb95efd5d770d","flac",NULL
"91e61c72e67bdb233bf929686d38babe6ef72ebc","flac",NULL
"a144cd2f9c03d474254e3faf281a95838b5d753c","flac",NULL
"21d82a7c599281398e0b990c7b619fe2efe6071b","flac",NULL
"542ccbf995bee60172d8e5c7fd16b2a21e7b126a","flac",NULL
"b3b47c2256e5a75393d62e9f0a53f6fbf6d5fe55","flac",NULL
"1487cedce8a128467295942136a7b934c09e1945","flac",NULL
"461c6d5bc25c1f37625ecb544951896831146076","flac",NULL
"1aefc62089e8779a662f4e36b4309ba9502afe36","flac",NULL
"3772c81fad84489295c79c208c9bf908c07463ab","flac",NULL
"13ff790cb2a2eadeaf6e895e8df8eb503bebab56","flac",NULL
"85439ab7e2b4fdc4f3373146f830e155ee443019","flac",NULL
"93b5a993c2e6e7129177c0ccaecfdc55ac37a7fe","flac",NULL
"f7d3651d895e165e3ca5d1918c392c107154f165","flac",NULL
"791a3c5f31e6b18c1b61ef6ca4e53ffed147b1aa","flac",NULL
"53e03deacd5e5a3254a1d8616646bc478b147950","flac",NULL
"b6bd9adf8e3c7fb271156a60c73db00af3c6b660","flac",NULL
"a5ae623b7418975dfa6908ec5d92003dcf4f9626","flac",NULL
"f902cf1f1f4bddb2461ed4d05e0210d5f4256efc","flac",NULL
"8e7cf4c36328d571ee47963dda006ab391c08692","flac",NULL
"cce25f75803807058f15686307de04dda4d59ab3","flac",NULL
"95f9a1a0dc96d13ed1b56b6526260ee0651935f1","flac",NULL
"a1fe1536be2fe01139b581f4c5c6f54ebf7c78b3","flac",NULL
"38ef3809154b3880b03f867a5f52d537f22068da","flac",NULL
"281e9e2932437dc10e50a36923dbcc357af50b76","flac",NULL
"a01687336f137eddc1d67a425a918b59ac74bbd9","flac",NULL
"15e27c872b8603430bcbf512953a8dabde645699","flac",NULL
"b49fba7c58c24423eb7a9e20f75eac64cfcbe45f","flac",NULL
"f64a8bae2b733015f740acb0418a2ed4ca102bf7","flac",NULL
"2acad84d6f15ddd4d4014a43f0b37c0527fa187c","flac",NULL
"345486c6517436cce71209dd872aefc945c5a95a","flac",NULL
"64ff2bc4ed5766e88708e65a39d02d3c5c925b32","flac",NULL
"0b5157d42e615c689733e8503406e03530b7de7d","flac",NULL
"0c11b64a02eeef0cb8976f040e7bb124a5fa0505","flac",NULL
"a45c68ffdb62222cae69c4fc7b3a817244907d4c","flac",NULL
"3e67d633159d5935d14d8a2b896d1c13b00968ab","flac",NULL
"22bfd530f7d36f12565da46067abdfa1a57c74db","flac",NULL
"ca9802158ecab09ecb3d54fb4b44999bf3e2e603","flac",NULL
"1c8fd75c07fdec2a184f50097d730142c27c0192","flac",NULL
"504d0a5517c5e15e715eb9236935de11dcdd87a1","flac",NULL
"2ab4f2fd7a46f41fbbd1f90e16832ac8af423ddc","flac",NULL
"afa700a8199d837bdfad4b56195f6ff4482501ae","flac",NULL
"25d96f77dc0cc8fe28fad48aaa2164c6e134408d","flac",NULL
"a0688241154cb7fa517e2a52674c68bf9df0c54a","flac",NULL
"f364764fed2965dd8cadd0827766d1255115c9ab","flac",NULL
"6b2a4d1dd47161d82b62321fb779366222e2d81b","flac",NULL
"d7bccaad17a7c2cb484aad26bdf7c3c4785012bb","flac",NULL
"bbc6ab15a523b9e6dc0f544cab3bd41a1da1c73d","flac",NULL
"5bd146a68828a7515d926f55c07207b762ca9cfb","flac",NULL
"748caeb3626c2304ae8ad11bb77e71d8c41db57f","flac",NULL
"6a3fa32e11ef4e2e0d5f4abef99d793579383196","flac",NULL
"d682e9d10a191e7bb617d6ab8f2d3f04c7824b1e","flac",NULL
"f5de10526e1d4c8b2d54eb1d3338ebb55885ed5a","flac",NULL
"b006053c62336233eb7f41656ed3e832f1735ec6","flac",NULL
"19cd06cea3d04681b8d6a27257339e72f156084a","flac",NULL
"59f8c2929114143dee0222cc7f8251ec4b4abbed","flac",NULL
"e5331b08023e7968b2b55310355c6aee320e0cdf","flac",NULL
"7fc9019930aab19597f96b72a179ed8be2ea5de4","flac",NULL
"90947b8c2e687c6f4b91a8083ff7264057cc42b9","flac",NULL
"eda8385aa441cb28d9e3c443160d1fd6fe22e517","flac",NULL
"d54626efd50f8b297316a997760a59db3acf3794","flac",NULL
"15ae68522bb12c7ff6329eaf7204dd8455c1a49f","flac",NULL
"9e9b1b3954526273275aa0f40640c357b8e96139","flac",NULL
"ef221e7f4fafe2a817ed9d6482f801cb168307ec","flac",NULL
"7b628fe7fdfe08ad4dc89897b6efda8777c4153e","flac",NULL
"19954d4bbca9ab01a4124053bd0db4577c80fc77","flac",NULL
"e6d52c06b03846d11aec3f530e7522d0141a37cc","flac",NULL
"3b9effb42147319cdfe2d172ae4f4c1b05d95742","flac",NULL
"9c9d6b1c78ffdf6b5eb21f26638dbc7a2c15eb3e","flac",NULL
"89bdb0f9f9708c215ecafece3014d8eb5a4d2af8","flac",NULL
"0ed2c70ee2315392ab2ffd41906e87339027b5c0","flac",NULL
"a3f2db96eee3e84638144f1d0ecaff62016dcd7d","flac",NULL
"0f83075c5557ee8379380c9e065932e4bbeed82f","flac",NULL
"4bc2d284f34d43119220e290d68ade300e9b6f9f","flac",NULL
"17b9e5a448d9489dd082db54dbd43f54c0af5b1f","flac",NULL
"c432e026e5f611ddc9b00e7e3513a3f3a8d36539","flac",NULL
"d7cc66ce8b3622ea1a3062aac346e6d2da7c456e","flac",NULL
"5950419608e38bdb333483ec351ae5b1f195ac1b","flac",NULL
"86775786e9d5ff28f7d11e180c1ffb09ee5cbd3b","flac",NULL
"f7291ecbbb9031215815d97a4a5b88b5e76c95f1","flac",NULL
"7e1f9a976ce6c48858fd68391ed8adb81d100e6a","flac",NULL
"8e49057b177a4f2cc843a035a366ff23d0e94320","flac",NULL
"cdde3aa9cb573f2091dcf2d606ccda44886008b0","flac",NULL
"739f0078f38e25d96462c9f2da0193a9d02346c3","flac",NULL
"d59bcd53b80f0644c1f18b16b32be900fb1c2552","flac",NULL
"57a9fc5610c56c10aa3f40455037614c9c0f9b54","flac",NULL
"4bb8bc4b891ee3f9568a791d3db44e6327e3edad","flac",NULL
"94eb8807a7515a797debb02a67c6695ed5c67bbc","flac",NULL
"d65c2bed1821d8958dd738ca514bfb93329200cb","flac",NULL
"de58b102c50fa59a3067bc49c87031744b8b6de5","flac",NULL
"ed064e018d2302e27deca2d1266fd963796ea8a3","flac",NULL
"759a7bcf879c18f260b1b5c41834ed8e925e8c62","flac",NULL
"c9982902d54ae2aaa8d8e46493a4f09d2f4c09ea","flac",NULL
"4b98d39e2874e4171e6bc4e9b88d71ed38fcda28","flac",NULL
"bdaba48e4287cb9d690d9ba84b2185a3ce684068","flac",NULL
"9d21887fb870fa701871d6d4d5712db07e977d3e","flac",NULL
"925326faf04eaa464f3b6c0ee1bc924027922b49","flac",NULL
"4a306c95fdb272b25e340ce371e7d2b3d23eed7a","flac",NULL
"d04fba407395ce561cf15b4add54b1583bf7bb89","flac",NULL
"423edfa9def98c7aa57834c082df8d7349731520","flac",NULL
"cc945d06c6b5354c8731b0516e7efa3aff3e569d","flac",NULL
"9c7f2e1f72c565def913bf91edc0a3b54d3e4783","flac",NULL
"5208170bd334cfeebfa5b6f239fd409fb38e7ef7","flac",NULL
"11e24fa7971522fb583de565d4d5b2bc1375f24a","flac",NULL
"37d3a048d8e57e90bcac063ef2f78b66ed8c7364","flac",NULL
"764c067fdca542ac5fec9d31c5962c5787c511a7","flac",NULL
"ccc71a75c8bbdacea20417cd82ffdfaa78f3277b","flac",NULL
"c6350955ed72367634c8b1aa893ec64d87a28a83","flac",NULL
"66ae07d219c61960f9009b7bb6c9bb5fbdd00652","flac",NULL
"9365a8b38a4540e1bfd8f7756cfcad95154e22f4","flac",NULL
"ceb0dcb612fd118e9857290e63fc6b5d47a2cdcd","flac",NULL
"9b8ebb219949abdfd5834d2761a352d8a84d3a00","flac",NULL
"d510345f523d172b82af2236d72c6a80ce5d0630","flac",NULL
"ae9fd6ccfe07989014dcb3e57b561bdc1ab8eca8","flac",NULL
"6f36d8b4a68d53b748fe2ba491f0416e77c88213","flac",NULL
"832c11c7ed5f7d161608dcaa2a13907652b0d55b","flac",NULL
"ed2007d7e65c5c6d2672f17e861f150dd65e81e5","flac",NULL
"67f221e2b14608c8c80895803238caebcac8bb31","flac",NULL
"3796292ba3dea93f8c920c2c9c11546f917a7dc3","flac",NULL
"1fdfbd0239ed5f8053f1a9d4389fea3afef14fcc","flac",NULL
"94d1ecc5667cf3d72b44fc3c5a51d2c4d3a80c48","flac",NULL
"4f936675da4875e041d0da1b1d7e5fc581f3d63a","flac",NULL
"2e4940f73b4e97c9f82dfbf4301bc6b5c4d4c8e4","flac",NULL
"9a7c410ca43a826b429dd1883fc3d54202942605","flac",NULL
"1e719c2c6eb026e8b7328a90ce590d288f96d847","flac",NULL
"7bac67569ec063719c7d990ecda3a2b1a90b443c","flac",NULL
"5248dc52950fb99f9074b52e9419a202263ef5dd","flac",NULL
"47e51f0d67fe3dd687c68aa28ad9b77328f80b9d","flac",NULL
"fd68916d6934150a8bc27d1556e751fd2001e606","flac",NULL
"a7e4bb7e5115db6635a04e6bbc4ea7bac0518c4d","flac",NULL
"c7f55256b8151d2d6af488f4b98d2eee64a5b0f9","flac",NULL
"dcd479471eccc84339b7ea137b9e30bc453e317f","flac",NULL
"39211a7a75b4b358dc2fef8d1098e442c1cd2455","flac",NULL
"ae5dfedc52371dd0898c619e90dc9aec8ce4d8cc","flac",NULL
"66fb8f20aae54aab298e14ad61c8c248da8efba4","flac",NULL
"35778c15dad0fa516a81605a40679846d842d3b3","flac",NULL
"3ced2120b2e74124f709f09b29332faa4ccb448f","flac",NULL
"c4991641eee85c3352eb3dbf4293796c7937ee73","flac",NULL
"8e8bb0253adf916a94df3f4a00df9dd2527a4824","flac",NULL
"069b8015b36676de1f7cd4ea735260e01426491f","flac",NULL
"e685976e5ca32c215a22c3c05a1cef1303f3996e","flac",NULL
"be5f2c7cb8967cdbf04bee5256f41f753903b6a3","flac",NULL
"f4e5563d8dda6602640cd3274518715efc34f8fa","flac",NULL
"e47917a7348ca51cf0751c9bdf2c60a368571880","flac",NULL
"66e7dfac30f738b278874d83aeb3544293841469","flac",NULL
"ad68694aa90cca216b802543cf9536c756108b32","flac",NULL
"4cc71a1bc67591d4136888ad2469c781455ed355","flac",NULL
"a2026cde457d5167d85fac961c0540085b252d9e","flac",NULL
"ea0ac5e461eae0231cb6943d50c54433ba0c97ba","flac",NULL
"ab5a9ce2d246365750284492664b8ac2c9c3069b","flac",NULL
"e28f30af5b898df5b499060d278c431f54b80ed0","flac",NULL
"43d1050cf17894b81b0f53853712730e501417e4","flac",NULL
"8d30cb1e889dcb422a1eb75a380e3a341f322e6e","flac",NULL
"1e239776e28cfb91eb36b2a7d364355492e945b2","flac",NULL
"9c5242d08bf3f68d1ab1cc21b05429dd58ad4c0c","flac",NULL
"180ba49ab7b56e387158f46def467cf504f43fe9","flac",NULL
"1cda742bc63e4bb3c78f476f6183faeef6554ea9","flac",NULL
"803568f25c02e7507078da30f2f06f44df8f8d47","flac",NULL
"2fc651064497fc6c9c17229ae07f84349e9bdc38","flac",NULL
"9267158c31c909464a8b06f0b9bded6617524689","flac",NULL
"29ec3d5442d33918c98193c2baf063a8f313c34b","flac",NULL
"42103a98f9a53bcb61ba54e475d49174f1276ebc","flac",NULL
"58a4f2a3528c9d487d98ec9d628f5bc82ac1d998","flac",NULL
"f9311a1578432b7b504a385b07e93c123c1c15cf","flac",NULL
"b4f57c724ffe89802a49b73e0a7604852c0ec2b9","flac",NULL
"3e49d916662f6b93f3e8f8b09a23d015316d782f","flac",NULL
"fb5304cc0e9ee5eeb2082ae5fffdbded0b285c11","flac",NULL
"2586e30c6257ab937b025c3b8bd4220084058f43","flac",NULL
"36e98a8084e56ab0bf2ba9df18f2889c5635c492","flac",NULL
"6ff1a7e03f87fc434e92263741d04842bd798a83","flac",NULL
"914021db9e1c0e00dc51898a774299e8c9bebaae","flac",NULL
"4d42380505b8c8fa9a8dc56c2767219e0736f6b9","flac",NULL
"c48d89458c122bb38163085a40f0d4a2da72f010","flac",NULL
"6f77f1b04759a2e59ae7808030d63e303bccf6bc","flac",NULL
"8696030141db4c230a47da00235da199fede5f7e","flac",NULL
"2b5cf1afdb2877a0c218f751a030f711a452bedc","flac",NULL
"d0a2020a7d9c937a59879685c48d7ca38cf8da3a","flac",NULL
"169c07894b2527de8e3ab936cedbf25309877836","flac",NULL
"7fe2a29eeb87b7e73df605ed451057b4002d4c07","flac",NULL
"2a21e10f2e92590af40ef52c0d80c7d0704bcd0a","flac",NULL
"cd1a13193e2c6810c7ed1ee4832720f570525550","flac",NULL
"8ff87b0e8c81d68de0a353335290c26b8242cf94","flac",NULL
"a7f48ae86f931921e724d90b102f08ef09c700de","flac",NULL
"f17e574965a9aae86386839a363deb3cc5d34403","flac",NULL
"ef33d4c950becfac2fe73107ae0ac068fb2fb52e","flac",NULL
"7f0464ba19aa17b1cd3b592b48c5d31dd453f7fa","flac",NULL
"7eafeede55b8aa837eb436f0c902efef47a79c0e","flac",NULL
"6f961f4210d9d47aa1ec4588d5d6d163c0692282","flac",NULL
"a443d6117c53d006baab154d10f2322b423142d6","flac",NULL
"d3cba97ce086206d9182bb878cad0fe7ff4f5ffc","flac",NULL
"177f30c3c523475006e9739c99731f2a0bd0cfc7","flac",NULL
"979056725e00754268a6baac926b025f2f321e34","flac",NULL
"f34b42fe59ce694a58f214a3b596f1b50e2900e2","flac",NULL
"b4f6c5a141524d4bee3347fd07555560199ac54a","flac",NULL
"ddc94bd7efc1e452a747ddcfd94a2c9275808f36","flac",NULL
"c2a50a3043fb6933504320e819dccfed403c5f16","flac",NULL
"366559ce588ea71908b80990cbfc02e8bfbd97ff","flac",NULL
"4df69e92634eff2fda6d8357a75c3b4594446733","flac",NULL
"da60af3aface3c91cdd22366c0e66aac4ffbb1f9","flac",NULL
"24c78192ce004310aa9104a02c4af2b8a28cfc69","flac",NULL
"01ac99a430eb94e7e91b9943b45b754adaa9a506","flac",NULL
"1b01563841885df544226b937e9ddbb2b5e67316","flac",NULL
"0a7ba6ecc965acb08cad39fe844649b39cac908d","flac",NULL
"e346145b5c2cba9f58ad503d13cbf64a7ff13e33","flac",NULL
"fc262f64d3019ae50abbf42bc6f85888ff0aad58","flac",NULL
"34d923327423ca36fdd05c3b4794340c00aeea97","flac",NULL
"8569076706ae9ff7ff80c67ad553898a84092fbc","flac",NULL
"367d0bb458c2ba52bf21d114d082840f0988562f","flac",NULL
"dd320c21dd7deef5e4b2297269f48e1193256248","flac",NULL
"a436bbc0b29196653036936cb2686f75316fd903","flac",NULL
"e7b3c5ab0e672a555f3234858329e106897f4832","flac",NULL
"6d460f7026b9a202f5fe84ace8cb92540fdf9e32","flac",NULL
"d1a81b54c3d3bc39454a58010580cd383ef4715c","flac",NULL
"00af3c3db1f54b3e9c80a2fce8ea50b367fd4c8b","flac",NULL
"ab93183c4a38381cbf2fb8aa211ab2eaa6b4c2ee","flac",NULL
"1115e8a82bd53d2656a614385fbfc51071df7ae0","flac",NULL
"94682ac084afbed0b8e8d4cd3c495b02a37af57c","flac",NULL
"5e95ca8b83c081d556ac0f8288709e18e588c727","flac",NULL
"3b4c13953a32c3cfb69b6cc158caed907b6dcec9","flac",NULL
"ab351ac84df8b9e332b66181fe6403d35f33db65","flac",NULL
"aeac7684f79a343a584d18f13f25820059121b6e","flac",NULL
"242c546f7636beaa4b43e22c6821e013443cb690","flac",NULL
"5a00d1d288129d49681cd058dfb04c79aa662585","flac",NULL
"2631868772b01547b98f445568c32ec3672283ec","flac",NULL
"481b19eaa8829c53059bcb82e5d96d4d00e64685","flac",NULL
"d730e446004f2b6d72182a3291b03607af62add0","flac",NULL
"4654cff92ed815942a3f4e7c5bee1021526440fb","flac",NULL
"878c78f50a3e1070c7af557d8a8d1b5688d473c2","flac",NULL
"c69cba03be30fb3ff386f8c054bb51684c16c8fa","flac",NULL
"42d1b5e12663c1220185e5f77c13d063967b35b1","flac",NULL
"0e72266a8dfe947dbf796b42ee0bbbfc036b1aef","flac",NULL
"0e925e9b8515ecd839fb82689a5171c79f3b2fcf","flac",NULL
"815b83f6e10049ae8cb13c1d45a011a18dd74605","flac",NULL
"6d2163b15ddb62782020bfb274b0abea0c63b294","flac",NULL
"ba565d388402157a99d92df54b5d94c7b0d065d4","flac",NULL
"b64cb77ea6da9104c5ca9ccaeab61b0675e75ad6","flac",NULL
"2cb3c854167c54ab8203fa4e87046f48c32f4a6f","flac",NULL
"853a63f2ff5462bb940a2189b88ace8875b9a23e","flac",NULL
"bf0a42fb681c8e21484e1756aa27dc3a6a7dca81","flac",NULL
"fd92118b7174e4c054d1d65d2c2f9fde18066fad","flac",NULL
"7d52245bffcacd016122555beee2dd96ed3dfdc7","flac",NULL
"3ac1ffeea19209ddec8739d3ae8fbc98df44d64c","flac",NULL
"bbc86d880fedabb69cb8ade2d824a970b6408ede","flac",NULL
"f9b2031fa82d7aa125f9013ac01e09619ed7eea5","flac",NULL
"82b965b4ea5d996b935daa356ab475b12acc8687","flac",NULL
"6c44f46208b116439cf6d7b133a8b46e46c42560","flac",NULL
"944b92bc2b78bb2b9af4fa5b96718e91abfde258","flac",NULL
"72a5f1772ea30fa9ee7c7db3731c18199037905b","flac",NULL
"0f49db8a30028d6661247e65896904399cd31e5b","flac",NULL
"9793b1d9822faba44736d30f5a43a4eed43f4f4d","flac",NULL
"353d407abbbf393107f0f85d95eda42f83118f38","flac",NULL
"8e7041b57b49e4758abd1223a00cb457e46ef77e","flac",NULL
"9f4bcf5f35305350545072cdc30a47399aea6a2f","flac",NULL
"24b2bc2bd62695a6f3bb30b2a71d916b514e49f9","flac",NULL
"e1617fca552d8687f07ac7758ae3a6bb0f576faf","flac",NULL
"5576c01aa9d0d3077c2eedd231a7d59dad27b764","flac",NULL
"22837d905c71f0bbb83832c595428fec64758315","flac",NULL
"791ee15eac1ed79e8c2db381c503a7fd924f82af","flac",NULL
"ddb0f004c7573f2b9a497c4dcccfff541fc8ad64","flac",NULL
"0d5299e25f5c2ecebcb8100741b9547487ab5f49","flac",NULL
"db5915a34fb5123a157104a4a4c461529d47857c","flac",NULL
"d5174be1700889dd58c00fb4e1f09ab78985f61a","flac",NULL
"b78f5e7fed8e6e6b179b5f417013b74c2981fed1","flac",NULL
"36c3d0849898feeb3acf393c7019894340fb0309","flac",NULL
"bad0e15c61a36e7387b377b4cd3f3da2aa357a28","flac",NULL
"13a6859c746139a40d64e9c10652e3b2e7792780","flac",NULL
"14ebc0604602cb9a6cb0328823bff7ce3d07e1de","flac",NULL
"c6f6acf84f2057eaa37b026feca87a5336ee646e","flac",NULL
"49afe45fee7538796b243e70a2ce2d3315fe04f9","flac",NULL
"822ea6bf82cd168490a43453dd52cbd27f03c06d","flac",NULL
"b9366ffcf3cb008b004fac395acdf073d4fa8e97","flac",NULL
"1445ea58fe00ec0870f2c7aa30056768f164b78e","flac",NULL
"840eade024ae930f4ad5bdd21f4def250603e740","flac",NULL
"6d48bdd4cd50b2287fb72dc6fab72562491d4ea8","flac",NULL
"07e5d778c1465163440cd714d2eacb74fc0b3006","flac",NULL
"8497e8f750da71ad8aef1edc1e199e718a658e07","flac",NULL
"8f8c9b481aa542d024ada20e8962d5ad76c2c40a","flac",NULL
"25a143b5ebcf27427d80db28bc72149a2f04ecdc","flac",NULL
"3e48cbedfee44d0e11a4be015a2cf0a0cfffa884","flac",NULL
"e775dbb76a5cc93abdbe84be43dc3d478df378b8","flac",NULL
"e71f294fe5220a181bf73e7d1dedebebba7d72a7","flac",NULL
"7bd50be932aee69821469163b6d9daae37444008","flac",NULL
"2fffe308632315087909cda3a2dbb5d4b3479c23","flac",NULL
"b8505c72f55779a8b75120680f2e9104a7e23d31","flac",NULL
"8f891aed1ac65d080098d563f81511fd6ee13558","flac",NULL
"83587786c0b8986b020612304e3a6ce67c50ae0d","flac",NULL
"b6e19c4b9352f26fa899e7f6fd9960a7fc9be637","flac",NULL
"6de7501058cad45f439d10cd3ac248e0dc16b7b8","flac",NULL
"0fa1b0f045182f96d4c4049dfa73217463fe35a8","flac",NULL
"a79f8a63e3a0874620e9b037cbc4b3fda14542f1","flac",NULL
"f855105cf4e14f493abd9e570a1acb950a3f7b3e","flac",NULL
"d8351ebfb4e9b5503a07f6b46123c283effbe618","flac",NULL
"8b29794ef1e589103b777ef14473d87d41f38220","flac",NULL
"410ca9076506a4f11ed206c1812883db5681398c","flac",NULL
"ba2f18c779033890dc5832c42081bc3c064eaf3e","flac",NULL
"6681b1ee9a581194a937d7bc94bfceafc420f833","flac",NULL
"4e74e8fbc505464e8724f347d20886b009b5bf71","flac",NULL
"c992328b00d5c64e8d4f09d3e48f4a6e4c34c23e","flac",NULL
"e5fb4c314d3a10ea070853420e0c1de9d739489e","flac",NULL
"f6186097bc260fb52dc5964a56355001b53f5a57","flac",NULL
"d63559e3cecd09560dcaf40dfdb32aa5858fb7d7","flac",NULL
"99b484db0a8088d0a305620970873816279ffda5","flac",NULL
"5f77518541896be49939a667bb9c6f1179f70d70","flac",NULL
"574f7764bfc4a213f20f9cb110c201f3b288f0b7","flac",NULL
"18669a9a76db3ca4b0cf5cda6a1077c21d611df1","flac",NULL
"4587b647955c6088553a225a21948146a8de5d3d","flac",NULL
"8b958629641b0c71e9106997abba4b03d706265c","flac",NULL
"7a859dbe25706d547e29c54b99eef97c362e98fd","flac",NULL
"db534c1e7f2337ac3f0d61b293d43f2c8baff72e","flac",NULL
"b82c25abf743aed28873224a15037c128a6ad83d","flac",NULL
"a78bf0d327dbd4d813d49c92ddcdfd745215d9c9","flac",NULL
"399660e8c2a56588013b15b68692d7a2f6deaa07","flac",NULL
"dd0b37b8affdc2a4f5c5ef74639722c256c06c3a","flac",NULL
"465cbfd3afd8a9f66039d364d5526628f24c3d76","flac",NULL
"59fe7229f50cf6c3a3695f22cda8bc03617d9b40","flac",NULL
"167da6839d475fee971203adf8934ad01dade055","flac",NULL
"d55d37595540f56361add926227a9e4c1155f13b","flac",NULL
"0fbcacc46ed83afe126cc15cc302c8bbc821ec98","flac",NULL
"a882cedd963508726b970e8655f82fce8f089e1c","flac",NULL
"2316dd28b8857c221f5c3c0eb6923348b7e9d6a5","flac",NULL
"43bd432a664b1e955e9b5951bb19e7d257826e82","flac",NULL
"a4c0eb8211ee51c1ab4d3e506f0136b0bd5328c0","flac",NULL
"a65dd9665c0fc2ffd6c1f9520a2d81b3c53a99d2","flac",NULL
"95019b53934cda071a3fa47359e75bf2b4da07f6","flac",NULL
"da2ac6393c70a927c1198d619068059971e50ed6","flac",NULL
"85c3b6c365516b64c61f2ae350279c422d4a244f","flac",NULL
"9c2305f7c0899bae6576b18fe2d2fbd440eb5405","flac",NULL
"7c9343b93ecff36d5dea2241da3c2550ebbc24c2","flac",NULL
"357e5fb6b03cc55a7bcb00fd1f571acfda5b36ee","flac",NULL
"8977c4338d47c3dcf95ce7fba34030c90bad4393","flac",NULL
"d0d1f6ef34bab6538d87b213a03c685b92dbc6b6","flac",NULL
"6b994943f9692f6b1118abd68973365f6c6dc98c","flac",NULL
"9e86d6272720f9aa357569c0896fe34deb6b2a7b","flac",NULL
"82ee93ca809c7508eeef7bf34213ec6d445c19e7","flac",NULL
"a35a0b7d73b61a1f7f00bec4e1e579b4698a76e0","flac",NULL
"67ff72aab60b2e016d78f0e40a2936559b8bf0fd","flac",NULL
"b8a8792a7bc75d9843cf4499a72b3d4d921f5e01","flac",NULL
"69cf39127efb805b165fc1f32ccc2d45114b769b","flac",NULL
"b9f03e7ee6e0945ce2e2639cd106bd6ba9ec4132","flac",NULL
"e390455a3b7a7e03f3e4d1a4e4c693b4f4599a72","flac",NULL
"dd3aa8daabeef51a6eaebd40cd480cef0efe6da4","flac",NULL
"fe3187f4f655db8f63a7db593d7030d628fcd828","flac",NULL
"bdaf272cb51fd00afa47248ace3c96ae742adf88","flac",NULL
"e0e038348d3e5f7fb397e71910467f709bd151c2","flac",NULL
"4e3abeaefa8f25a953a5362001c6e3e6ecd9d42d","flac",NULL
"545d82f6da06f89937752f31409eed70ef1881ff","flac",NULL
"af9eb06086afa87143648979871d0e5e0e78668e","flac",NULL
"9cd64da6c548215da663a56b66648be12e7e63fc","flac",NULL
"11c218ec15616c31583686dbb7c1896eac2568ea","flac",NULL
"615b2a45f5bb89aeb0e6ea7cb666a87bea1b39f6","flac",NULL
"4cc60bcfa810d1fa31c2f4f14fea7647b9e512b4","flac",NULL
"920a33e62587b8ed15461c04f76318789357161c","flac",NULL
"aad75c2ce7fd1a9074b445c7c7d319ea6d5f44bc","flac",NULL
"37bbd740858a251f3d8e1d4d3613fc7ece2189db","flac",NULL
"01cdafca1dc452edb437d9a515af7b85991cbc23","flac",NULL
"4ed3443576114196d44b51f7e225ec7d8b3eb2ad","flac",NULL
"974923ecaf3feb3e7a505369c636ce6d923370bb","flac",NULL
"f1b774519839805dc945880468d82fb17372ec88","flac",NULL
"fff744f87e3a9601416599418216fe11f88a2ea7","flac",NULL
"35a18288a757eab256e6ad5f4545e67709de2bcb","flac",NULL
"ff8405eba2f51bc263eed8eed434709d87ed419e","flac",NULL
"65a34d8a4c87cf5ee00258c8a62a194d665f1934","flac",NULL
"f468f769a332c26157f4f926de721ce97ce7679f","flac",NULL
"de779849eb6917f7e9b2b19c187dd00f8185166d","flac",NULL
"d5d8a2aee544a107872f46412924945aa13ddd53","flac",NULL
"17080cfb429ded98e34102123863de1a5fcede53","flac",NULL
"aaec10a051f4ef0322faff2ba5230c0d83b1c2c2","flac",NULL
"045edabfa7712b3f92c1343702dbafba677d2659","flac",NULL
"2f097f59ed40f707d30cd52083acf563521c1927","flac",NULL
"1e518ff6f665930dcfb369bc48a921b1d0db4ad5","flac",NULL
"dbd4e1fbaa0b44f72939e35d502d084c2006d1f4","flac",NULL
"48344627ec2eff8e3917135cb90bfcd71e02c08c","flac",NULL
"6cf5db224b93a369a981f7b22d47bc76d3b17bf8","flac",NULL
"fb58fc1e96e28170419b600cef1ac3534366988d","flac",NULL
"5a7257b70f531f10a815625a6bbfaf61c4370ea4","flac",NULL
"24d854323b62de0f75553558ed50c5ed72cc1015","flac",NULL
"f6433949e06ebdf48eb6ab31e9d943c6e9bb2b52","flac",NULL
"36effb5f4bc4e73f293c7f898d7c4e6f9888dbbb","flac",NULL
"b2abc57889217f5e612f34431ee663baf82b30f2","flac",NULL
"aac8eec37404657694a2078d8063fbd379e97d6e","flac",NULL
"6e5696f1651fef9ae675dc9a0713e405f90b4853","flac",NULL
"bb7460acae729b69b2fcb30752661a4fcb20b89a","flac",NULL
"cfa128b8d7c59190107ed324fde8322b9fb7ed98","flac",NULL
"c1616795c073adc1bc26658ef31848d863da4f2f","flac",NULL
"bac2a3c390cbe72075bb5f6459b3b3a786655756","flac",NULL
"68cb432fcf5ef97e2d7307a343888a55d9d09679","flac",NULL
"53b159924d8d4d8570ef36dcc1e9fff33e3267f3","flac",NULL
"d0f59b7ddd100f20a194d5ef1b69a59e7f04a42f","flac",NULL
"49225380617a4330d32d34a51fd46944f10912c5","flac",NULL
"cd0536008d695b95d65e99ba67c382e136a25a80","flac",NULL
"bbf86765f0314dfc6f042d485d0368848bbd71c2","flac",NULL
"a52ff0f4faa2f50f629f5f53b3d83e2e99ae950c","flac",NULL
"51ac0bd8afdc42dd80206e02666c8ee6af50cfa0","flac",NULL
"253d89c1d5e92ae7381032d839d85d771c156508","flac",NULL
"40e2c558f8d661b53a6ec967298cdd984adb6a81","flac",NULL
"e033729839e8067626598672e0e9f7d104d3320d","flac",NULL
"08daff2d4a37ee92e073b81621e2e67907dba67a","flac",NULL
"10fa42bd567e4e5fc515cd087fbabb6a304651ce","flac",NULL
"cb7332059a30e7f5cd40f4ca23b1eddc10f35cb4","flac",NULL
"80a5ce458e025b8d3c2ff81ed955dd8e6ff0e8dd","flac",NULL
"97021e58645349b5f910ad834ff9ce28c755ffaa","flac",NULL
"aaccd759e0167f320bae79881bdd1245c0fe91c4","flac",NULL
"17495366c730f5e965b0fd997ef923a63ae20a25","flac",NULL
"e96a740a663d7096f6d5354c32e878c90e17fbd9","flac",NULL
"b65418e06c955405feb045e5e1f35d6efc555c9b","flac",NULL
"fb2b0c292c66bf441888742ad0cba578de3760c6","flac",NULL
"83f770b1947b55b0446f96379d0e88e9c8d9eebe","flac",NULL
"3a7cf91272810da037bdb70de37fac2065f97748","flac",NULL
"07f16f2cd3f427e608b730bb95a1c3dd92dd6dd6","flac",NULL
"4fda8ebc77727ec529aa475633f1f747138018b8","flac",NULL
"af2b0f68b5e987870e9ae0a494e46d9514d3d111","flac",NULL
"a51e0cb2ac56667ed513d6cf85d70dae0fc57d9b","flac",NULL
"a8922267f314ccccea143a44e627f11bda78e6c3","flac",NULL
"50e0d37d173aa11d6603b62728ac649fca9d32d1","flac",NULL
"8f26126845a381002e5aacffb3b07ea4a46e300f","flac",NULL
"849270115189e4c1731e0cfb43d68f8dfec815c8","flac",NULL
"fd1dff9ebc41b1148a16df0f7120fe43ee35fae2","flac",NULL
"79886773dd8b6a19982b8cda0d02c0f0702041a7","flac",NULL
"1fbd19503ba47868f6e7a1e683341f71a82db624","flac",NULL
"80e20bf86fdb479581567ddfd7128b41a80f8653","flac",NULL
"b8056b48567da16766bd28ee4811275803514c60","flac",NULL
"44d17819aed372a628659502a1e35d13b1c372d9","flac",NULL
"e000a05161e41fa7a8aff46e294d6b9d57f1b540","flac",NULL
"3f8b397c7601b962829ca014ac6d43c1c6334e52","flac",NULL
"e842284dbdbf6a6a9fd54033fcf4a1e70f7e5c1f","flac",NULL
"18f8ad297e1e8237844663ed8e57295273cc2999","flac",NULL
"61e7bb3b826279fb0ff53a71a1cbf301cc76cd3f","flac",NULL
"9d746781bdbba51d4de4ac1da5aa4999c8f3f316","flac",NULL
"2d13d50fece1be62b2d44272dff1ffb26d8375f4","flac",NULL
"e612047c563258d48009d9d6119082811844d6cb","flac",NULL
"c4e266986a6d9ae724a2015b0a89c43c700d3507","flac",NULL
"0716d8dd3db95a5d4dd7496d43893240edab72fc","flac",NULL
"10a9ee6c04726cbfbdaf0bda90d0acd9e4f7203d","flac",NULL
"cc0a55ebd5548140f2413c068271c253d97560db","flac",NULL
"929cf124bfb2b61b5a6f640a31221c8aa6557610","flac",NULL
"82f56e01ee1dfdb17620e6565c1c5365c9109562","flac",NULL
"264b9ccf8c3f463da0f43a588c4ff44e428ba0f1","flac",NULL
"20b16e18d504013fb5c788d45ee37249dfa5c252","flac",NULL
"9c197c40adf77caa712cdf6292de72351d0d6e79","flac",NULL
"1e893c2493f3db823b76de07e0a8e8550f5f9f24","flac",NULL
"4dfefdf26cb1cce369ba00c39ef7697b81f3f8b9","flac",NULL
"560980a2ffd18c607f4b701a0ac687a2069da14a","flac",NULL
"4c742ef483d07fb89bcdc22431743ae1e22e56bb","flac",NULL
"c57f6dc4a5ac4d233cae5b9e9436bc779b7963e8","flac",NULL
"553afdc735d80a9141ae6113bc9da1dc5d168e40","flac",NULL
"400e2ae0ff75c078c02b088b0530bf4d018ec71e","flac",NULL
"2e84fc4c481caf0d0408489587290e16187243e2","flac",NULL
"7d48c8b7acc157a1258ef67723b2dff9e0dc1da9","flac",NULL
"8c24b6511ffd050337cbc7e61253cf096eab1554","flac",NULL
"7cfa0ad8eaa5a8227e896e2c3710898a02f5f7dc","flac",NULL
"365c2f606589606c494a6a7473fc354c5262c02e","flac",NULL
"1cd4f44f4205416dfdabf9cc24a671538b7142d8","flac",NULL
"91a4c4ee23db445e06256ec442a5dadd342ec537","flac",NULL
"4fcc446bb0ef4314e92ae8388fd65b44b54ac387","flac",NULL
"25c8fcf4fb0daf8f9bb65d6f5892d8bd47ce2551","flac",NULL
"8365b4bc1d6989ad4cfab40dfebe9f3d7c6dcf4e","flac",NULL
"b459d49b89ee0d21e9705c20275fcbd6d4100384","flac",NULL
"87ebae9c2f262499ca77c5a1ccfc8229196dd56b","flac",NULL
"0258b1cc927e8e6b094d186c256d490c31343185","flac",NULL
"25865cfa42ce58ca6300ebb0052dc3f53b827e37","flac",NULL
"ff9320a28c3383aff0da4b63b4f747813964f36c","flac",NULL
"9c3bb0a3782cdaf202ff6700810f5fcd6d747e5e","flac",NULL
"3d1e908f29a0f07c4b3cb6feeb023eeff50d9837","flac",NULL
"3ba3b5e33ceaf8aa8b6224bfa14dfb272e52869d","flac",NULL
"4694363f946abb2f613e7f4b232a428dc553f0f9","flac",NULL
"a4c8ef51a608b53d3fd0ff2f0c36d5814cbba6b5","flac",NULL
"b08e529cc1a425e2e4ca35f6ceca0cf61c1c1c63","flac",NULL
"6018cddb72d141f689625a673b249c5c7d4dd5d5","flac",NULL
"263fe276a2015a6001431fc65478532a76fee6f3","flac",NULL
"8cc2f033a4a5c892c6113554759ac656310f13c0","flac",NULL
"133d66d3ad8b3c5d95b56e9138fa3837c2fd2d2f","flac",NULL
"484916776efc5e5e1a8e1859c04c315629782b3d","flac",NULL
"8ce0723ec733b6e9c83ab80c3c657ff3f460db05","flac",NULL
"665a8da5f355b36a6f0bf6a91393527b855025e3","flac",NULL
"703d7357135ce6729561f0aed97877c527cb6957","flac",NULL
"09d028fcaaed444b15259e5c888fd581efaf0105","flac",NULL
"8f8ceadb02d64735591627e03e61869404718719","flac",NULL
"fb3d8df662623fce0883872723a2c7a26bc9b0e2","flac",NULL
"8d4d62c35ac526f9b60890b78561b5a77151bedc","flac",NULL
"c1071ea9d2ddc48b1a2112798ab3aa587d5acd8e","flac",NULL
"d782e76fb79fe4aa897656986b0441e7654f8ceb","flac",NULL
"803277912bc14feb40ce7c70a7b2776a19c0c81c","flac",NULL
"04403af8ebb92fd0dec6b35b503ae819bcca6a08","flac",NULL
"303e592886cae32a619b73a1142e7cad60eabf5e","flac",NULL
"af3668715b0f8e399d3c17dffc464743bb87f127","flac",NULL
"c86fe01110d102e5461dc77817d24abea59b3260","flac",NULL
"fcab8cd605f577a91c3f05e36efe37b5a790fa96","flac",NULL
"c2bd97ccd06445b272be6686bc7a582d1750f0c9","flac",NULL
"7867e97cf4836e32a345ea7407a85fd548fec55f","flac",NULL
"7e9738b2a93264d7cf9639ea7c2fb3aaaf726d03","flac",NULL
"4b7639f742b7f676a0b1f7f099c15da5c3fe7565","flac",NULL
"662c52f1f3e0e63a2e2830f072cac3aa3a8bbd23","flac",NULL
"0363077f87dff9f77b1c643e248394c28cd05a58","flac",NULL
"9d82ab4ff6c4de033bbb3db1784e7312d055826e","flac",NULL
"1bef90af661bf252080df264cc6fc01eaff6c468","flac",NULL
"1a32faabbc140be99e15c42e54513974e6fdf50d","flac",NULL
"b885f5927a5acc46383e429973a7100d20e60729","flac",NULL
"4acfc4fb4bb169e7b9b9a837db2fb066b857bb24","flac",NULL
"9efd46856414d559d5c6c5ac15885465ee4fda13","flac",NULL
"dd09658a0fb1bc4c1d4eb7b86136c4f2682c9670","flac",NULL
"36ea4ef7769e17b93d040a53d328deb2ea312a5f","flac",NULL
"438ec054a3433b83586e79eb2e995757710de490","flac",NULL
"84b28d07790f046e002ed69572ae08db3d2f4391","flac",NULL
"15f31e078236f5dc51e319be85cfb9535c7606df","flac",NULL
"bf53705dc52a35eae6206abb21f0fa55e199539d","flac",NULL
"d1db1ee65cc7fa79c4c507d5579db1d5ce6b3c89","flac",NULL
"9683a3db5836d647fa84a858be6c8948a10d0ea1","flac",NULL
"81f18f1d92ec8cf3bd346559eb498f93c7f01275","flac",NULL
"a1def8588134229b5f93fc166f327cfd224a930f","flac",NULL
"68dd393c6c6267d25a74523e7c88050636d36d8e","flac",NULL
"8073b49a8118b00c0121615997aebed4d355cc31","flac",NULL
"379122e8858b1e84c8c2f3aa9235ff8dbf264396","flac",NULL
"f503d17f67c40b04dbf0cce84ae9e25205f87796","flac",NULL
"1a322504947a995a5b9c1155e61e976553e71aab","flac",NULL
"4132f2dc9df46d36d81a121d221670bad807a072","flac",NULL
"91531200f7bd42f1f1af32729758a52cf54fb82e","flac",NULL
"d9b51fef048e8acb10af3b016845b3edcf706e50","flac",NULL
"54cb833cc71fc4fdd3f41d315e3c12e6946e6e77","flac",NULL
"4a10cc6e05b13c6b1e9f7aeb7c27f58cef6bdad4","flac",NULL
"89849f2e13b4f4d469f75fc1ae54a5de4ae77599","flac",NULL
"edc25e0db413c4f40cf374bfbb79769765fb9b38","flac",NULL
"5c8198c9434db323392a7a97c2d0baa6202a151e","flac",NULL
"e94d1f4d27d864d199bfecfc2c6f1b1ff81e3934","flac",NULL
"151118fa5496e38dd0e9364a40111a54ec59ec1b","flac",NULL
"0aa83239e8b52a8f24681ab1f97e4503e97d43dc","flac",NULL
"ddd2d9392d2c99330e7b059295d02d083a8bd233","flac",NULL
"79d5f8756f5f3d6305ef0ac0d89b03c1b31ced96","flac",NULL
"ab7d66631199bb45cc28d566a675705fe12c882b","flac",NULL
"53902784130cfe94fc3c83f41e2f799c3f2a64e2","flac",NULL
"b12070849a8d40bcbced32e14e465c7b0b4fa84f","flac",NULL
"b7dec27480bc2bc59fd768544e9bc75d0b51379e","flac",NULL
"4161f5e74e69bb4bfa612badf2d833a9b8d10341","flac",NULL
"8b5db6c7fa8df612c2c2e39b4dbe352b004f7665","flac",NULL
"2a0a53190c7763c3699519e7777de768ca0db30a","flac",NULL
"4a70132dc19c18e08a78c728ed6d4bf40e147f07","flac",NULL
"e3c71b736e9e1a01629e5eed8c22416b66dcef27","flac",NULL
"75834b12da0642eefc50b078ee32d36a6c0fd51e","flac",NULL
"6c2905e5bb347780ea3adb5eda7006b16c8066a9","flac",NULL
"25639bd788012f5950a5958028d2e1bb96212455","flac",NULL
"6d105f36847b226c5182cefbc6a3a88ccddc40ff","flac",NULL
"848a4c1c5be1563eccb7f4a04badeb048bef91ad","flac",NULL
"4d767ae279ea32ad14ee04297bf5d766e7d6d32c","flac",NULL
"e37638168638e853ac057fed6dce0b49b0b0406c","flac",NULL
"f20cf9c470d200ee7e57edd1cfda021238e6f9fa","flac",NULL
"e9a442c4de65f565558b50d23892782fb4a59d3b","flac",NULL
"7002df5774528c9564a5bfb6d8555562547bca4b","flac",NULL
"35a001a01c496a1566ce5b98c53b8fa7830c570e","flac",NULL
"9b410b6bec630e889a554957f468683cbfc315df","flac",NULL
"acfaff2f9c00525b42bdef6fe26a52ab19cf2fb2","flac",NULL
"bd96f8dbdabc37ba3be71172202dfba3a314f446","flac",NULL
"28caa39a91fd4da399fa9997734056e78fb7f6ac","flac",NULL
"13614f1ed6e61c6a3c7423aff39d5f48f33d761b","flac",NULL
"2931866fcc0d8847cb485077e75ed263cd5a1a01","flac",NULL
"828f057904163fe5c2848729d40428bb464ca232","flac",NULL
"2b53bb9da8944b495b09bcb4ff6e7eada06cef60","flac",NULL
"e594617e7b3d97145f635584436c7a14831924cf","flac",NULL
"7d7d4a330177485fe716e84439fa387a5e15790e","flac",NULL
"656a31fd88539c6cb607629d38e17db8f7157059","flac",NULL
"7587ee176187427f08ed402f47881a19aef8be82","flac",NULL
"868eb936e9a761e52b4a2ac6ac96bd070e39a764","flac",NULL
"0bedb57c7e54004d32d88ecb0b22c1399d344efc","flac",NULL
"65ab321013bc53c311ef1f88b5714dfcfaf1619f","flac",NULL
"4935741639cab730f49642d52b9fba7da120bb31","flac",NULL
"1fb2fc23c01c58a12825746db951a487f82d3cef","flac",NULL
"ca5c05a7b3dbda9c91347314cb227bfdc835bcc6","flac",NULL
"c8ccd12b53073dc5018f55af64a2783509a80c3e","flac",NULL
"9e147f6b600a6d27f5d68825b8474c7bd781b250","flac",NULL
"531c4fb127566d4398cf2eef24bafbb1c6aeee88","flac",NULL
"a057be9362f0d116181d820ecd403aa3bde381a6","flac",NULL
"561748f9eca593c6129a6b37d349a805214a3cb5","flac",NULL
"c9e5ca5c37f2fa0c2e1a5b283e7dd539b869a8b4","flac",NULL
"0272c6d790887cdf4c467911836af90abf2ec677","flac",NULL
"c1958ae541babff7c539b3ea6ee0042876a98c33","flac",NULL
"04d12b4fe71e4dae855e4d6d310ba9db8a591976","flac",NULL
"a6f7eb08cd2f3ebb209d0dfc9a3d74fe11f26928","flac",NULL
"3c7e1805f51c3c7ff1f187422f052bd7ed435c44","flac",NULL
"cfabed8e0b8ab786f72e6c6bd203d8b65fd38f54","flac",NULL
"3d56439032dc8197116a9b8b72faac4f64c4687a","flac",NULL
"85ed7d08d60f12c21f8c9950310ce40b64cd0742","flac",NULL
"9de1b58cbfb56fc11bc3aaab7a059a482db4be5b","flac",NULL
"b461637a1ed20371d39c4040c107ddc1aded2f3b","flac",NULL
"9f8c9d295a676b303aa33d971612104e00472086","flac",NULL
"561322ad72a3e61fa9e3432887359ed024c5ad8f","flac",NULL
"6e14e2c6b823cdab8b3cf542c34d36a8c7cec938","flac",NULL
"f2e3778ed45233260593af709c1019e0664e6db6","flac",NULL
"140039f153f3de63f859ef197a6c6c213dc9c738","flac",NULL
"28b271b05c1c8e312baa8f8997257d933dd33ade","flac",NULL
"696f8c08713aafa8595389d2f5016200986c44bc","flac",NULL
"88e8fbd2ce9a3cc1ca2733521759b5e468515753","flac",NULL
"13115b3cca8f860ab7a467445bd3807c03e508c7","flac",NULL
"e6bc4341ddc8170db4f162c2b0cda27afc8f40c4","flac",NULL
"fd473a72653c40d88aa0d780fbbf530927db09d2","flac",NULL
"62e1d3bcd1119f75d2934f76b61971e9977de7c5","flac",NULL
"123f2844b8ef42c04e131e58be24510c0c929873","flac",NULL
"b528b7f80453c7a6a114a9104f9bb521b0bb8a20","flac",NULL
"ccd69840a732d3d2a08673aed1fe03a34dc1793a","flac",NULL
"7fb9deaa08fc8c858734d370e189c555e165f79c","flac",NULL
"cf5b0e878cbeac5f4a99e5a1cd0c0bdd0223719b","flac",NULL
"80d54438edeeac212e5c9676bd3da21d4c9cb095","flac",NULL
"6b35c344ac0ae36eff94ef126551c6a5f6a15b06","flac",NULL
"2d1def9cecd894497e88f0d868f7c979dcc51e0b","flac",NULL
"8a9dc6caa00c61a548dfbd3da64946852094d9a8","flac",NULL
"31e0c7e1b7d3ad32ed134667150fe6447bf83113","flac",NULL
"a80e5a26880623ed9b18a38fa9da366473668c89","flac",NULL
"6cf2be7327e0af28486a5d75ddcbab9eb6059663","flac",NULL
"f8644d6b85586d929b5e86dce60aa8a8b7df2ea3","flac",NULL
"04d2989fdb6a573d8d5a0879f4f58a8bc9dc69ba","flac",NULL
"dd6167bf0f7f287c6ae0857f24286fad7faa5018","flac",NULL
"67332d39dec8f20c5bd5c59f9f43cdfbb56602c0","flac",NULL
"29d5c0d6d38eb45e918ed05be044855ec24408d9","flac",NULL
"e8f17f553f6b2501f9db2d34167c2d588053eec6","flac",NULL
"45b4b188ae8ded646fa0a4f930ee7299aa048b55","flac",NULL
"836738920ea6058994c7ed3e1e5192354173c989","flac",NULL
"8a73792495573d50b77e845776ddae69fc447ad6","flac",NULL
"67651e415bd2db61320dd88fe80e6a1984fb7fc6","flac",NULL
"b670db9899142d6039238fb87438220d778c4046","flac",NULL
"cf15c527677736c11fe217810188c3e5e8c8dcab","flac",NULL
"6c868d4785cb60678ea7577662f4afa077af4050","flac",NULL
"589de542e4a46c359c1b919b965f9f0d87de75ab","flac",NULL
"000ee4318d47a79e1fdeea0c965f6dac77158c8a","flac",NULL
"1ce2e96b5a054b53066102576db120da848a25e7","flac",NULL
"5445c0befc9937b31eff6f6d33c4b0901dca0527","flac",NULL
"e38c12e300e1afd72b48272d687453f191fef1f1","flac",NULL
"17d019b71ceeec58a765d8a279073301a442cad9","flac",NULL
"f35effbdcad89d6a958a4024b4136fc08c37ef4c","flac",NULL
"63b938975b80f2deb889d6c9344003b95c046266","flac",NULL
"56002240f18f777551cacdac1c79a6917304c754","flac",NULL
"a01ee803a84363966c10aa61a5a4e16bf502461a","flac",NULL
"5855474b3e78349adcffca5eadb7657c629c1e72","flac",NULL
"c3b9591c60f2b4ff9fc55119b8fd08eca91239a3","flac",NULL
"095434878c6b09a9993bf064bd602fc18725d8ce","flac",NULL
"a49bb41ef84acff921de4e5e6296526017a9effa","flac",NULL
"9a2e30b50762c0910bd5c8f2666fe9474f2a8586","flac",NULL
"0da2effafd237c4f4ab5e5469030b51e4f5619c8","flac",NULL
"3d340cdb18eebdd0a5f0dc1440178075501255de","flac",NULL
"a67894f8155478433fc2ae48f914fe629638dadd","flac",NULL
"de14d9adffa240ddf8715a36950be230433464a1","flac",NULL
"cbe574e57e9b7ea99535da0dc424fe8bfe06de99","flac",NULL
"41a24083c844b102840ad9bee86e1acdbe7802fd","flac",NULL
"d1d81bb9445dd90d70ae307bc5fe3164d1cfc6d8","flac",NULL
"d813a69819bf2e9533d2dd7c2ace912cfc8be3bb","flac",NULL
"1b9b816efc22e04eb4abe5132a3285511fb8e793","flac",NULL
"53bc016f2c8b2f0d937ab84419fa98e4003de0bd","flac",NULL
"292095aaee7aaf7b96f9295b0c0d85698174f54c","flac",NULL
"79329e6166b10dcd1c1e9bcd7157ddff9b30bd25","flac",NULL
"29c697a0255bd920c97420b9350f339ae481c1ac","flac",NULL
"9faeaf2c51d0e2c89ac4f6d2053c48e57017120c","flac",NULL
"5395a29300b0233555a6fb60a30645a9423887fc","flac",NULL
"4b1ed507f497ae9011f55daeb8f8c7000158fb40","flac",NULL
"4431ce88549fce9031270a33c70e298b96612c77","flac",NULL
"dc761f1b270669cba46301b32e27ecad92595476","flac",NULL
"75f3bb62c25da9e48a32690d73f08d1c9b450087","flac",NULL
"617a8351c68fc5382e149b34019cb9a8eb66df3f","flac",NULL
"0c1b5238aa4f7db82662fa2d6cc8a8b96460261a","flac",NULL
"aa6f655e796454a8a3c4e0d2dffc4f23c076ceb3","flac",NULL
"cb5cef3e601797b7e6ee1bcf75963603f7a33f62","flac",NULL
"26107bc4e22abf822f169e39f1b6b169677ddaac","flac",NULL
"151b6dc06aa70bb1f5fd24d42473636cb88fcfa7","flac",NULL
"3e81021a0e6efdd78c61b39720812d863dd42794","flac",NULL
"5cb0a092e875730d899813be1d94b65a09a6cec8","flac",NULL
"38381c3d45503d9c669eb682cb88ddaf2665a09e","flac",NULL
"2ee3dac9845fb7ac5eb54496d5e82768d1084230","flac",NULL
"a15820670b11195410b80cc0393095865b394232","flac",NULL
"63c4717d0b36599e8002f41c91e6d314a3f1e243","flac",NULL
"b7aa85e53cd5c0db34f2416cbadeaed208cf6052","flac",NULL
"6b401448c17796ba1e4625ef8341ac27280065bc","flac",NULL
"a01ab70a97ad55c0b96757dcec8207fe2b4f6669","flac",NULL
"360d8cd59fb2a0349be1526805cc90c03209e53b","flac",NULL
"57ee0364bd3a79fa44f95708c5f97bdd77e26f0e","flac",NULL
"f6da113583954ae62b545c747cd50a01b2a7e631","flac",NULL
"b8b13c3d444cfd52e557dd74ef1ed36053642666","flac",NULL
"5f80fcddf64395585baab8f96e18fdbe16f38df3","flac",NULL
"e679f57cecc14d708e477511ee1974c2f4229977","flac",NULL
"8cae53a69bb3d3958c6d52443ffe98ac48947c52","flac",NULL
"25cfe9f081edf046b7091731f097b9b244c8ab11","flac",NULL
"5814022081d4ed79e120b9eda59651a731e6ccc7","flac",NULL
"562d8a93b5e53861966dd40ec263432112c08d66","flac",NULL
"95f2b8d9df359118cdb991babe499994aefc923c","flac",NULL
"314ad2c2781d3432614d8d72061ac3dff59474ac","flac",NULL
"37584c73ab458dfac07eb5ed7ef99b4b9bd7ff11","flac",NULL
"df15ce6fd7e1ac97a4052e471ded977d5657d724","flac",NULL
"3618a1023fbfedd9c6a91a5c8c8924718aff24f5","flac",NULL
"5724b109697e409413fdbb20d88008a25cb6d7d2","flac",NULL
"c0aaa27135b1fc1b9f24be7ee2120e6135a9c773","flac",NULL
"12c1e9035662defd0e1f8a4419a120dff05fe02d","flac",NULL
"1dbebdc28b29c7690df61192af58ee7368911bcc","flac",NULL
"4add472c8392f4ff43901ed268b08e57f180de8c","flac",NULL
"0b17e45530795735b72ba10e0e7f5a77c6a6a7c6","flac",NULL
"ece74c0cd7d9cd34ace90ad4a02ba78453d67ada","flac",NULL
"aac712d115c2b594c47de2ff3ac98147388ba29b","flac",NULL
"593b417dd09417709c993e8c8f3879a8a6f8233b","flac",NULL
"2941a55d6f269d9a1a19fc3628f9e6f823d72fc9","flac",NULL
"09901a1472dc94995080c47319231e534785f5c0","flac",NULL
"5f34699e179ef009ed7e001a5a895192cbfc2433","flac",NULL
"9d512bbbfa5d3cb2bf75e645eb1510a79c7a8855","flac",NULL
"0f03cca0ca126db6b401f73bdb707dbee78f96d7","flac",NULL
"069d76acdb62999d064b3ab799799bc6cb58d7d9","flac",NULL
"23bdddb736092350c874d1312e0975ae18dc39ed","flac",NULL
"37bbd78f86cf244adb6fb9a3d82ec238add37746","flac",NULL
"94e8568fee3d609ac579323b86a3786a7d897821","flac",NULL
"9352fcbf7ce4bcd4a2d3784fc5179a2d790679a2","flac",NULL
"bf61f877930e2990200288f3b8c0587e6ce81257","flac",NULL
"9cb556c9eee788439586dd94b82b188af3e0f72f","flac",NULL
"2d5f116de55fe6379b9e0763887665062b177681","flac",NULL
"6f08d7485075540f4f9c50f4191ed7774c6eec59","flac",NULL
"1a81cd9a10f0545a5534982f4110cbef1e497476","flac",NULL
"7d0d98ac41a3f5289a5e006eec8d1a3fa20693e3","flac",NULL
"b37fc42fa097b8e8fc0b45784c28f9e10151e682","flac",NULL
"c7bf147da4e6abccc6961c4329d1188786777cfc","flac",NULL
"a13809f9e77c7369ae2b6cf9a42948bf77e09373","flac",NULL
"6eba9894bccb710c1da72353c8c02d29397d5f37","flac",NULL
"ee339a912693e7986e4648693ae0366b22f78195","flac",NULL
"6789c74ece69d93c4467ab263343602483abc235","flac",NULL
"dadaa98f49a4684c356411709b7cdd24d9335a50","flac",NULL
"caa1c7badf518ab30cf9430d816830bd815d66ac","flac",NULL
"9c968fd5af348cb0ceb63a36a97fad1559e67cea","flac",NULL
"b3fe98f008e3980e728d570dcffc688959808f4b","flac",NULL
"42e39abdc436043ffe460762719efec8dfcfbc31","flac",NULL
"0d6eb3cec1350f90a098a6a0e5ec49bfcc06f17d","flac",NULL
"4b0a181b78504eefb4099043af8c5f50b6ef413d","flac",NULL
"f559b75e08cb3a27da6d722e1a27b1cfc530c92a","flac",NULL
"ff5a540ab0bad4fa51997fb3824775ebb90d42f0","flac",NULL
"c27fef9dd3e5a8580765d988a3226baebe6be65e","flac",NULL
"9ca3088b494570eec78b2914cc039b1f2bf69435","flac",NULL
"4288a0e9cf9380e0fe9aa75084ba93b1910efb8e","flac",NULL
"a8370c1817d0db14b1af9724e92132e4936b3e93","flac",NULL
"a8701c45dc64100bea6ba2f84319e51d1f147d5c","flac",NULL
"34c240f39bee365ad283e789733f33e778f4d9c7","flac",NULL
"98895178d159e479d3d80654adaf61ca013501e9","flac",NULL
"b31f191cf51d9662dade5903e14fc1c316b22ed5","flac",NULL
"973a6802695bd5c1107ddccadc9f9e4de2206de7","flac",NULL
"0786c992e605d4f415ff8adff5e9accc38e7847c","flac",NULL
"b2f4c288bc0ac70a236a347cb6ea558a6aa584c3","flac",NULL
"85f23432e6ad9b53895cc9ad4082ff1267da95db","flac",NULL
"9e78cdd92260c332baa428a1ec7d5a37631d8279","flac",NULL
"af4e9a971cf4635a965a4c9798354dc8d5629301","flac",NULL
"40ca59858e3bc9e4101b6830b3a1739dea83eaba","flac",NULL
"179671c66bea3a49a6429ec0710e83b7b327bd94","flac",NULL
"91c80071d2a1f1ccbb2c41c098b2c0a17c658c60","flac",NULL
"8f865ffec252af38bdaac350394683572f5113e1","flac",NULL
"f275349bcd7ae5d752cd74e897e84cba07a9d416","flac",NULL
"26d682daa1184c0190bd84989482375945084042","flac",NULL
"d2a1f4f2adf8703a3e8482b59950691ff0709064","flac",NULL
"e810d1e97ddf179916e7ce69486339d06b3eba5b","flac",NULL
"9052a474ed6c234499c709f4d9c6ab5480ca3e94","flac",NULL
"9e18ff5094f2a67784446b7400031974a51ec5b9","flac",NULL
"238eab82c8fc19b0da9c54b6d327fd18fe98a55a","flac",NULL
"f246353c14e17f825f4f5e57dcb60229a15088a4","flac",NULL
"3210b9cb5e72bd4167102bc98912d208161c160d","flac",NULL
"b2656c1abcc13fa39de2132929a46b246674b5a6","flac",NULL
"d78ad84cbdc4d8586d1a50498cc9867c39a1c6d4","flac",NULL
"3290c12138d372df58225a7c7d5bb01924f1aac0","flac",NULL
"7e79eac844276ae35dfb7af9cd18a79003a73296","flac",NULL
"6cdc5be61d0f15c1d512212e45829ed161322054","flac",NULL
"2dab74d25955c5fa25a1114ae96b3d51c29a99d8","flac",NULL
"b6626f53866919b1413d76d327dcea944f956699","flac",NULL
"24bd67bc84da1830b25d86ac7fd5efd980489997","flac",NULL
"47f2ba40255a3f00fe6e04b260140fa983678130","flac",NULL
"8f00764020f40782f744c9d9be2de8ece05ba9dc","flac",NULL
"00f57e2624c3eeb1a810ab510eb8d6f46d78be21","flac",NULL
"3b214bfc9481e9c7669ba1ed4ec5ef8a8771aaf1","flac",NULL
"21f4d024b1e1440ed81f8fac294bd4adc382cc00","flac",NULL
"6310a00ffc5374d2d7d06b2c3ea1c0f8dff7b2e1","flac",NULL
"31333cc413c465af2825f89b5106226a90b1dcff","flac",NULL
"7c56645b2f4676e198b9d99eecfeace1b583d390","flac",NULL
"024950b7bd88e46f3ddf0a49d07e11d9d8cdb3df","flac",NULL
"13407a9c0f40d72548e1ebe0572daa45951d29e1","flac",NULL
"27bc23e148495e9914c5260fa59e502c02b27477","flac",NULL
"54d559f722bac429c1b994e62e33c45d00401e02","flac",NULL
"7c67a1875f4d93435ee80a4c1e5d754886837a65","flac",NULL
"a1528787a39e70067525e6bcbc3e7aff0b876478","flac",NULL
"889971094e815bdd07e72bef441125ca3e420777","flac",NULL
"27a6fd55d6ef83badb9988565578d5602540bba7","flac",NULL
"5ea97a55542987ce24a551e2255e048f0ea34dc8","flac",NULL
"778083478ca60e9716fe292c8fea537fab80bae7","flac",NULL
"10f9337e482a1f156296bc4cabbf316681211822","flac",NULL
"caba01c6529b3b3bd71d81362b1bb583fce9955b","flac",NULL
"ffe40d34214fea547cefa7879cb7d4b509010178","flac",NULL
"c3a0a52de8e5095da7087e952c9aa586e81aea63","flac",NULL
"04d4ad7139bb5df2aa5e11324c13baabc1f98aa7","flac",NULL
"325bff3fa39637a984a3d0d4c9196d006eff8de8","flac",NULL
"a34281a10898b0bfa06c9579c7a37bb81bd5608e","flac",NULL
"fab50c707c1d7e4b24c8545e666ca77f13cee163","flac",NULL
"a4acc2ac87b4888403e18cb1092207cb4c3bfb37","flac",NULL
"b00a72c098fa1c403d0848e5fc308c12fb3c1caa","flac",NULL
"328cf086eebe5c336e94462849f6b143de924ed7","flac",NULL
"0841a5405892a4400220258b0c5df1f25bd63fe3","flac",NULL
"a179afc92fdb9104f2e39e5e3bace46bafa1a683","flac",NULL
"e7a28d40b4d28153140c20465571488a303953e4","flac",NULL
"0330a6f0307b46a6b105d2a2f80ae33b5eedd912","flac",NULL
"95f8917bb43c884f35605ad80514c2c8736e7108","flac",NULL
"ae292b1a5b2438537395c93692dd7eb3ad2635a3","flac",NULL
"ec1273e8fad3283c435c4fba0b3e96436147856e","flac",NULL
"b807dfaf96153b504fe61bc04898730bc17790f0","flac",NULL
"c01f2791e9a3c9d16aa029a0f51f005eb4bc47ba","flac",NULL
"e3f18bc015a83055ed07583a12625bbc16d9e093","flac",NULL
"0ed529090567f59d13d7ec1ecfcfee3fb449b367","flac",NULL
"41db3009ba7af4380e332693f7159707a155f9fa","flac",NULL
"810cb2c19536bb34358ff9e9a35c0796a7a9a8ed","flac",NULL
"e8c24f0fa5a341a6f311b47843270f33a0b49dc8","flac",NULL
"31e154996929ee334923e1504a47a558ac5dec72","flac",NULL
"e1f2f18363226a29bc44f6dd0ed97a39b96d9587","flac",NULL
"fdacddcda660c75bdfb9d308cc65de075ed70851","flac",NULL
"ff39e9d5872a4f91a86ae2ce6a125c8e3131240b","flac",NULL
"6f78851d2ce20c1c8eed900d2f552b8a6cd88d7c","flac",NULL
"dd64ad450db118cb3fca0832eb90e27cce54a1dd","flac",NULL
"1a74e84f5eb4457372efcec793b3646b12cb32bd","flac",NULL
"101be1afd7c6a20555d0c3978399fcb174e4af43","flac",NULL
"92f5479ae8097a8df2ecef09183caa23ec0f9582","flac",NULL
"6d0bf5a250e844e1d982eb265521a93417cf8983","flac",NULL
"bd0235284590928d092c9230d0dbdc5c5b3f113e","flac",NULL
"690f266ff6ca7887c6d356283d669fc0e9365424","flac",NULL
"8bf9e14ab2ca4a0ff6e4889bcf5e9d99496d4179","flac",NULL
"190cff4ff5f7ea8af308d68a0798466b7cfe3672","flac",NULL
"5799f054b6c4038367c729710d2775ed921ae299","flac",NULL
"fc4b73c285a8cf6de000d5692c2d76f16e026c52","flac",NULL
"e2aaf8c6a1adac2926e204915b9d932fd4ca7a01","flac",NULL
"11491f74dd33e795cc78042eb482651824725669","flac",NULL
"bdcb2d638f55a17db8aba8755cd57dafebf1d6e7","flac",NULL
"8ebc95b8518636bb0217702cf343b19b2bce5b27","flac",NULL
"3bad89391f23522a6ed38ca20700c1806afd7486","flac",NULL
"a3b8346e0de37ddaaf70aa8e39a03a11be470496","flac",NULL
"4fbfe99eb558b45d0ddfc417fd82cd0e38a74e1a","flac",NULL
"79a8b333740febc0e9a6dffe2ccaf9470eb36e56","flac",NULL
"8274ce2c846fca55789a8cb38d329177a2effbcc","flac",NULL
"ad22d5fd30cfd9ce622473b1b853f7b43009c7ee","flac",NULL
"5dd94ba7c985590a6e4a57bc27ee000c2240b060","flac",NULL
"99cd9e3e8ccb0066e065a6ea091809d8818dd8a3","flac",NULL
"fb86dc68c3482f4748cbd991bbc07f44ac541454","flac",NULL
"25255d523f2824e526b8e6b39e177f940f6acf9d","flac",NULL
"3679a5b45c610a924e212b6c4fc80bc3e84f1fea","flac",NULL
"702b8d04c80416e21e20bb30a3732b61da660f2b","flac",NULL
"448a66800a70988942011f2cb337a6a884ae853e","flac",NULL
"f3df3289f91db17515f4e2a16cd0a37c40a3e423","flac",NULL
"767859b97ae67b96b783010dc431ef4c04aac401","flac",NULL
"1398269bc47ba189a7bb36cfe9f8b2f9d7453cef","flac",NULL
"a071ea88854624f35856283b9e8b25acbf3cb1f7","flac",NULL
"ee3a76f53d84238eae895402bb440dee2a89e77f","flac",NULL
"a28edfdc8b142890bef6592868151b333bb42bf4","flac",NULL
"960000010687acc826a38a31d14b7034b662bcf2","flac",NULL
"666976bc163ccc8da5299a5addc631ed13ae4c28","flac",NULL
"a620929ed8f81eb9faf41f91500d2a6266896a2c","flac",NULL
"72208ee7d8fa1c4bd23090a7004347f938a27cde","flac",NULL
"9e88eba5304d8df2e250237626f85b5e77dfc023","flac",NULL
"422542d5abc841b546f97b4c3e8e876a44bcff42","flac",NULL
"cacbff0d3b862514a5d835e092a1d478e93031f0","flac",NULL
"de4b2cb12864bc886260bf8a1aab43b1a46489da","flac",NULL
"4fc2a54818217332a19e77da8aa7d73f7ef373a7","flac",NULL
"6b5f11d230973f3eff0dd562cfaa30a07b2a0524","flac",NULL
"e5283fab6fe0dc26b10fc1a4f2e6f842a3b78788","flac",NULL
"27b3554a1a96ea7fd82e8c605956c8db3d8742e2","flac",NULL
"646753277d7ae572196a339f7b8e1580e7516875","flac",NULL
"3ab146f29bdcd12dc0a2aef68273104b9dcf593c","flac",NULL
"d2485c8dbbc51e799f1ae2443c228e905afbcd77","flac",NULL
"13a3f4d88b130e7e877649021f3d217b13fe96f8","flac",NULL
"9d9514c0c017462e95ce176528a5752e641325a1","flac",NULL
"9497cf74b383dbf36ee41ed9fde1effbe894a4ab","flac",NULL
"5febb65f967ee3ce7ded86bbfcd658f479673c25","flac",NULL
"baf8df31915cb1cae7c2262213f41de53e05e6b9","flac",NULL
"841fc704ec59d3edfb457252197b0803e27a9eea","flac",NULL
"36bdc218263202d518ff5186b6617a67c00b35a3","flac",NULL
"2d9c7f15679913fc21d76c2f486cea7afa327851","flac",NULL
"82b2c4cba0e9fd66a246271609ab679d871a57b4","flac",NULL
"95b2e36fa078bb5a02b8c5afc9539c77f16efcdb","flac",NULL
"5c153a25fe45883744d3c9037c04d83510989ab4","flac",NULL
"5eea59c9b0b3390d979cec6622545c08f1e57d86","flac",NULL
"bc9116fb405b88fbbbf45d4623077d29acc4d40f","flac",NULL
"38cc44b3ad8665571509529e87d2541b749d484b","flac",NULL
"ab4d536ecf970fad61932d986f1faaffd224e0ab","flac",NULL
"cfec44cf937a41320a07eb95600221d342199141","flac",NULL
"096f592d259bf27e01cf87dfcff5ef8223d97017","flac",NULL
"462f940bda9e46d859f8aa66cc0fdc7c397c3832","flac",NULL
"4cc40934ccc7d11a2bc01f3aca40d1be649d39ec","flac",NULL
"97aec1fb920e9e594fbb62ef439176f6ab831c37","flac",NULL
"6d71961fea73fcbcf79a97544dc66837f9014f42","flac",NULL
"288c292373f5f099db170cf7e507adc9ca2d9211","flac",NULL
"3bb145ad2608372f444f4ce76394fd5fe15b266d","flac",NULL
"cb16dc12fc8b823c48a6e2e12da79533c21e9362","flac",NULL
"014ab3edf18ec6b4a4b65b4e5b942c21c61e1351","flac",NULL
"cf35730701691c2e09dafbbd35c725f167b69f45","flac",NULL
"c9557d771bcb54e3ae9fbcfa321c5c5a9f92fbcd","flac",NULL
"51c790f20bad6a86ee97e54909aba6d763b16cbe","flac",NULL
"11932749d892b46874d2334ec8ffd4481ba4c4b4","flac",NULL
"622fdcdf621d74a8854e1904c64fd6ea71f115dd","flac",NULL
"213d10b1c68d7a35fd9c675610ddf1c07202643d","flac",NULL
"9a447ac40f0260ab07d3c9ea2b9782c7158fa65c","flac",NULL
"55013e719ecfe234f8fbb80974d51ac730e7cca5","flac",NULL
"3ba8bb671b9ca2c1a4395b864bc949a9a6967035","flac",NULL
"eea31be36c5f5dce22addefae8c480f101986fcc","flac",NULL
"3ef524b572547c73286bb12a22621814db26b3f0","flac",NULL
"c590f4efb5a99810b1ce3bdb871d4d69053d3a1d","flac",NULL
"c4e5378881cc4b79852fd93bc72f15e7720b7f87","flac",NULL
"f707b6bbe6c0b7f926057467134145457d140eeb","flac",NULL
"70946d09a231cefa913cde5bb5795e989a6f7c87","flac",NULL
"e79ff83e16c9cd9a433f40108797c50e5be9a0bf","flac",NULL
"a15187fa581ff675e5555f60d3ece27518cb07bc","flac",NULL
"c1bcde2fadafaac3af23fd81bf212b48ab603ad5","flac",NULL
"0226bb8d118ecba535a6caa1144856ec48044b77","flac",NULL
"e5bb4eff82dc7f1ae1b235295850b5e2d1c7bdb8","flac",NULL
"71d1ab3e22fbd95fa7971c9ae48c03d81bcdc6f1","flac",NULL
"5f1f27edc42e9fe1c9d609f170b0379ee621a259","flac",NULL
"15b5c912ede860b4f0ecb7c9ee615108b04208cb","flac",NULL
"55095b8118e2aeab0c67f62053ce4c58a3277b45","flac",NULL
"83fd895673a6f8bb85979eb774533ebca141d5ca","flac",NULL
"0e11407017257f2bfa09fa0e849d7263ff45f027","flac",NULL
"d74a4ca928ac204bbb7053fb72c916979d8e5764","flac",NULL
"148d9fdb7d24d75e28fc79490c3416933b8c7f89","flac",NULL
"64236bdeca6e72611a66ca862fb7983de78f7038","flac",NULL
"4b576890eac4e14555e7abc6931d3cb69e4f5f5c","flac",NULL
"7dc4409151ddce911350845b18298df30e00cf4b","flac",NULL
"5cd002c557daccc934b166c5599f7156f881a854","flac",NULL
"21b193307efea9d9945484bf409c42b66ef7d85a","flac",NULL
"22c5e750a11b4f0d653dfe1ac30a952e4617fd22","flac",NULL
"cc8985000427a93ca58bc08a0c05d3177eb8a705","flac",NULL
"dc025b64e899672461684c9c72987e8dc518390f","flac",NULL
"a05e7a09b2ab9cbfa98db1be81aff831ddad3402","flac",NULL
"d7dd51f3d81c7411937ca138d39760062c4aa615","flac",NULL
"353b8f26624912b2992574d4ecf4ca694d4dc77c","flac",NULL
"c201d7d50b136d8fde2ecad330c489d6a2d24029","flac",NULL
"78c9b42c9e66720f954ec999f71c5c0d8e1ed16f","flac",NULL
"f42eec0da2a8d00223143cd55565e4bbc424a74b","flac",NULL
"a660f73d918abcf4f35c2a722d33bf4f655df6af","flac",NULL
"31151c94bacdf87f6c2cdb203d23de25341243ee","flac",NULL
"398eacc9dcecee1de1d5e63f90ffa33b1b97f4d9","flac",NULL
"f2b905aac08b000b77e10feb557ed2ef028669bd","flac",NULL
"4f1615224ddaef16bb340c80c5d5befdea9ae30b","flac",NULL
"cb998380e5ae403af45de9d728708e40e88086cc","flac",NULL
"d33b44fdc4bce4478d255fb23a1836a895b0b92d","flac",NULL
"fe7a8c76a7db9bce8c2aa35d8ec05299bc9b57db","flac",NULL
"b50263f88f3148758535e24297f61b801be5fbc6","flac",NULL
"de659677cd05dcac24d809547968ff59bda48a44","flac",NULL
"524532e123dd8f4c9501473c842f6aa00d76d4ec","flac",NULL
"3e99228c2255c2bb4596ee17d4e4d231fb252475","flac",NULL
"349e91fa3003413aa1f441ce4099d49ef92048db","flac",NULL
"4169467e71b95aa7aa14016c5f74ca96e03f87e0","flac",NULL
"c2ef1d73b749779a274e91b72d318c22e78ee826","flac",NULL
"caa0dda7d4bd3923091c7b1b7e6eca89cb833b45","flac",NULL
"57ca990ad64f2d90465c49bae776b7d492bd18bd","flac",NULL
"26e99d92bae4b827e56d0df1b242ad2337fca1aa","flac",NULL
"dcb2f09b65ca73bbe60c0c4fecd1fa36b2696e09","flac",NULL
"49f4578789f0d8e608b6780eafa4318b711c8f79","flac",NULL
"60831c6e8f91bef0ac0f83c280052d9b7dcea601","flac",NULL
"282d5e7eea888de835fa401446db89db7262545b","flac",NULL
"6cfef36a5b97e7ed7615a56e233e4810760e7c1b","flac",NULL
"b836ee1ef92bd4e0bfee5a73e77b21efa1fff120","flac",NULL
"997a5f8d408a2df989bf8e7b02b3de09cb2255cb","flac",NULL
"f1834a4442ae02e08ee03630ffc730ddd987beab","flac",NULL
"371d10dc76f1eb9850472696d10e3aa3366bfef8","flac",NULL
"c6f5259ce72fe6cc3793c3ecf84c5e83d492371c","flac",NULL
"e2f113196fc43f6e0166c888751241b19ae0c23b","flac",NULL
"78c21148d3e1dc95797e945f3fc0b7b9b6e6f5ca","flac",NULL
"00f7a4c0c0b7f7f0c21f6b1ee83a5fe09b31fd80","flac",NULL
"52d96535c570e42cdff6c3e452ab7d369fb53d94","flac",NULL
"66365134efe65c93a9d63887bdd54fdb3eb1bc41","flac",NULL
"e2d9cedcd77e75a2fa2680089e08034d9281e0ea","flac",NULL
"6a8ba716caf237fa0937621d2ac5983d72b37a0c","flac",NULL
"75180b97f6eb9bc2be2ab37dd133fc5d1b1c11a7","flac",NULL
"a3e0bc2fa1fbad5a74c5a3d34fe96a5e26e49423","flac",NULL
"1ccf45aea607708462be95adec7f2a4ff6e3a36a","flac",NULL
"f3a94181486a45acc9f9f8fdcdce9f710f0638aa","flac",NULL
"873da3a70250924f21d8a2cc536253660f0795b8","flac",NULL
"d2fbb2703c47a94ced474d486442c44649af736c","flac",NULL
"781347c45e5190bd0c9a9b3ef9aef4a2ae8e125f","flac",NULL
"62caaf6d6ec5e29d93ce7447e3310d31b5a81bf0","flac",NULL
"f2c6b8c59acba3eab0fb64a76ba6ce4544fa5b0b","flac",NULL
"2c6e2f2fc63446adfe3b5c3f23ca6024cf7b1692","flac",NULL
"650f2974bb9338533b1f89cde2a067e039bf49d0","flac",NULL
"1601b7ebab0e4e5ddba3c21670ac0023d24b576b","flac",NULL
"56fd1a6d5dad492f2bc44a09f4a5fe07c96f3a48","flac",NULL
"4601aaa4abeb9cc6ac439a4adb542a54377e4093","flac",NULL
"a70c13c55c4bbc5f13a5094567b36941eb522993","flac",NULL
"0b794d45c43cfdaae08bdcb31e26a94e141c31b7","flac",NULL
"2de567f368dd46b6a728097d76180eaba928a3c9","flac",NULL
"bf2d37082bd3a3d02658ad5d77e88e5c9f891661","flac",NULL
"f3de453db08b3c5f55b9f94e2d194a85bf7d5761","flac",NULL
"be8036561ae928d645edeefcaac3fef1120999bc","flac",NULL
"524d33e5656840aa82e6c1335e6c4e05d8b6bbf0","flac",NULL
"52029d7281f7f29e882735629cc1ffd09f9bede3","flac",NULL
"16f3cf5bb3218a03ff2a2b4275750e50822699af","flac",NULL
"480062fedc253d7e895ac9d13550a68a8cae0008","flac",NULL
"5777db2e9feb447f356a8893a2778c4be41bba8f","flac",NULL
"77c3e6489cf2cd7be36e872d9e0a03d6dba37005","flac",NULL
"ea8e8d00bd9c56b9814bcca4e3485059ceca4810","flac",NULL
"17c7322553bf0568e694503cfcbbe994574b44a7","flac",NULL
"d645a23cfe7855bf09898dac121b18dd0597c6b9","flac",NULL
"9556a8d5e07f9fab03f4a362edfce3b1fb083b50","flac",NULL
"1a20e30a811e678a148dc51ca3455dd8494f86b1","flac",NULL
"455e0d61f66e9035ccd5cb16d395306214f2e23b","flac",NULL
"e9ee78ded45d0a33106f45e973854e1f02ddc5a1","flac",NULL
"afcda6359b2cecafebb431bbe8adbe467ffe4067","flac",NULL
"93f7b521af961f27577ba7e06f89382d7f7579ba","flac",NULL
"6a774910fa66ecf72a2bf8db7989d1949de0821f","flac",NULL
"089c7214cd95f99c49cac7458293587b6bb9586f","flac",NULL
"074c010918cc25c05b2601021faedf3998c76a3e","flac",NULL
"3968d8ad10173695cd5a5d09048f06b1a634444e","flac",NULL
"6dd7f2dbb1e28375fda89a87a621843a22d86cf9","flac",NULL
"e87ee984bd975fd70b70a0cb08aadf74ca510c5f","flac",NULL
"aa73d31469d7cd33a11466c173ca14661275c9d0","flac",NULL
"696152192951f4ec83d6808dc328f850e480ae1c","flac",NULL
"278265551d79ffc07c8e5bcad9b00ccd71725415","flac",NULL
"df97ee806984f1d012344cba165affe223faba11","flac",NULL
"5537c40711c2c12f5120e01251f750cc400890c0","flac",NULL
"df239956470cfa871bfab88ba9c57f7c1970da64","flac",NULL
"067aaf11fbe8eb84d2ee61ea230b2cd7869bb0ab","flac",NULL
"389c33cc7f712d287460726b6285772545ed9a7e","flac",NULL
"c1fd9b3cd9ced8f1eebaf71f74182892f32a89cd","flac",NULL
"c2d0c3b3c027bccdba457f6c78d97688a5d2147a","flac",NULL
"b4b6a4d92766920e05165e759ccb2d00d7df17af","flac",NULL
"17a5162d5ee4ed7e92cbb35eeed25ceadcb79d9b","flac",NULL
"908abd48ca8b824d794ba8c0f7963b749fe6f554","flac",NULL
"340030a72d974574ccfd648197a9f297e64b19e0","flac",NULL
"344568ff4e990a6b1f98f3cfcbc1589b7ba3a8ae","flac",NULL
"7b2447094dc425e8c5994ec61a16dd619205a758","flac",NULL
"658e06e3bfffdd4d318c740f4ca8ea7b076f6215","flac",NULL
"7c83961532584664764c191f3f29aac38bc4b6b7","flac",NULL
"b448590369dec860ee6a658331436be58111cc84","flac",NULL
"04468dfbec895dc1a0a011c5c25fe9e21e455c93","flac",NULL
"38ec7633f22c74bec7444e3557ef4d6258ad5597","flac",NULL
"a21f9a5c6e3c7f2fdb47bb667399ce56a803402a","flac",NULL
"988f51cf43b5aad2f515ca9b7c418eeab439059c","flac",NULL
"17e02e38698b5a69a816a572e47cb18dd62ca6cc","flac",NULL
"ca08acd523a610b658d45431f547270858c2c0af","flac",NULL
"56b0ec5313a7a3743b9049a06e639dc8cd9e79d5","flac",NULL
"4bc422159432b65bfd6283877379cc1ed32f14ee","flac",NULL
"c9fdb437d1e5fda0eaec14066c90601db50aad9c","flac",NULL
"cab978800b966041f68ee3519fb2fb67fb2c2363","flac",NULL
"0964b8dc5a85252b129dfe4c1d1df049de44de20","flac",NULL
"f918188145b9c2ab511ea2a4037b1e53e1084cce","flac",NULL
"46eb4ae34a8293416556e128957f758e4b050eee","flac",NULL
"f3bb4524cb79e147f0466c79bcc3b41f70a4d2c0","flac",NULL
"a7b553597387d19a687fbdac8d3acdae9e6eab73","flac",NULL
"6f987651cb47a9f5b91f42cff7be8dabad18f79b","flac",NULL
"df15058996bd8fa3d3a70b1c6ee33ca01af74ce1","flac",NULL
"2feb62f66b74d879535c75b4fcc8f79bfcc421cd","flac",NULL
"897c72867c6c70db95c2f2a04bbdff1f82589d0c","flac",NULL
"be7ee87a17b27354a6e84126449098e93bb06062","flac",NULL
"3ddb1cd56a5e9627579fbe8600414722747b4830","flac",NULL
"69e5de039be4da4298fb1c50bef83a92d36a7ec2","flac",NULL
"16445460561818ad864b2f06c69bc31328a17d8c","flac",NULL
"ab00602d386b34c110fe39e27f2a850500d4c959","flac",NULL
"d0f4d1018ec2d50cb2800d79df5323342ff6d4a1","flac",NULL
"a424f0f113f1d6697fb87db046678325efae7657","flac",NULL
"d03ccc1f00cd94dd824445a403ddd5147460485a","flac",NULL
"3bc886f01ef5da10564d9f7d35ecd82153decdba","flac",NULL
"af98fa998a6573dd371160dbe666ebb69336173d","flac",NULL
"d9c4ef05b5d933034caeae10cbfe9386893d0940","flac",NULL
"03de56f8030c56ac7f19aec5f3e81d8aa1e497e9","flac",NULL
"fd1fcf3032d799eb729a33e9d27ddd2c614fc39d","flac",NULL
"0485027d13408cc1689fbb3e5467b2e0e3c01077","flac",NULL
"fddaccc420e56b7daa806f9f425a8ec864e52da7","flac",NULL
"35234347e2ce8dabebfd5e8b42f68b44f34128c4","flac",NULL
"69221496951b46321d4dea465d0f470a655596eb","flac",NULL
"2bc2ba22fb29cc4ab477abe6003207e4786b6e94","flac",NULL
"d9bce067b8f3dfae93944e12558cb45a0a5e63ae","flac",NULL
"e6ed6e6566ec36f41df832dd7180b01511f94449","flac",NULL
"c6fc257bff5583f419ca0f48cbef29a20033635b","flac",NULL
"a6cd5b53b0657b3840cd10281b5ec610d437c77e","flac",NULL
"68d2b86d61a5d237f13decc165358aaf64b3f127","flac",NULL
"a36ccae668784e29eb5cc41be863c99f3be68e48","flac",NULL
"030ad19fdc18702c820e8d5101a8f0a3b44d7d11","flac",NULL
"bab31f76853ef1bef58c853423f5695ff1c86b94","flac",NULL
"b5fb4da501ede951d40aef5d386f9f9ee01f871c","flac",NULL
"f13ccb1f0b84359f8e28d57a6a8c8c92e9979b73","flac",NULL
"c7d3b7fc3f1eb02e454637f55edf92b91ecf06f1","flac",NULL
"5c063bd9720f0958c8dbb282851e824efe51f341","flac",NULL
"f826c74cb036f9f2d0065f9ee6a4c65bf1c090b0","flac",NULL
"afc7604e1bbc8d371ca2623245a8beb60f516c95","flac",NULL
"5bc543521b9454849b5f55171f6cdd59b227149c","flac",NULL
"c9dda580de2832f637e26fbc9e5c1112b148e5dd","flac",NULL
"3c5dcea2fb4be1811a0c3cbbc4c92af972a067fd","flac",NULL
"faf51aa046fd563e549361179f1f8a2926eb2ab1","flac",NULL
"4ac0fc4fb315365101709d078b9acc0b70d58ad6","flac",NULL
"ba4e49b9ab052214549de93d9dfc8dc1b355df27","flac",NULL
"a3084c9a7c931473cc67f57cdb6d535c25a6eda9","flac",NULL
"6e937889086c178d33e45b7ac3a98d69125668df","flac",NULL
"5056a7ddf18f20de46296e4d48937372a363f13a","flac",NULL
"11e5ac0e64f9c9364584fcb70b4197445c7bd23f","flac",NULL
"35e47cc848570e2257abbf4dcfdddd09c10daea0","flac",NULL
"e8f295c0affeea2fe5aa6924df97b53b00c37013","flac",NULL
"1b5a36bb09ac1e9f178f4bb482797e3fe7cdb291","flac",NULL
"a72700705dfadc51a399cbc07cd51ab187bd3d52","flac",NULL
"001b6e20aebbc01e9369ae83c27017070cdf3c6e","flac",NULL
"d978609d61472dd420b787a5ad12373523d3634e","flac",NULL
"d8083511f1dc36a7bd31ee9b5eb06cb56cbb1d1c","flac",NULL
"cc59da8c1e8aa8db3ae504d0e597744b78af9c83","flac",NULL
"aebecad7f213d20e0b11b4b3bbd6eac164f907b9","flac",NULL
"640bfce5aa1cdd925755b2955f752f2bdefca767","flac",NULL
"95695243c8f60dc641936d576a0358b4edd15cbd","flac",NULL
"d210943cc384303278dd4c09fdc6d88ccb72ef2a","flac",NULL
"cebceae624b11545908191af3dafd4ac53d1a423","flac",NULL
"aff57cdb8b6842f8d45ac0ea17005d65be3a5883","flac",NULL
"992f71122a61f06b844fee56ed4b19b42ec1d338","flac",NULL
"bc603b2908920bde99ad750c2a264302bcd8f266","flac",NULL
"6ec7d71e5bef18f46f94084217e50207cc496170","flac",NULL
"976a19a0ace091007ffeb783f62b3560fd8b168c","flac",NULL
"0f355cb67f482e2f5e1aa1d17146eeff3632f844","flac",NULL
"ce0cff619d32962bf70f6a566a90c1fd375e496d","flac",NULL
"dc19a8210f2e84c75b85d00abdb6c2552f7fb2bb","flac",NULL
"4ab5ab4c93e9bddfdb6b235569f35ac808ee5128","flac",NULL
"8e24d45bad05109d635677c4cceca038fc4cd9b5","flac",NULL
"14b38c7f45f88ea611dd73c53a0055f9e68f384a","flac",NULL
"b16bce6f9088dbdca202388090dab3bd598a14d1","flac",NULL
"e33ed646413287c749775a9d899440ea430c0af9","flac",NULL
"f8baa79a1112cde0e005b4db702e75d8fe8db33f","flac",NULL
"9f0e32210d21ce3ae31ee8f4d1be42c607763ebd","flac",NULL
"e654c02cecea2799d01a7c3d0837337a6b35143b","flac",NULL
"9a7744519cb548a35805d36d2148116f31620836","flac",NULL
"3706847c77c9a3a91cb56afdafd04c4ae2e8e6e9","flac",NULL
"136ed02ee75dd32f07479db13c3a690f737527a4","flac",NULL
"823f0c519445e4bcba330b0b26351c215c2896b8","flac",NULL
"f2a43d892ed4905a7c5cf1a3a4a27fdaf267784a","flac",NULL
"f6e57807a94bbd4b1dd24393c0f1dd3154c49d9d","flac",NULL
"a3016a779961b2b209ac62c1b7fe9f469c26ebbe","flac",NULL
"cb970791abff0a838cbf22f3e639b819c0f5f01a","flac",NULL
"7e59ef120d98a8ec5d4b05e784fa6f168bc624c9","flac",NULL
"53e83c3026110c541b7c9ba219e9cdf3ee9ed27e","flac",NULL
"b13230d3364a1a25c971ffb881c9b5cf34d78b93","flac",NULL
"c942209da38b8a00d14647cf44d3c23960e650d5","flac",NULL
"1243d32635cb63e91e6c2dbe70e1a15457a055c5","flac",NULL
"b3816271a63e0c55597db23b19a0dd2aeae2515e","flac",NULL
"23130d9eae6457bf5d64b132d8adac9aba528725","flac",NULL
"9cdb0fab2ac2747705f76bae93eee50bfb44d5fe","flac",NULL
"5895b58aac6adfdac670c732fa240a9842d6ea02","flac",NULL
"64b201de998d2394029410267b34bf39e9c7cd8d","flac",NULL
"28d76d25a6c0cdba3b8abc5bb2995fbe452a9b4d","flac",NULL
"786fe1e6070f04922bbbf11ccf712dd8303ea575","flac",NULL
"45fce86ebfc2745d7e25d35d934871aaa2b5f66b","flac",NULL
"c9a6e2b236dd38e41d9418a584ff171743c91ee3","flac",NULL
"97327054d3812c1c319ccc454ae63977ba1c85c9","flac",NULL
"a7ef80e95e58ab4753ec64544ebfec0e95792f72","flac",NULL
"57add46f92cf6325d68a62ae9576761826a6efe1","flac",NULL
"d2c746feede6611a9768576ab3597b8eed72ca93","flac",NULL
"265df3646c7548b68e26454ef3a783d2b0307711","flac",NULL
"1a6f64a37a69e1ed52d0087fb21bccd5e93f286d","flac",NULL
"fc5bae8c0507836a9506ce823ed37a2b2581f9d6","flac",NULL
"7c5cf8effb0becddb0727a31d0fdb72fbf22caa3","flac",NULL
"f3e7661174302b94da34a1ebef3d34dcffb2e898","flac",NULL
"af238151318fff4a1873565066a8b39320aae8a9","flac",NULL
"82018cf53cf3d46821a3c9ebcf256385b1f68516","flac",NULL
"05ff38a07f5c6aa397b4607f8067427f4458c373","flac",NULL
"66423b3446ffef889faebd98dfe79b5abd669a3e","flac",NULL
"3f13491cf7caa33a8eb41f6fe376d82104006101","flac",NULL
"bb31cf491dcfb8a96ee7a544f4f830d2bda3d3dd","flac",NULL
"9fe78da7620cd5291f2d100a1f5e07a12b059149","flac",NULL
"5da0f5192787f276dd0060e196c00fbaaed4cfc5","flac",NULL
"072358012644eaf15ddcd224b4615714455039c5","flac",NULL
"88251b80a1f71e20a80e8ddb43df9823d35b1272","flac",NULL
"ae144242a5859c95d2926e04a522294d3b7c5e1e","flac",NULL
"dc8e926a3512b0f1010668790a0931b3fa88ed26","flac",NULL
"7077ff1e711214f4056f1a901fddb017f2b41454","flac",NULL
"4576e740e56466a2de45f267f5f48ddbb0f67a9d","flac",NULL
"a5398f0a14a77c5f06510a1122c1691863767553","flac",NULL
"56495e43709cb798987c07e402fce69b37f256c9","flac",NULL
"32bf16de16ba0ddc40ae4be319ce6a027addf703","flac",NULL
"15a85813ac70f1e51170ac1bd1a54aec087bde15","flac",NULL
"196a7a9743ef71f38aaa8ac182f647f365c28ce7","flac",NULL
"48b7504b4dc07f084f8cca8998808e3812632af9","flac",NULL
"06d999a6e72a27cdece935970df7bd30846c7c54","flac",NULL
"4dc22d9fa86fa0d4725832eb1c512a35da43d5f5","flac",NULL
"0ecba87b47f2e9752bd45c0b52bd029c60d59dfd","flac",NULL
"368298865b3067d841e39a445c13adb65213a198","flac",NULL
"d52bafbebc93cf24ac3e053c7a17333ec74bdf59","flac",NULL
"ab1e0c4c9038e216cee3f5f32ac2e83cc3552fb8","flac",NULL
"f94a6a7bfcbb8199c1686a6758929ff7dac20660","flac",NULL
"56eb1d09d9dfbd48f77423d9921a9ef3e4630433","flac",NULL
"24342333576f4d74c03e1b6e62ddec5a344bf31e","flac",NULL
"d851b184d0d85dcc7cf3f33a2ac97764a930716c","flac",NULL
"1dc4960f13092191e628b530db86af34f8906b95","flac",NULL
"42fbbf84a686b3f9e5d942ec5bf3238015e20e37","flac",NULL
"8b63bee3255a74a8b4c300759fbcf640b80a69ec","flac",NULL
"5cd605176a59b8f8634eec557de8752b813ae11a","flac",NULL
"806332326a530c728a32cedd63c86eeba78d9e48","flac",NULL
"324633bc48199bbb8822fbcb31acefe9d23064ee","flac",NULL
"8eb4170fcfcf4c8e873d796f541af4ac60fbc99d","flac",NULL
"daf2603bdc2e1d8d6eaeec3d240234ddf9686962","flac",NULL
"e7e323c9800056ac2fd0bd378ba9e84ca36026bc","flac",NULL
"a356eec0677cfef6ae03c4033f89eaf437115ba2","flac",NULL
"00a6c6b5f9fd3e1a67b4a84612c6acfe90bf7fc4","flac",NULL
"95b33f550ff8f490b10f0d62481a37c13e5a9610","flac",NULL
"5715b16248207efe6e87f55175965017c3540ff7","flac",NULL
"516aabb8c994463838b95069de1420d54eda79b2","flac",NULL
"73f34bb1faa17e16f0efb9562d0cce841cb488bc","flac",NULL
"5ebc8507b409ec4e9fc7e132f4ed929dc0890b9e","flac",NULL
"1942a5bb153d218506cac4d53c5e063933b3170c","flac",NULL
"4d15fa1eed6e7762df51d5f359f3a7619db60128","flac",NULL
"e99c724af3b9e89be993a11dc761e6e96ceddcb3","flac",NULL
"c5359e4c72b3dc73862e895a78cbea2702b8f60c","flac",NULL
"e0c55e5ab255e86bbc1fbc99e1087c451eeb1116","flac",NULL
"82ada6ef843b1f3bf7d470aab18330daab9c2122","flac",NULL
"f0a0511e4c57ba4f53dd54ec97848bd92227fce8","flac",NULL
"cc5e93da6372b52e9734083a74595dc73c1db3ab","flac",NULL
"82aa9f38b7b1f9d4e75f0defe3aaa9313d62a4d4","flac",NULL
"a72880ddeb726009a0d87845862c3837de7a53c9","flac",NULL
"b1d3aa1710a034632065e5d8662bee619803da46","flac",NULL
"c19d7d966c6c2afb2ff12259f6d4022c68a5b37e","flac",NULL
"ebc1d0887453af0b48af8593b5c196344df95a64","flac",NULL
"b6c4ed6851311b1fb52ea37cca372346899b897a","flac",NULL
"e003d3a1600a72a4a97140cb04dd6d5ff6503550","flac",NULL
"350a49b2c1d04784ca88a38addca5b248f865e54","flac",NULL
"097d0f6f661644f51b0cc49f8846c2ad20093a7e","flac",NULL
"d330de04e12d20c04ce9c83f97f862b6e4c373e7","flac",NULL
"74143ff89d9506dd07b0b02d9ea05463cf12d11d","flac",NULL
"5e5f8f62adfa2aa3975005b385235fe81ec489a1","flac",NULL
"7bd998120ed324041aed97789c22ad5f7edaa02c","flac",NULL
"d2d202f8a1e496fa075492d69148d12aa61f4afc","flac",NULL
"428db846aeca1c539de0bf74b045d9bce50b72f5","flac",NULL
"b9be52deff89812ccb53911f2ae7a8812747aa8c","flac",NULL
"54fd4b1e3aa6bc475717d34a71fb2f4b1657c475","flac",NULL
"1c79147d8300f595090580d009f90c1f50a3c7cd","flac",NULL
"c7d6016ae4443f6e38dc7b276d26beaee1a77db9","flac",NULL
"e0bdea0e06b5c757ca71fef66d263a989d6fa20f","flac",NULL
"c5bcfd659f7c8599d7529b87eacc418b0a97791c","flac",NULL
"6da9c14607a9227bcf734599bc8cefff3c0a9dac","flac",NULL
"492dad92aeb49826559bf10f8ee05cc7d6913287","flac",NULL
"8d12214eb80cf6a596252862a73b057ae9f5ea6a","flac",NULL
"99d11a097ce3b21d752833853616b095e1a5e902","flac",NULL
"d3d4beaf694be1ed4e613bbe1b109f33220a500f","flac",NULL
"dcf78bf11dd19936bfeaf075aee20c2cf14e5d0c","flac",NULL
"fbff73fa36078ede849bc25283ab3d4aeba5a658","flac",NULL
"8e85a5e886f6ce33063ebe1f4d2d0218bdcea662","flac",NULL
"77b3f903a11901fe5a815d18063308429ed82cf9","flac",NULL
"1abeeec82a1a4c28a0fdd12f945e8dcff175a019","flac",NULL
"12b66d5e37ec3e10925acfe105332562a79b4d30","flac",NULL
"5d84935f2aaf65c2538765b9900285c69038b08f","flac",NULL
"0f6a4ac2146bad5544141ca348cb5b714f8eeaea","flac",NULL
"1a0bda04bf65e270e6ab827ee9cb334f5ad9320b","flac",NULL
"1d39f715427fd616bd9443b288eda2f6e35592c7","flac",NULL
"eaa50d4108364a87c7706e0a55f4c239402dc240","flac",NULL
"7f387bdd6912b8d507f066e453129e0b129ebca2","flac",NULL
"85bdbbd0535af8058db076bcfb70b19853884f56","flac",NULL
"ee56923897ad86cd018d06161805b223245dadf4","flac",NULL
"9ee37aafa209014ea8568d77366a93377af19e12","flac",NULL
"aa5992f98304806417082673ac17d33ef15b9299","flac",NULL
"18f6f62ca95523bd882e828785d103a6167c8eed","flac",NULL
"53b7e59330f5b7a008fed77ec8a09c77d0393b6b","flac",NULL
"e1a02c046877614b9720ba02a3782981508c0f5c","flac",NULL
"debdd941dabb6b4ca12591d4e4a69e756c90a79d","flac",NULL
"06ef29a344bf5092202a41e4da059f7e9e5b2323","flac",NULL
"5022b8724ce25155940678724fbe5e8331ad2b57","flac",NULL
"8fda272576ec7bfb5ed5f16407e4a81af07e9f30","flac",NULL
"fed4d704e5401a89955238466a009658f7645466","flac",NULL
"fae6c9097fdf84c1417befa7af7fd944184669c4","flac",NULL
"cb48a5089077baa8653f24f1609b6b98aeeb727d","flac",NULL
"a337ba890c547e962d849843fd1b96cb1855d208","flac",NULL
"41e8ebea8666870bc269d1fb81242c154977b3fc","flac",NULL
"016165396431ec7f5a3753da8d422f268ef70356","flac",NULL
"aec249b4bd0cb35f5e4cd8f1a6da2b0caeb29f1f","flac",NULL
"8145135863b26e71216ebd319298d0754912724b","flac",NULL
"3077dab43966c793c5aedbc2cd7aadccba88afeb","flac",NULL
"c4d6057f47a32ef61a27dc2c8b50865651bd15a5","flac",NULL
"d28ca9ae2f94e94679511fb8430989ea2cbcd62e","flac",NULL
"a585814f0b650a93fcfc767eb1a1db2fad3ccb06","flac",NULL
"6961c2ef780edb2bda23892f0a9fda3d2af105bc","flac",NULL
"8e6d6c03363c96ead7b6758ef06da65a54d695bb","flac",NULL
"b43056edc384f964f5d3a31e89d995395032f1f8","flac",NULL
"7ec318b5975ffdacb566b2931cb607981a2654f6","flac",NULL
"c97afd6d59df491a47ebabc923699d510e6118b9","flac",NULL
"bdcccd0477b85bfd043584ef99e9b0dfe369e473","flac",NULL
"f1620e135ebd0b33d81972be751e689d5ec6fc7f","flac",NULL
"b477b3090624fc67d814cea3d9335fdd9dea8c71","flac",NULL
"33ef3cb4190162d840f692f304d63bc0f872a473","flac",NULL
"bd1eb5be52d7e5cf4d532a3ecfe97af5194d4ba9","flac",NULL
"d32b2ac26612859f2c9406c765fac144ad858906","flac",NULL
"1284a45235f1ccb6ce578646fdf348dec12d1a61","flac",NULL
"567278dac1e1b3e37bd353e0a0bd4a93bd62dc4c","flac",NULL
"0cc794674ab6329999bed150060f9a40ab2afc93","flac",NULL
"35a82d3c5a9eb52af95d6b6874dc17ec5654074e","flac",NULL
"949ba8796bb28ce2fec3c5928da0decc30420d3d","flac",NULL
"ef1aae3566ab63888b96d4c0009f354d52f8777a","flac",NULL
"441170984b36c023fac09007f93283044a7d6bcc","flac",NULL
"b0a3a24bbf43617d588d5f7d80db551b3dece3b8","flac",NULL
"3db315798f51e17615707b01819d4d1cb690db82","flac",NULL
"4f672531b8f0a01ff6bb248025c77d5403d2abec","flac",NULL
"d81e51bedd778084215153fce034986241371b33","flac",NULL
"d8d9a9d90c458d7f2a2ce1dab1022f739d83ed65","flac",NULL
"ede915e238915506d567a09a55553e9e9352052d","flac",NULL
"91d6bfaaeff3d3c659b397428e950d29abc84c4b","flac",NULL
"b3fca58b9f0f49e0f7cf61a015b46614bd3b71a2","flac",NULL
"a7b8f8589d3614b3f02acaa68203a42bc1f0cd25","flac",NULL
"2dc383369a9f0d4ad6e493c94c27489a35fd17ec","flac",NULL
"f906d57c1551dba96f6763e3cef11705839e207a","flac",NULL
"63daac16ac5f0ce8861198eb94fea27efcf310e5","flac",NULL
"51ad068fdd0ee65f3a4e4eebb2a639f4f2418d55","flac",NULL
"c7cf046cbbf1cd2411b3e58a15201ef5f769c1a1","flac",NULL
"e4f48d36a38d5be50d1266936d5f14a3f6dc2ad1","flac",NULL
"7820f51aabe72f6b58a643899b9ab3002003a20e","flac",NULL
"d7ed75a52bf299880f422711e5ca185f1bbd9bdb","flac",NULL
"d32da22d60ecd5083f7089064c437f33365651be","flac",NULL
"3dcefc5eb4c8fc9b0b603fc7960d5939df0e8023","flac",NULL
"4acd3ef5a2c585ac9be20f7e0166de85969f7293","flac",NULL
"a7e8044e83bd3046ef33bd7908935df9ce92e1ab","flac",NULL
"c1b1e35af03107ab8c1fddfb8589a4164ee49faf","flac",NULL
"f46e57f0d29a7e325cfd1210c0147f71234276db","flac",NULL
"043a1d210d6ff6ddcc1b44fb1510a03119038279","flac",NULL
"a05a9e0a162dbf29cea328629dbdae1986928655","flac",NULL
"b9f28763d9c671e14687e602bab2e68047c82528","flac",NULL
"35ffb4022ab89113b15c02d12055b4955e058f6f","flac",NULL
"c2f7a8578a6767005857d148e2925146608b1325","flac",NULL
"5deeaa56354816a7f795d062bfd194092a9574c6","flac",NULL
"8b085c3b3c990add661effca88e48e632d857e0f","flac",NULL
"e77da1ac6eecab0b4cd8690d232c3e5f3c5652da","flac",NULL
"9d8e623656ac1ba6864ffc0078f5bc96cc6b7e24","flac",NULL
"02fc33f25bc7b6161bbcf340a5fa89f8fa30ab1f","flac",NULL
"da9e507be78411627c13a67e8b2de996d35af529","flac",NULL
"2e6b091e816338c1df215fd290b0035635f3208c","flac",NULL
"03db3bdfb6cdb542d52e8dc98f9ad47e32434bb3","flac",NULL
"be23a4082adb03bd2812cf9df8f1e1ed7a3c9294","flac",NULL
"bafc21b675a805b1b0fa7c1f90309c944247055f","flac",NULL
"24d9286d4e4376eca5c6f5a77c6d456a2cfde200","flac",NULL
"facd16ddba1f8419c43fa742dc3ab71c99f84406","flac",NULL
"d0fc5f2dfaadc2686c4f94def7a1c5aea5810bd9","flac",NULL
"e863f99d1dcb7926d9dec5d1a063c714fad858a8","flac",NULL
"11b45239340f858bf519112ef85639e7190667f1","flac",NULL
"949c760ca5a9fd2793cf0ff927afb01e288ae2cd","flac",NULL
"4e1a5aecd628e0b5da28a4b0f1e28c25bf10930d","flac",NULL
"3edc5b939b7098f297dd4da97f1b70ceef57006c","flac",NULL
"ca6302c5be124ec84d1b5f57547a5477418022c8","flac",NULL
"e3cac13a543c91ab299fea2daa6a1b2fedb27586","flac",NULL
"b3e2545736d446ff16c78bdfb70a2d7e2dbb54c0","flac",NULL
"16e6d65c64fab4c88127da795e0668b65dfb0750","flac",NULL
"3d5972b3a48d945cb08c7afcab699da98935045f","flac",NULL
"bb33d4efa599a43c1e9f49e082faad5ae512decf","flac",NULL
"e36c96d30fee903675f4279d5d58927918bff775","flac",NULL
"dc3652d523ff274274633d5d4074a84210de3d88","flac",NULL
"9f982672b476e30dfec349a16c0357bcf821a2f3","flac",NULL
"95d3e95786769aeea5322b3413b96b8c14d1166c","flac",NULL
"403f6596da83cafaa8ad4deb2bcb747f8f434470","flac",NULL
"0128cfa560aa7c8592dc73209da98cbc396435b6","flac",NULL
"1af0abfad07d8ee0e049cd2ee40e1f818912ff30","flac",NULL
"708673652c438667002054d8a57b34b950ca0872","flac",NULL
"e54236a8fb9f2474191a945454aebaa5a52d3746","flac",NULL
"241e419b4e19b970272e41ffa6b6689702c879f3","flac",NULL
"854b17c1d4727aed8211e0a6d2626589cff327fa","flac",NULL
"b4f9554d08690d2312ccb4ae56d1bb676e762d28","flac",NULL
"75f0da6e82c70692d691a3742b21cd31eb24340c","flac",NULL
"3ad76d0dbc5ddbad5a3d6bf62d37c98ca9494286","flac",NULL
"1a9de06e8abd7e4ca028c78f1d20bbe3fdb389cb","flac",NULL
"9490678ea14bb98f6e9e05575e2d101f9d9a2e55","flac",NULL
"795595a2c1bab8d6a58495d8083f1c20b7de9126","flac",NULL
"a8c1457b1587e7d804033b93eb8f67472029b784","flac",NULL
"4500c4ac4b7fff7e3baae5e8e74aa54c3ade162a","flac",NULL
"43f9f852e4bd1cc6575cb317d42526bf3dbd44c4","flac",NULL
"378a42bf0938b7faa3b47b2e83f5b1f995adcf87","flac",NULL
"7056754b8dceddf5d097eb31d13bae28833bfffd","flac",NULL
"bae2e7437e63ccf98e9656f0300390592993c066","flac",NULL
"1680c26c22e44d850985850c44ff3a1597ef7935","flac",NULL
"1f3ac5ec7ff82b3ee8d67b719e99b2b9743d9940","flac",NULL
"4cae141c8f2032ff0c4d99166b72a612cca13359","flac",NULL
"47cb2e471e9b0ba779f27fc09f200600a1c313f3","flac",NULL
"94ba48c462bf3218a1f8e2c5113b0fc348289b44","flac",NULL
"466f69cf0c09bd1b8f70200c2c6374553a7fe039","flac",NULL
"4cca824a04348755d7e34a9c6def4a0e2ad1e122","flac",NULL
"7823720343265ea018b0d8185225249e790bf856","flac",NULL
"b3a4b0eb51af9d9f1680fa1e04b67b3a75b5196a","flac",NULL
"cdde72cc425ea5378bd7f5872d197e13bb318267","flac",NULL
"4526ae2cfe3cea0cccdd3df304ecc2c1b1727574","flac",NULL
"7947368d5ea3a5300993cee961dfcbedec1cf618","flac",NULL
"36e671463a74c5170907d7577fba3997d4ec5918","flac",NULL
"d458338cdbfa7b9e2199b73dc0e31de2fa96f636","flac",NULL
"16dddbae614b52a9d27ec0e3777fecf1f7d01a02","flac",NULL
"63cfa77b73c66d323aee7fd1896468b2ae480961","flac",NULL
"5b326c82b35f53adac2c229c5769f3b79a0cdce2","flac",NULL
"f527688c9fd16f657363f1be77c9f8786e548751","flac",NULL
"5d338fc1c4bd02531b0b75fecaf347bf8aa76c9c","flac",NULL
"fdf06f932daa342652cd78382672758231c3e6ee","flac",NULL
"08c017027c95ded2674ac57b2a4df0dd519642e4","flac",NULL
"d782e340b1345550e1abb70058f1541f823fbe3f","flac",NULL
"eba22c6598ec5b0232c7d39403fd6fac78d9822f","flac",NULL
"f6afee5546321873589d39141278d21c347fe47f","flac",NULL
"68c5bd3d2856bb0252d51e6366e6f7bbe2b250a7","flac",NULL
"52b656cc415ac580a51d72dfe5cbf104014b676c","flac",NULL
"293b0013516f28deb2f3c0087293d0800f4076a3","flac",NULL
"f9f1bb5f2b094007b226814a322622bc0e493831","flac",NULL
"804fad857d3850509d1256db4b4a7f1ead191801","flac",NULL
"afff78526e6b5a195164a0f63b4f7434868e0433","flac",NULL
"3b57eace1d1b5b27ce86d637444f29804b47779b","flac",NULL
"fd3769f81c292284361bcce45158bda8524202f3","flac",NULL
"26627ac28ba0eb9a8cc87bf6a0514617fb8a6281","flac",NULL
"b57b2050fe939eafbd9ac39ee174e9b1f79c1327","flac",NULL
"99465ced6b16c65d628074b0282c637464534bef","flac",NULL
"50c31098f2cca6c00c2a444f5f8b012efc4aeb62","flac",NULL
"497d1ad57e040588cf41b4bf17220cc2624db6be","flac",NULL
"885d51f2b1c8c40bae1bb1f619b5c17f960e047a","flac",NULL
"1f0706426842d60025595504e4c387ee399d31f5","flac",NULL
"4a62b08e51a3c884275c21a7cd25008b302f697a","flac",NULL
"baf923e8b912f9b09c554a29b35e91856ea77550","flac",NULL
"b9ba02523dfbc3dcba1ea254bc419b432f3d7175","flac",NULL
"e607ef631c63739b1968bceb1d1d467e8aa58343","flac",NULL
"4e58cce970b600a4e2a28fcadcdc70e3d95f8231","flac",NULL
"6603da864ccd4cae47e152f234c15f7aaa3eac09","flac",NULL
"8f8a96459021d277fb5efe18fd43236dfb75e5e3","flac",NULL
"5fa0e38452c264e622c582dbccedef0c704611a0","flac",NULL
"ad48b34ae2d61950a10696d1ffe0cebebf46338b","flac",NULL
"6bca99927d547394bd73552849176a01161ffa72","flac",NULL
"39ae57cdca203d9c54239949fcdbf2b108fbe431","flac",NULL
"c3210e0b5ecea5de53b887eb0c7c5e201eeb6248","flac",NULL
"cd88686622d95b3ca892e1e0e4933065a0c700fa","flac",NULL
"2671ddddb95525fbff3b4b9eb79db0120d73a34f","flac",NULL
"3ffce4b7c9886eb708350c7cd5a4ae2eea3204fc","flac",NULL
"c8f159711e2d61e6dca0d8b3df55296b70044650","flac",NULL
"3cc9bb7c89fcaf65e0bbab71aac9b02fb9790956","flac",NULL
"de927544409b10ab150e145812d1a53d66f1582c","flac",NULL
"93c56fb5cb384442048a13485500deff63bab937","flac",NULL
"d919af2154abbcb1a773b72ef791ca47a7ab065f","flac",NULL
"1f3a7f37c6769d5d61e5ba476fb074544be131ae","flac",NULL
"0fa8445a9597425515c7d02b83525cc1e5771280","flac",NULL
"71bc2e1800e5436fc1c0191853c3b1ec0500f245","flac",NULL
"e3b7cb98bcee229f278ad6f67e48dfdbbb0ca2be","flac",NULL
"9288978231faa71490ddb68f0cce4f7aa4415fa7","flac",NULL
"1039e9b69634986a7fd058e996e15881a06f8607","flac",NULL
"b0d7509848392893ca9599ac51307b67d7154dc5","flac",NULL
"8f0147e2beaa915f34c959227c34bea986bdd8cf","flac",NULL
"93a0e5994d216f6a6db87f94ede02641c01729f3","flac",NULL
"09b4193c7504bbc668f04287fa4513ab2ca5f981","flac",NULL
"69b7a7621ee0e98fc0a6ef84c9597d0665ce8cee","flac",NULL
"a3b5246f77f41dfe7ba40a752af097aaa7c7eef6","flac",NULL
"68550abb2cfb56195772c87f5f2dfaa70d9783fc","flac",NULL
"32eeba06e5034c425a11beccce70695feedf4e82","flac",NULL
"258e11f9690a9a44366868a819ec1be122360cc6","flac",NULL
"0762f62d0d55ab64eae4af27c2deac1f52e37c38","flac",NULL
"0ecd8f1cff427959e733f2a5ffed8c437dc18ddb","flac",NULL
"16dedaf1c1c748e278e6e049a726b11fa7c0f033","flac",NULL
"aa05eb04e7aa9a37f5edf2d44656c3930fa18c7d","flac",NULL
"4d17dc4839b9b9e308c63e0e144b883390444114","flac",NULL
"c0ebd62f942edb5a4e7c1a9d5cf271371f810584","flac",NULL
"ad388fd906368010ce240a02fdcf552ce66843d1","flac",NULL
"fe27ea8bc4df65ac6e6ebd9e18ad6ff38cc84bfa","flac",NULL
"a72bcb2a5875eb9af16c1c2d7916bf6880fcf5c1","flac",NULL
"969bb4a2bcde7b7ece9fcaffb66640ae7c80bed2","flac",NULL
"d1cf3b3d59b4d3cac2a6bdcd463ad74de91c6c75","flac",NULL
"53bc172932a31aff1dc209041acc200ec825288c","flac",NULL
"d099cedbf35521789c7cd708981cd779486daed4","flac",NULL
"d2efffa197d07ef2529ace9f7bd3870e3ef5cde4","flac",NULL
"6d487050906ab644f3f3d87c201ef2fca395ab01","flac",NULL
"5a927f3ebd0d0c5ab6f927590d1eedc3399bad80","flac",NULL
"febfbb21cd10aeb9acf27526d0cca8615ac76062","flac",NULL
"f1deef76f720f807ba0f7d82d0e6ddf51a23e2b4","flac",NULL
"a2dc7335b351b0dcc2312f7bec2d87859b6018a2","flac",NULL
"c6c10024f6efe1d0e8d63f676c9634c1d1c3fa4c","flac",NULL
"24e5adf978d23e423cc9c3aa6d20cf1a207f2463","flac",NULL
"7f51d5927af8bb378ad56d18f18fec0f68049c27","flac",NULL
"9c98a2919b5d02907d8923350a45923ed8a12468","flac",NULL
"5e8b2ae80b1d41877011d0b4fe5f5123297fb726","flac",NULL
"d361d5ea311e35d863b1781ed87a643dc5d5df8d","flac",NULL
"c697de0d843eae736e49de7433975be68a8c81a5","flac",NULL
"a483680c6d1eec74badde4804df0af0eeaa1b8a5","flac",NULL
"f0c2e4b2fa04bf28220ea9d371a24ecf377b454c","flac",NULL
"aac910bc4c6b0f6289ee4883a905c06b22042043","flac",NULL
"a4381dbbf89affb097838cbad3ccb6e3eb6ec706","flac",NULL
"304569f55b4a72cad9ee7e0620ec0b0222c6b572","flac",NULL
"d4951ba49e5fdb1f28538f85150cf8db5264426a","flac",NULL
"5ed5f3955b2dd71a3261939cd58193a6e3102f91","flac",NULL
"8d1e77e2031993501051c587999a645633ddc8f7","flac",NULL
"a009969902f51962b55da7fe1ac8cf85a411746f","flac",NULL
"708de2a83516c304fa5403e582605c0ab644246b","flac",NULL
"cfcca95dd00a704b74bc2b0623badcbedc7b6529","flac",NULL
"bc2c44a16b91a4db3b7c1d96e31e8c34ac198012","flac",NULL
"a24f96f9f1cd0e8a8a2549e6489c9895298d336d","flac",NULL
"9ca97c93236b23d18964993f52bef44de7be94ec","flac",NULL
"22ae4377282b6b93d131ca575702abf2cae1924d","flac",NULL
"f4b61eff2bc1e0e8c059228404c480329041d10a","flac",NULL
"fca4a80806520df24dc698e6d003897b706fecb5","flac",NULL
"ad7ab5af089bd54e8032fd1b67a158d4c5868591","flac",NULL
"7b83ba6b09deb1d97eff0868dcafee0a4d2ebdbb","flac",NULL
"36263aa26b432bed299430e634b9414a84f3aacc","flac",NULL
"d939011ffb42f093f3f1f891694610755da1ef23","flac",NULL
"db883dc1f902d362395eb9e7412a38bbd7d741c6","flac",NULL
"993f9c6bc503d5b35d9edcdb4a738b7056ee1857","flac",NULL
"87c7c1af40fe45e7c3e7f05132c68aea74b9e438","flac",NULL
"6f253e41d91afb42f2517954b91925b629576e52","flac",NULL
"6e5858bd45636e3aea966510e5ef2138aff78fbe","flac",NULL
"cc495e369bf2f1686a5635944566351c5c5eecca","flac",NULL
"d7ce8f9cee4dd0b11605196162acb20a7c8f7796","flac",NULL
"532c46eb70b1366d98934e5e7454e048f48a52df","flac",NULL
"365126242956e1bde9661c4de2e6ddf0c63a9156","flac",NULL
"aa73b720ade03e7897d109430acf937a4205b2f9","flac",NULL
"d33d6b4625c697cdb8120e3a8a616cbb7e420770","flac",NULL
"284d082782afe611b573743507f0fd6653681e28","flac",NULL
"e3e8aa08fec99ea62577e4cf5b6bda82f28f5f19","flac",NULL
"e960bc06625b51fe6e7a545e41341ae6a9942507","flac",NULL
"71c28b665d46112c7043170e9fa1b3a2295ed2bd","flac",NULL
"fc88b93e7810fe168f84c51b5507eeeb56c074a4","flac",NULL
"12e54c987c02097115e9edd971ef8051e55b907d","flac",NULL
"feae40650825cb391a22a20d108fa659d325ca72","flac",NULL
"5fa2f97010ed20e6b99914c0a0d44cc894fc1ba0","flac",NULL
"3bce48cb1d5a0f352abe47e4bdfde5ea1eae1b4c","flac",NULL
"e1c6d0189a74addb9ffb1a8af0419901db2e97f0","flac",NULL
"84eac649b5ef48dc04832e39f8d0f6db5f4cd059","flac",NULL
"fdd48f9b86342ba45d5631b06438a6ca65dd3957","flac",NULL
"e0d72e335090b6e60634b4f9cd2ddebe9f097985","flac",NULL
"bcc362667772e526f2ef05c694baea6fc617b7db","flac",NULL
"3b0723767c7453d4b564cd95e2fc7be0b017848b","flac",NULL
"f19f7439e32da9125f6bc69a91238c03b7730315","flac",NULL
"843e22185ea65f86543e7327f1a3c354579bf0e9","flac",NULL
"b24be8776301f157d2f96d11928f661b07345122","flac",NULL
"c21789fb6f6921c64dfaa47d5596e5bf58ec43d3","flac",NULL
"948fb03c1d93c9de2e4cafe7c216b35463620aab","flac",NULL
"d7ce62c1248dc1ec2fd867d954c3a9baa1705578","flac",NULL
"cca51b06b7972bb22b9d25b90db4063294bd32ba","flac",NULL
"34d5176c612510a555ec7490277771a63d7f53b8","flac",NULL
"a6e9e8d090bf2db0ca6f10d108d898ea2b872b65","flac",NULL
"54e736ef7702a3f5f4afa3e11c4ff2d2418d819b","flac",NULL
"08a9acb9a6acf00826cffd0f79b66a93dd5d1035","flac",NULL
"12b44368f0a0f1d9143e07bc873f5058614b543d","flac",NULL
"07e20d6e9f17b1b4a3ddad34590c0f514979019c","flac",NULL
"5dd7e6ee62414ec6da94b74fabb1868f4710fbf0","flac",NULL
"8100ea851044452d2d2e161be9c45a20acf108e4","flac",NULL
"de7eb9470dde763c8c30627b46f08eff58c8a541","flac",NULL
"94cb658ea714ab9d59e318480369ba32c5c76814","flac",NULL
"c6473e6a43716cba98a7bc75cca5b7f9a826aacb","flac",NULL
"afc58c2dc330a2cebf942342f160765aeb71993d","flac",NULL
"c03bf772c730d08354c25485d9525e8c59a3ac78","flac",NULL
"1950a7a5d5bf0d5b83dd8954ab969dbea85d4efc","flac",NULL
"2d9145bd3952b21dfc5eb381e232b68bd4157aa5","flac",NULL
"fe262c67e721549c47dc2956a1cf74ed3560e0f8","flac",NULL
"c5b3a5fd835470acbf6243513b4dbe365d427718","flac",NULL
"4c34b05e439319c8673d99c8fbccf75b65f5fec2","flac",NULL
"dfcb19d66bc2132254c04a6b3321583a1f7a0571","flac",NULL
"4361f5661f08e4dc58370143f3b26d768ccac0f7","flac",NULL
"6547021e473d8a2520675bb63974f824eaed82f8","flac",NULL
"656255af188f287361a85039bb9677c4a6887213","flac",NULL
"b425aeb23d68c5efc2758c124b08be1c76865810","flac",NULL
"abd8c068161ae2cf525ecc488161670ac8ce8b93","flac",NULL
"37009779546fb8e9e74001acfb601c52d180bec5","flac",NULL
"c6429c1032b53b5a3deda2c14e908592f2772e97","flac",NULL
"5a6e59cdaf1e94cfc64c41c6a9abc94f74ab63b6","flac",NULL
"ce3af8e6e407b6f02c57e3742f36174fafca951e","flac",NULL
"ecc87ac18f958c0b085af565975f5ff5b1090e40","flac",NULL
"dece293ee4b14299e1e5e918feffbcbbd9f313eb","flac",NULL
"0423ac4e4105ba5bd747ddc1e03b92320e7dcf21","flac",NULL
"d66c74e90ca3fc8a4072f55b88ea77e29f10af75","flac",NULL
"08a11d5329b3a8df23aff0d2170e3485e0498e16","flac",NULL
"ec94c2aba4e85ac88336b3a8efbef95d5e35dd66","flac",NULL
"8ce0523426179ec9d6ed972692493ea4e6b29e25","flac",NULL
"7fc2c0c0afa993726a46f0d36555c600682d40c0","flac",NULL
"81e29da5feb1130ac183b515b6990ae88aefdde4","flac",NULL
"2e82169a62433b2c22d43f226268b9db026fcfeb","flac",NULL
"bac54c15957316a4490b17234f35c7f46333e65d","flac",NULL
"a2b4c33cc43ec55f2f0b61cbe5c12e16a19c8c5d","flac",NULL
"498ec598c4494b372036c141f92b0827d93f24a8","flac",NULL
"8bcef0ff91d2c04d3723883bd8a718944b063dcd","flac",NULL
"3ef3a2e41d8189c6f994703062d036b1d1573fc3","flac",NULL
"689f4769da52effd5712eaaecaec771b16d27931","flac",NULL
"95a17c704788710a7a216878c28bbe446a2dfd91","flac",NULL
"cb613bccf27bfb0d26316a75e7e5f3eec13513e4","flac",NULL
"78f6709d694ea2ca55ed882820889c38bd1a0bc7","flac",NULL
"68bc0d45d6a4b901e3a6dd530a48747c709528d1","flac",NULL
"56d1f24e0204f986a2520f34913529fb6284db1a","flac",NULL
"8064cb50129d97e330041c393aaab6eccd2336ba","flac",NULL
"bd1f489401ed986f842bce480f2bb2e0232d6952","flac",NULL
"40b02d58a440ea21af9ba60208d70ec5c99762ee","flac",NULL
"fa838fe0e3602137e7d97bdc41d8c6263294b005","flac",NULL
"a7fb9b7e0212cae4309c6462bbf52d2e29ab805e","flac",NULL
"6871e124c373626c0a915ff09f52341396e864cd","flac",NULL
"d69cd5fe741827c7e93786291c30ab7eed5ad216","flac",NULL
"50dce2824df75225ef24029b30d5e10aab8fb120","flac",NULL
"87c109ac5592fd9739f56d1d2e764af38e71a23c","flac",NULL
"187b1acb6d70c9f2031117b948fc2b6419be8bba","flac",NULL
"1ed372aed5091de3f27e8e7fe49cce20deff9437","flac",NULL
"696cbf67663b13a64b2fb0bdd73cee1ad62c2435","flac",NULL
"c31a9f8fef8149e7c627e7b0bc5583e796efc1e5","flac",NULL
"4a3794eff5f3fc1668fe9d0a52610402b7fd96c1","flac",NULL
"b7cd160e6fa7fec149ecd8a8766960876673861c","flac",NULL
"5de3f5b7ecf50d10dea6e6891ce630cde4ef30d7","flac",NULL
"071305fe55cc6dc226260b1781fa97a7d0e30633","flac",NULL
"9036e917fd8d82ae61121da115d2cc60fa28fd29","flac",NULL
"d5d82592168b5b5883dd8558b589fc6a237ad9c6","flac",NULL
"fcaae0888202f43ab435304cbf0fbff743378de9","flac",NULL
"d3329fd4a4f677c086e2c338a811fcd9bb9891e9","flac",NULL
"322a2e577bf9bf42df158a361de85b987432750d","flac",NULL
"917715bd0aa9210badb84ce2ae0dea6980b4aa74","flac",NULL
"40dff2f7d41413481ffc303058641e698e469c13","flac",NULL
"eedbe944faa47067df40ab34634096cab99093c9","flac",NULL
"4ede84feefc16cf231d4a5c5a6355b3fe84f4058","flac",NULL
"a73d6ff801e854c9c937984b41f78fb6ceaddecb","flac",NULL
"51b2df1cbd7863eeffd8f2adb6c870d78a2d655c","flac",NULL
"16bd38ac42217e0346bb59d4d29232bfa74e67a7","flac",NULL
"6c88eee6294641f74943daff4ba6e6173d33e329","flac",NULL
"a8e6773f755b7e03594c1f7dd249988dae1d6369","flac",NULL
"f2b5bc9d06d0b02e0425b854a1680b5c61f9ae40","flac",NULL
"b908cb0356d6408b176718b8810adc20e3d8b23b","flac",NULL
"259ddfa50cea9bb1654d5d828f95b7e016fc4b71","flac",NULL
"7ed040c877284f7884aa5ecc0d72265b944eb295","flac",NULL
"6df7a191db02efb7298e762a4f6450fd322e4b8b","flac",NULL
"f67034ec75f85edd14cb4240584f4b7e3667d7b8","flac",NULL
"cc424d0f8dc2045b52965c9b89a7bb42a67b2f6f","flac",NULL
"c184763954d22e8077e40fbdafa8b9b03590cb6c","flac",NULL
"7edc403d4950de06b1bb1021d06b5b78e3344622","flac",NULL
"0435146e7d50bc2b864bc14f8ee2d587b8a2984b","flac",NULL
"43462aabfd540019f0629a56665bd666f859e04e","flac",NULL
"e5c2e8f03d7975aac2017f0271eb5c6e8f1c9adf","flac",NULL
"b7031578c6647e276a607614f867d08ffa4898b2","flac",NULL
"e08198a358368286dcbdc14a39fe2209019b641d","flac",NULL
"84ed58c55da49247570313ad94fa9aafbbb43676","flac",NULL
"f7ab323cdf454830b5913f9a74a1d942362c8f62","flac",NULL
"9cee52c8e0df96918055c62bc11c955f884019f9","flac",NULL
"8ee50774251cdb007a927188a29397fd7148387a","flac",NULL
"23b5108e2202d99aa6718d5959946b0581437bc9","flac",NULL
"720da43f2fe6f4ffe11b7fb5723caad562def41f","flac",NULL
"19563bd81e6c5b0cf99b87f987d0bf7441fed5f0","flac",NULL
"a98408ca5e0b98df496470df085879a7f29d50a0","flac",NULL
"1938522ef8cb4cb2a27d17967e68099c7a862c19","flac",NULL
"594d53af1832e5ca767cb8481967c4b6c5673e86","flac",NULL
"60f9f097ddc3d01c034a11ec217b7899fe91519a","flac",NULL
"e744fedcc8fc3fe4cf565493f0c92cbae159131f","flac",NULL
"286cde4da88b192b890df301526299933b578acd","flac",NULL
"5fb49bb446be9275b3491c68d033ab29df36c5d0","flac",NULL
"ba577759be3577732d2b1c18322930e66f1e50cc","flac",NULL
"88c2e03fd9f64f32d28465d4118db400741e91bc","flac",NULL
"9c86f1243bcf446c1440df5951fff3e9d9b22e82","flac",NULL
"ffb44406d2822ae8bfac988a5eeb1965abbe2543","flac",NULL
"d53193c6f7dbc05de149cadf413d30b6e13db32f","flac",NULL
"06f30ef22bd270e8d1bdd91022504e645fa79ac2","flac",NULL
"8404db79db7a8759770142c39ade3c0faa68d963","flac",NULL
"75c2be76c1f06486d7e35e7be6c3d7c9a2448dec","flac",NULL
"d0659d7f4dc7db408f67fb6e77d58049eec9e982","flac",NULL
"c12ccf084d3757d564b7e0decbcb18876c10c8fe","flac",NULL
"6d23f24247bddb84e4a311266c29b8f2c74aaf63","flac",NULL
"54e8fe4ee1cbd34a844684a800f341f0eb73ecd8","flac",NULL
"ee74dfed60848ab86d9a880276dd57b66bf09e66","flac",NULL
"6e9b332af251552f86653ff63d95be750a528bb3","flac",NULL
"36144d4aa147dab2235a87ba15f9effeccdcb6a4","flac",NULL
"58764947a2d586d1144c3ae87b5ac3f45f50812d","flac",NULL
"6192b53856fee8297be848294bfed5e01f7fde7f","flac",NULL
"9f34007990a0c14c59904e8a131cf77d761277e1","flac",NULL
"1193bea7ed11ae899efb38aac2961dc6f3f0e496","flac",NULL
"62d96d512861522f006883f739b5b670f10ef0df","flac",NULL
"3e88ff687fd5c13bab2e09638efc0d573541293b","flac",NULL
"3132a28e73432b9e8794b5288a1bb9e0e36d9a40","flac",NULL
"f0206d2529bb90e7573aff6163fa4ec79dffffd5","flac",NULL
"f591d99e82a656f7930b72fca95acc51acad9ec8","flac",NULL
"3a31d964023afafa6798c72f903fea6df1b25d07","flac",NULL
"dafed330969375501d0d2315b77634ffa8d2dfcc","flac",NULL
"f155a4d1873ba78f7a7162537b99750b22148246","flac",NULL
"e918283bd07f6b31dc14ef43ea49361272f1f95f","flac",NULL
"9c4efc4cd6e475c0e5550c5202e72d57de601da6","flac",NULL
"3b84206c08378b656eeb6bc9963d727cc1827b92","flac",NULL
"c8db4c2d6f386455b73f0c4b9f344dd2573b8bcf","flac",NULL
"7383f1e8f7dccb8f41670647471eff662853dc95","flac",NULL
"07cff113e9ab62962a64ed86510c50be4f2dd04a","flac",NULL
"3dee280348a129f95bcaff839723221aab944499","flac",NULL
"274a2fdabf5eecebd8e3d4b702d29dc104bbfd59","flac",NULL
"391e594c741334fa7d3cfa010262bfcfcdbcc37b","flac",NULL
"769c62d61615f2450506ffa6845cd4a92d3e5613","flac",NULL
"cd1d69614115a775f070749dc4566a53d52c498e","flac",NULL
"5a77df4565f2ba3b2ee2eed4de1b82a79295ce36","flac",NULL
"3370444887d6b051b03523adcf1d3327869f88c8","flac",NULL
"9352dd5f0548e0f2ef81430815b26928544d8e4d","flac",NULL
"2f095c1d45110103c54590a92f22d88cde5c97ee","flac",NULL
"5f9cfdd002f4c468e0ae9c0677a3d8ac380f5803","flac",NULL
"7b6035a03fabd54bc6a37811ef2b0e9a1fee4603","flac",NULL
"16364629acdfc0c3b99f418177af9d1884a91387","flac",NULL
"76a02f7d4017d62f8ed87a47e981fd55e156172e","flac",NULL
"f61f9fab656ef89a1eadd4fd17bfbf166451c2b7","flac",NULL
"0db03e098e14efb8e29be43369acaf8dac1df228","flac",NULL
"0c7fd5cb748dad14228e947c8d0e69d829cd82de","flac",NULL
"42e54854de84ed0a5fc6e75a8558a489ff5f626d","flac",NULL
"4a39d6d1254a452b32d6d2cbc4f6dc7fd70f9f7b","flac",NULL
"9310e8d32c0967b7db09bef6add1fcae0c0b2202","flac",NULL
"049785b8e65bc3126dd8aa9d644b88456fda9655","flac",NULL
"8e0abec56d2a4b9a74ee6a33289f604decc485a2","flac",NULL
"77e7487de66910d543c9263e15a9b982d8a949d9","flac",NULL
"c88a37d5ea5b02d68d876ce1bf9449a14b09fedc","flac",NULL
"850c2001e7ce3f1052fbb297c2471b3f41ade7fa","flac",NULL
"c1cf7cc1e44baf5b2644815c834f853820af840b","flac",NULL
"2e63082f9a730c3ff13820f9061546534dc8a57e","flac",NULL
"564901eb5df4529d43db9058545b51a9e629f165","flac",NULL
"d73c23159f611e2608b0fcec501842180188b794","flac",NULL
"5d9336d8d1101ebbd23e3d9889fb4748b16d807a","flac",NULL
"040b47b911ce6db4f856e50eaf8ada0871e4ff95","flac",NULL
"0eccf6694f1b152fbfd70b621dc18c107cf474c4","flac",NULL
"e14f81050cd12153586e22d5b72ab1d4d119d7ae","flac",NULL
"ac3603b0350be7da1e16cc769512e27e21eef6ff","flac",NULL
"b7493cfc6a205d58697592c65645e4d01c2f8538","flac",NULL
"3f045b37c478cefc98f8b949ff5a2abae71c98f5","flac",NULL
"ac01ff5239f1036f68283f6b7c5ecfb6a06a46f4","flac",NULL
"fc760a288e7515975830e2ebb5fe98662b55db8b","flac",NULL
"cc39e16a780d800899c8c9753c88331c47541dbc","flac",NULL
"96890f732a70248f250519b1e4e2fc094391ec3e","flac",NULL
"4b6b802b1bac107911190ea9449c03a031001b24","flac",NULL
"ad9e8e2ce32310f13ed74200b0384148385b82fb","flac",NULL
"45652464423510e4599cc9d440860d6a698e9329","flac",NULL
"2e9b9427e5f0d2f485c854c1e4e5e8179cfbb94c","flac",NULL
"a81d113ac785a214cf1a5d7f69217321c253cbbf","flac",NULL
"166b1d45862fc85bd3aed678dc44e2266ad1fb6b","flac",NULL
"c2584634da6140c7b23bd748391f1cc92a87213a","flac",NULL
"83a3cae635286a22f4e023387498c4dbe0048509","flac",NULL
"7d01b69478dbaaa15d50ac40deeb4dd5a267e5ee","flac",NULL
"8ddfd753ca96e609f960a897f834b98ca47cb1ac","flac",NULL
"61e36f4eaad49e484cd96e817a27d6e08b787e2e","flac",NULL
"3a073a8c2de469e103e0dbd582abd8e1ebca6a8a","flac",NULL
"c91aafd4aaf0ecb3251f570c2f5669d8de1074a8","flac",NULL
"ade87ebb85b4b76e3b614243e7a0afcf51303286","flac",NULL
"751bee518c2e767063c32958170f6cb223f017d7","flac",NULL
"98cafbc74cfc27c4349371f57f70c458f9bf8c3d","flac",NULL
"5e302492e5da824f031da8aba5a9014cba3703a7","flac",NULL
"76ce7b86d92aa7b81b04c9e5c58ffcf21dab8306","flac",NULL
"a6ea1a6db2677e8ac72814baec1bcd85829cfbd1","flac",NULL
"33222ce059fd01f30cee73fba533a3812e16effe","flac",NULL
"72a24f81728af017145b77d7085db0dadf4d4167","flac",NULL
"014795984134f5c1b70abae89ddfa6ce0d33671c","flac",NULL
"8b19983ef38cc91da677cacca16c3c05a72f5320","flac",NULL
"e9e95a79cd85d45d7247e86d1fd513716cff9b91","flac",NULL
"eb8f8e319296baeb4933e99b8829c295a7881a68","flac",NULL
"db610a97081f31544d5b9d1e9faef76299c07f5f","flac",NULL
"d05b8f948b1ef6a038d537b78ac7570613335355","flac",NULL
"6657ec61e3618eea78be8e66e05494eaa2d5b717","flac",NULL
"9b883b6d4f18839ba1b2e7ecb4ee94f5d13c2a02","flac",NULL
"d04be38ac0b6004233198256dc43afc93599c4cb","flac",NULL
"1cc3e0673659bf0799976f7b46440e9d224da728","flac",NULL
"81ebef7cad31a1f8c1a01c8f1b256a670f0b03e3","flac",NULL
"e7f2746c7b1fd5093dfc552579419bfa3a0ce06e","flac",NULL
"3bf7badfa251d4daece44771fd3bf5899430a231","flac",NULL
"ae946e02393459774cbf2019bb1f7d181299abff","flac",NULL
"59aead112e1e13592492c7c762e6149ed3a322c9","flac",NULL
"27e3cc8c9b46ee49d33b2c0584a8c611ca920faf","flac",NULL
"9bcac17308e3b39f1a9a44f5889fc9e68c560389","flac",NULL
"d313e13c7d61ddba4345ef40e8c8e39739ac1a30","flac",NULL
"9ef33f063c9f2ce5f5076f23e731c14832335855","flac",NULL
"2ad6e35c587e32df6c8c7c7f792f4f59a3682588","flac",NULL
"42d7e4c38a8d5fa9405404a29f2978e85b130ada","flac",NULL
"ab544d2f7b2a3ea7531304f389ef6b68eb7b53af","flac",NULL
"ad9afedd73a4e29af114150f5ff7f20c6a7cf8df","flac",NULL
"396278d613f6e0596ae0b1151c824a607bb855ca","flac",NULL
"f554114854112ead9db8e2569107b88a47e5656a","flac",NULL
"2af29a0492eee9f920a273a109d401839909e8d2","flac",NULL
"76f8fb0fd031cff83f078f7cf9eed793d93ef635","flac",NULL
"d058cbc46f824c4c7c5c618b910e11536e8c3394","flac",NULL
"0e07141628c7b91b4d5060d473116a42446100e1","flac",NULL
"6012d272376c53b186d5408451c02e98ff7591c5","flac",NULL
"1ab161fb9cee97e246e05ad7afd2f4f1c663981e","flac",NULL
"5256cff234a08f28abbe4ed222b41df73c1f3fb6","flac",NULL
"1c69f79f1118b9a6fb873bc2781b2a6ae35c6cd8","flac",NULL
"a71ed352cc5e8deef95eb252b3c2fff1ffa3ea96","flac",NULL
"8def46877ff1070e6fb629b2f091cf59eb487fde","flac",NULL
"2254df651fec41d992768ac366bbfd2e0cdfb364","flac",NULL
"d24d3768afc6eab71c7be1ea968d7d74d8708532","flac",NULL
"1cf8c05a415946d5f6a673ead7d804df83c99ced","flac",NULL
"536b8fc9694dadbaa7b5d5b54f58e2cea0c9fd42","flac",NULL
"6bc200ff7f3affd85713387cdb7eba84ad0a5d3c","flac",NULL
"72a8d4de51a43c2ec258a035df5236779fc3f9e8","flac",NULL
"610373abeea5a335b5d855a6f0dbef8709bbdc48","flac",NULL
"3be45aa435ea2b44ebb53c0b6ed41ce03f914573","flac",NULL
"7ab8b5f7e1436e5098c06695eeed34d973b6010e","flac",NULL
"5c0a1d56620c75722e52aa43d7062ebf82570ff1","flac",NULL
"10d50f0ee3ef66fd7ac450d6aeb5a0a7d64c8592","flac",NULL
"88ae12121603a4e97b7c304d1bf9268baef5ab60","flac",NULL
"5ded1ca6462f71f96da6fd01686268e0a3275a53","flac",NULL
"205fac77a85e5af7e82a9396bacd8a9a147446c2","flac",NULL
"611fe3e3bc5fba499c9fd5a156dc838ed350da0e","flac",NULL
"53f1eaffdee6a77f469e6924b5622246baae705b","flac",NULL
"752228764c59644877677324427c3e9f3e44ece9","flac",NULL
"1973271d62fc45e43c773c6193ffeff06257336a","flac",NULL
"fd71bdda9d4cff3537fb6590d88fd30b88f7d0b1","flac",NULL
"7f479c70c12b19dd286c7156f913b181958507af","flac",NULL
"1666967f9ff8db511aad84ea21af794d10fd08a5","flac",NULL
"252684875c03c88f787ca2ab202478fd4af39c2e","flac",NULL
"e9bff4d304370006d6fb396c4614dad1ec7b3f49","flac",NULL
"fcb12f5250fb1e1d659c80301043f136f4f635de","flac",NULL
"e54ce1bc4bc2a0a47ab323bee3a37bca0b1d416a","flac",NULL
"a7650aa000844bbe1fe8eadec4fc44046b8456e5","flac",NULL
"cbae05f49059e787e1b7149b32e6beb52d0cae30","flac",NULL
"db06242955ed24671e00272cfb36d580703994a9","flac",NULL
"ce36d1e013f18be433c28d91798d0720eb4a8e13","flac",NULL
"918e755ba310a90c99d0f7db2ea26b32ac9f59e5","flac",NULL
"75bd0b8bc6f570dff687f532dd7180fb5b877d72","flac",NULL
"ce2bc2c20d6a3b16c9383c153e8037d673fe5040","flac",NULL
"121c08c3c2b7654ff9736545ad853bba75269344","flac",NULL
"fc963c903bc8c314cb37d1468333c2e0ece49236","flac",NULL
"3649585ee81c94b7fdda23cdf80e6feb25e3b328","flac",NULL
"5ce91c59486fc7accc355ce37e7ecbea4e86b510","flac",NULL
"7f49db188a5476493c926ced7c90889135237640","flac",NULL
"69d4255a9302b7507cfe317a940175a0821b5725","flac",NULL
"5b8c2942abdcce66e71c19bda0256bcf3834488d","flac",NULL
"a3cef225a31d037efa2059ae906584c846095d8f","flac",NULL
"7d9a618b5d21986c86b1d4d193bd6f5568bcd1a5","flac",NULL
"cd5cb493564dd0f234c6836927616923d8ac2e66","flac",NULL
"f7873b2aae3e44f28c0a0a1a6868272aae84cf0c","flac",NULL
"0a83a6b08e8e438382e60a2aa028e54c4999e75e","flac",NULL
"5f40a993ecf3040c2f1e23d274f59d32b9118aa4","flac",NULL
"092dd738586b263106e6f5f1319c059710b8856e","flac",NULL
"963e978d2a442116352d0478b838cae635a0bc9b","flac",NULL
"1b34c5be1c7deddd04fefdd8fd91b5747e966641","flac",NULL
"7b33e179e682392499ed485e942539a3dd0c1ce9","flac",NULL
"3ea96ca34ba265783a7445c6090255e02ead97af","flac",NULL
"8e010a14f7eab6a531c0eb437c8792f33af55e53","flac",NULL
"03301a7ca64189f97616a349bdb6d2ed5b197e66","flac",NULL
"5fb93d4839d517ded3796745177421f7d78b1e68","flac",NULL
"69cf80724974bf4d1fdb41af40d9fe5392136da3","flac",NULL
"b38de594f47f93ddfa9f275c884874df149f2ebe","flac",NULL
"538e5f1c6da5d56919d0abd388451640bc926749","flac",NULL
"4a90b02172c35d8713201723aba66aba18f170d0","flac",NULL
"647bc902c45b9a703828c2c7a0d6578e07b84d95","flac",NULL
"25ef977893fed89bb2f21f6ce7d67963557b8a55","flac",NULL
"995c44e43590bad9ac7a4b5b48527b9d36b688e7","flac",NULL
"fc827dfbd3b5fd45e47951c48f59f902dcc5daa5","flac",NULL
"976944131f5b946299a2bb949be75afba64a3bce","flac",NULL
"59c7197a8a22b43d99dba6659204387defc55fb3","flac",NULL
"c294d189c2b8bc45335719451095d278ded3cfa2","flac",NULL
"8ad95be530921737bb06205fbfaa4d60883af365","flac",NULL
"e7e4d2bf6cfa6f19ac83fe49b0790e8bc5b0a4d9","flac",NULL
"db6d693ffd82b7694f1a6250a32da03e08824079","flac",NULL
"e0d898e63058a8713957d55d4503f72ccc608bd3","flac",NULL
"4acb2e9c3a126a3c0e2956b39cb9ff23931a0f90","flac",NULL
"74562119ab48bd48abeb3ffef567892531c34a16","flac",NULL
"db81da9919c6fec333ae4dbacd74bf78dcb5079b","flac",NULL
"bb42a6a4fe4c0bca42401997eefce01b9735cbc5","flac",NULL
"26468b90db253a4f318a31678ba4c1ae8d259ea6","flac",NULL
"93988946aa345c253fa3bf9a0daa08f343666350","flac",NULL
"68fe95d26ef1002ed5daf8526d77a53626fa8d5c","flac",NULL
"185abff9f0bb07f910bec7a761e8cd122a7a7b3d","flac",NULL
"daedf8eb3390a376017ba93ca46dd1b028192a26","flac",NULL
"e920d20800f677de99b796d9c9a6d3304bda456d","flac",NULL
"16f96194a64e3d0504b61432b88b95bc1c6a1314","flac",NULL
"f64b64a2be7f92e44c49608680672e56a0d72626","flac",NULL
"dc8d3d3edd22ec89918496defc23542d91bbf858","flac",NULL
"f58e184f81b221ee1939a97c986983f57a8af637","flac",NULL
"f4c8133da296597fd3a2d7d0527470153cde23a0","flac",NULL
"72ff0adbd72b03e7f5ea1ae03c7a177f67284165","flac",NULL
"53129085d34bbba187cee834bb36e4444197ab07","flac",NULL
"b504d0d6bbc873dbfd0a6b796e2c232bbbb3f7d5","flac",NULL
"58c0de77e0123bdb598832c06d6c7bda888d1b2d","flac",NULL
"31060fc2f7f6752b302728a4f1a4053e84632ac0","flac",NULL
"03a1a2ed2c1b10d32dfeaf567cd802d91c8e9df7","flac",NULL
"7d50b4c5b970ef9fc23f495c399256a4d17c9d84","flac",NULL
"62b215ec34165923810850a1017e8acb908ed05a","flac",NULL
"488ac04d3189a83edad2ea0e32406ba57484a44e","flac",NULL
"5ccab85931d83d7385fa759fbcec605856b7a52b","flac",NULL
"129bde8ca97606f03749055e30aa426432b14470","flac",NULL
"0114f5e0d1fb8e04a0e34903f5ad029197bf4347","flac",NULL
"c690c4e4935a8c48107540c316e5b78e91775659","flac",NULL
"509fba32c972660c65b2b2f94b5115f5c287a4d1","flac",NULL
"d647a742b58c8ad65a933cc898f6b78762f855c9","flac",NULL
"793aad171d979078863ee8d874b986d33e536dab","flac",NULL
"b46b16b96019ae835e6ff550164ff98f326a3e3c","flac",NULL
"0be9f4ab8e3399cc4994843329835e2cf9f44428","flac",NULL
"6fdf94c000b19d49392eed8897a24b5930dd303c","flac",NULL
"c03b1591ba98454c449c875ffd40b53120b6752a","flac",NULL
"3b4a74b84ca83caf7a48d65b0264fbd0cb1bcb0f","flac",NULL
"69f5920ee7f586080b89b55915582e897b49d9f9","flac",NULL
"f4d0be55d676b58af06a11c74b254ba7a1b97a4c","flac",NULL
"dc80f9776b36e607ba525baf3683d667b67273bf","flac",NULL
"ec4f9882228a6828d882c5b53fe8955b7429543f","flac",NULL
"2f24833c822ce41e97c7b54971bca927604a63d2","flac",NULL
"53025a57bbb3817b2abe7dd2d09308e06e2942f8","flac",NULL
"d20283dd2ae2f097e9be18bafaa04420475225b8","flac",NULL
"1e99142eb095c565bf2711ca606f985597153999","flac",NULL
"8dc7153862a3b67916886949dc980070bbf323fa","flac",NULL
"b6a17bfeb92cf51ab3e57a8e1259c42bf8e86699","flac",NULL
"ec7e6e5b7f52b5b2e887b31270be02ea9e18a109","flac",NULL
"c2a105073ff1fc3946c5bb76d682c0ec1209b182","flac",NULL
"c4e40a78f3eef38dc7092b6a0acdbc8b591b0714","flac",NULL
"bf03a27fb05a38059771b12456a9b707e1b55df1","flac",NULL
"32ac8e7fe18fe47d46d1e1b2ed6d7d1d8d303c56","flac",NULL
"78d4c56940c31adbe0f19cb45a4f4e5c5349b07d","flac",NULL
"c1ff34432ce317584bac56b7369b794c43f3fec6","flac",NULL
"5819d50612ed0ced0c0bc5dbb3d1413678fa7430","flac",NULL
"450863d38a643cbea25b2de8865645a42907ad86","flac",NULL
"2b0d2b2f42803bb5a5aec2413e629e7c7cc4c6e2","flac",NULL
"07797169797db9f63c935dbd4c08a60aabb2819d","flac",NULL
"d3d845fe9d2a1ba67e76b8c3ac5e73893439225f","flac",NULL
"914fe074730de0ef484fca1718e3fb4c82222b46","flac",NULL
"bad580a3d1a00d1aad7619ad89c16dfb1606720a","flac",NULL
"924c863dab380a738c758a769817b6cf5b366bbb","flac",NULL
"3f2f7089b2b85161f469bf1ecfde9b8498159b0b","flac",NULL
"275ba1de9a3a8cd0590bdcc2d4bf7a43c393cba4","flac",NULL
"06b90b361ecb3b3cd6fafc3065d1999d69589ef5","flac",NULL
"a97da623df0a1223e3bb4a001f1827a3e11bed14","flac",NULL
"00b1f08d2e4b45875a516d756cc8be75a1bc754a","flac",NULL
"5678cb40a52d37864db488f3e73c71fbafed5bd5","flac",NULL
"d29a8f1b2b274f7b4c97e59ac785c35f7fdd7c49","flac",NULL
"fb6bccf6ab6460bd09993b7f9868f9f24c63709b","flac",NULL
"d3def02655445b88f44f662c21121ca5b6899c61","flac",NULL
"0d6e1b0844af307539b4b6078ba580ccbdf44243","flac",NULL
"aaa824f0efb203aad59ad36470d05df6dc773235","flac",NULL
"66cd608fdf4a8a65f865356815ff879e7c6808af","flac",NULL
"c5f72f5c581a1c6c399f0e466abca29c9541be0a","flac",NULL
"6f9ca352a1d8c02c13031e39660eb0efc8c4a07f","flac",NULL
"40125a2bbd3700d54be31cae710aad240b8003f5","flac",NULL
"ab443f37ab8c8b85f199306b1e1745c48847e154","flac",NULL
"e556fe16a6031edb6a5375323e879adeb64a3602","flac",NULL
"bf832f98c2ed1b680ad70a2e2449b3732c59fe77","flac",NULL
"be784a94a97ccb697f115e50a48ecc0b57ebd2fc","flac",NULL
"5294303f5676a0a8284482c24afa8ecbda48d56b","flac",NULL
"c89c482e1cee2f7c01e5033ec85cffd8062c7415","flac",NULL
"429ae696afc52ca59bd6b410b1a3fdd9a4f083c9","flac",NULL
"671b40c344690a4878d40ad197b24d7c4dbbf7fa","flac",NULL
"fdb296daecc9c1727a03be18e5da6ac3c783ebc9","flac",NULL
"28df3b641d2abce87a5d6b4c2a6a1c9b33e5053d","flac",NULL
"4ea65714e838187953ea9d5a8edaa819fc8b7549","flac",NULL
"fa7b1bb540e33b01b702ab3517c89935206e23c4","flac",NULL
"0450708a983daf9e1135f6437846c48f51f206a6","flac",NULL
"9cc53540a485f863d7452930b1030670611d441c","flac",NULL
"85f99905efabc0510f2d9c8d56fb0484a5f2a279","flac",NULL
"ebbae423907d6b40f90c81f0ee42b7a24ef238d0","flac",NULL
"9937e33677f6127e26adac83d5e06a35ad5ddcee","flac",NULL
"79a297725e25b1b19c9039d5f441617d8efe3969","flac",NULL
"c4a3e3d34c3331ac8a35443166e98818cc34a903","flac",NULL
"1317df9e998b940ca4021a530abb46bc8a5f293e","flac",NULL
"d986cc3f38f57a0a4016233221d7b3a18b2b80b4","flac",NULL
"e67bf6250c04a341d7d0e9e73336af2323f219b8","flac",NULL
"fe6f9497b010e3c6f16339b9a0555a83af6ef582","flac",NULL
"b005e82ce3fff27a3f5b9c292a5ffe64a84330f7","flac",NULL
"752f2d44d5567a1e0f5035b2ce7daf3162325091","flac",NULL
"3933fb5b1fb37e9a4cf75d28a2b4b55e5034efd6","flac",NULL
"892654b271a17390aca74b25d2deaeeb14672931","flac",NULL
"9085ebc729944bdb9bd58fb2c8b5e8c3e2cb5317","flac",NULL
"129864e0f5b90ce2c9a5761bed3914c8ff3b7d25","flac",NULL
"a260dd5afea6b16e5381b41dcde191cfbf47b9b1","flac",NULL
"58a6920faf21cfd1716c7079a8e18339d4e4a38e","flac",NULL
"c483e2bcbd4c36271c8e1341ed115b54b1a1eec2","flac",NULL
"d163b49aa32aaee99d80f320c5996eb16703c3dc","flac",NULL
"70596f9e728e861142449845ccc0106450784469","flac",NULL
"eacbd5c2944682a2a66b17da6742f0d725b2746f","flac",NULL
"20f3221b13e7867a6ea6961a13bdf27b7c35460d","flac",NULL
"034c26413b6d80cb312d39c5b228eb82eb9a36f2","flac",NULL
"6450ce367536f81807ae4fd7c7d94ffbce5a6186","flac",NULL
"c5c0971757fdbadaa1debd2a24b61cce5ebf82a3","flac",NULL
"4af1adde31bc342658188e8784b3e7f2ab24f958","flac",NULL
"85dba54a4605829859700928cb1d5e53ca599956","flac",NULL
"21566b77f80625f693a90374b503039be9c57547","flac",NULL
"988b9d7fb3bd3e5747a2694927352c030abfe77b","flac",NULL
"5f4327ee37b825c6079f4e0f90b0f7ed1cb17cad","flac",NULL
"be182c8a29018c39e9f5f09d0288c322bfcff71c","flac",NULL
"0d7c766daf0a44e951c155e42f18b17527ad8ec9","flac",NULL
"966ec6f5af3b00a3d702a969c97746ab4543fe4b","flac",NULL
"4e9bd9dff47534b1af8fe00f274654a45ae345ec","flac",NULL
"1f7cccf060b5d67580e5d489f51e14ac94a0b6d1","flac",NULL
"3a703cb8ed24b91a385882a80363a16d9db87bce","flac",NULL
"bcb6b1b9e89c02812169dce12969502091e934f4","flac",NULL
"e5721fd4f61552dc816c7f9b74c1f74bde7e476d","flac",NULL
"22980dbc7dca7e40f30a23d1d1a89dbfd7c8f56e","flac",NULL
"fadfbe610cec5d3c291889b06ceba0e15ea8829c","flac",NULL
"e0355251f60eb6a7871519ba1b2482d33ed8bf83","flac",NULL
"d6026c22e0f0ad29d78d9ee833f8ced0cefc9da3","flac",NULL
"93c6d540542bc48c3729c2ba177d9565b01fc4d5","flac",NULL
"6f0e150c9dae2190deb35e4806be0c0fd024c20f","flac",NULL
"8b982131d19f3a25b2d2052b969a75ef69cb1482","flac",NULL
"612e3c646b7a73cf653121eac811df5d2fe1f281","flac",NULL
"0049aa903de8084280817688a71a7ca75950324b","flac",NULL
"657d87b36612ceade8c37fcafc0fe385b2a09c26","flac",NULL
"45db90e702d4e3eb4bd2e7b349f5e637113c401c","flac",NULL
"04062c93bc0280fb560a3d4abe98b47432b6c222","flac",NULL
"edfae998aec15524c2a3ce345f600a8fa14dbeb7","flac",NULL
"f397f175fc347bfe95a2446557630cfc686d20e2","flac",NULL
"f3acc9223ce9a67519db3093fdb9cef95d2859f8","flac",NULL
"df7e9050ecf4cd159c4c08ba6a57c3b4eba746b4","flac",NULL
"908bb982db28b26bb0c3eeea28d5d80ef5382c13","flac",NULL
"509d281bf0c09a702ee491d2aefa267dc479e5e3","flac",NULL
"04083fd600f246a2a1ae8165581f871b2d7d7939","flac",NULL
"49b1e7d26d0675fefb148cdb72c95bbae764bfe7","flac",NULL
"9e0255006cc99f84563363605ae3725e2ce02ba4","flac",NULL
"cf5c80fbd50df34b05134232dd9c5300ca388c2d","flac",NULL
"31a42da6fca2341c8b8795851798e46420cb6b56","flac",NULL
"263267f0ab2b6d46aaeb279394545e8758c8f343","flac",NULL
"ce9cb0d925ef03375cb4c3d7843d8cc1331e8408","flac",NULL
"8b9837f6abfc06cab5f59ee1c567d3dbd0521160","flac",NULL
"11c4d3bb9854c844367a141490b7898f08dbbc35","flac",NULL
"c23cc280043df5778fcb1a28416096c412c94235","flac",NULL
"efed4418841aff9e75253a004bb2caf641813442","flac",NULL
"db9d4f62ef2293cb36c2e19ea23480c67a628da9","flac",NULL
"f4d635a58db698bea38839b337a667b16b2996e2","flac",NULL
"c1c5116497ca3d3a87a27d5682f2c26462c45523","flac",NULL
"ba26ceebdb562c0cd725870edd032f44c564a79b","flac",NULL
"1899ac7dc6e7ddec960d85abcc75f193871f6f19","flac",NULL
"509f6004470cb12de1809ce7727782829923dc61","flac",NULL
"8eba88d264302a6c5005589bdfa275ddd09267b3","flac",NULL
"0351aa48ce09793db4d6dceaadd970ae3fc8e4ee","flac",NULL
"7864e4c79b67f0005ea4be6f2337640ab1b57f05","flac",NULL
"4246d2e0db4bc820831cd689234543a087f44815","flac",NULL
"f2d96c5a2a338b5212ea32b5280dad3d34583c8b","flac",NULL
"6738048a82c9837fe37f79ea5c86d48762ea24d9","flac",NULL
"b78297c96b9aff010245dbcf8a5a58986b489fc9","flac",NULL
"a8fca0e0825d5789709275df50d251d059e1bae2","flac",NULL
"54161b55ca201dc76d70d236ca41b8ef70057769","flac",NULL
"9aae7629fb33b174244d150c9e044f532b2514cc","flac",NULL
"b93f83a7032d450a244a9f969a3ec6f746d31992","flac",NULL
"b74e7531afbdc8a1d24b03f4f82b0bb0c2b22f6d","flac",NULL
"1578bbf1b6881585543a50616b977579d0a05ca9","flac",NULL
"acf7538faeb2d995926c4a886f3bd050ccce1771","flac",NULL
"d175352736a3dc95cb0f2dd43cc804427b829455","flac",NULL
"7e35091760008b43d4cc296092d31fcc86d87f8d","flac",NULL
"e2ce76a1dc6761780180cfc5ba6d7ea23e2b67cb","flac",NULL
"ac82a1d1c3125fae566df5737921749921ae3a21","flac",NULL
"0b301b2cf46776138acad41e6d05d465bd3a7edb","flac",NULL
"b6ab861425e353744256b62c67098925561e1945","flac",NULL
"3998c85b60be3de1dd0e9f22654a6ff68b73b801","flac",NULL
"0f3888e22293581d315181b48b38de46abe87c27","flac",NULL
"5fe8b9ef5b0af78e0e8ce5cef1df967766081b13","flac",NULL
"62d3edef84073f9faac426f1513ab24830dcafb5","flac",NULL
"4f1c84214aa604d098eb76c2409244e32c57ae03","flac",NULL
"eb96de88264b1dd3b07565c320cb41c9d2a1e7c2","flac",NULL
"d7782d32e417994a50d65f57c0c849d828f4cbb5","flac",NULL
"2f919231736377714a7b04fe55fa80f1fc5d1abe","flac",NULL
"de496337d23a97352d41d025cf352490d25c112d","flac",NULL
"7c7e50216a93ac9ce7e1b8fc4e842ec41bb82a41","flac",NULL
"9a9d402e14038fdcfa1c9bc1a1a3e9a71bb287ea","flac",NULL
"cabc868ef6a0f53fba8aba4aaecae1e91d7714b7","flac",NULL
"6bb62feb2eb54f2929c102bfcd1e7d81259cf891","flac",NULL
"9985bf83b05e8e19237d621a0933c547de073c4b","flac",NULL
"08992a99d377154a69a467d1dab1be595d166a1e","flac",NULL
"00fcb1cbd71598f71ca1ad6cc7ba47625b9347e8","flac",NULL
"6c412f0bb1f3c652769204d75611c6f0eabc7527","flac",NULL
"58bb2cab6c98af8c270f7e3931fcf58795e85484","flac",NULL
"92df8085632fcc2e82b557e3a21392ca41215254","flac",NULL
"e3a39d5eb4b09866d2da51fd45ba1341d8920d39","flac",NULL
"0267ba234914526dfaab69e4006bb1b02dcee633","flac",NULL
"fa56d7eeec42db058a819f7fe6968145de35092f","flac",NULL
"87649eb370ea9c2577462bcb3b36dd89f2e872e2","flac",NULL
"f57b959d487fcd50dbc15647544e8a94d7a21c87","flac",NULL
"c93675490bd3ebde912ce9e8cfec424bf8f52813","flac",NULL
"be6a20a67dc0069a40f36214b27a9cc9de985fe2","flac",NULL
"d213ff71722992626e712ca6a9813c814fdbd4e0","flac",NULL
"fb8f2e1da4de51b8a0dd259fce43129dd12b2b0e","flac",NULL
"5830747dd4677ff792827217405927c294aaf0d6","flac",NULL
"27593ea1119fa497f598088fb9928bcadee30789","flac",NULL
"c9a3ecb2de92f9e67880ebcd0ca218927f2f238b","flac",NULL
"89586ddbbc0d761e01868122d6c7cf3d0d8d10b5","flac",NULL
"e31227c9b688bb21beefa1e8feacaf5a97a72f5b","flac",NULL
"c71e3987dff285752ffbaf4ec6d49fb3edffa7bd","flac",NULL
"b602f51dffe1d55155fb273b75b3e5407b2a9211","flac",NULL
"b73f195e4eed6f06381a3a03988c633406bb6ff5","flac",NULL
"eda12ceffcb3f8d19c558613c7561e1300bb2c9f","flac",NULL
"05baaff12f0b7d33b329776fbeef5278a8d4f598","flac",NULL
"b2916b5eadf2a6c486e6c08ebb0a4360fd4f3406","flac",NULL
"66bdba932849467260afeb1c7ec7c7d05f747dcb","flac",NULL
"c52dcfcd36b392140c4fe283f982c0162fd8b5dd","flac",NULL
"76ed03ec169ef7583721934bab99236ea3266b35","flac",NULL
"806c7cde15352854be9b4c205d1d763b58027893","flac",NULL
"83d82b4938f2e5e7795356b10105789b3409ac64","flac",NULL
"709bc8f1bd5148fe06fd9f1f3f5e8604cee70b20","flac",NULL
"b09ec8c005bf9dee8521d405cc9a1881f2f97e16","flac",NULL
"8ba3b5974d93e2992b57a00bf39c78398d63cc8f","flac",NULL
"8adec22b37348bde76823dc30f38ec47567d738a","flac",NULL
"448ad7cce4b677d254b86936a4b667ec9588adf5","flac",NULL
"bf698f744837768c5ee042bca582d25034b77396","flac",NULL
"0c5e5f2c1b2e9334f809ca5d0fa24212dabd8ac8","flac",NULL
"e82bf5f55a4cd498591927466cef4e98b3d8667a","flac",NULL
"8dd44ecc6f92329cc3a64a8635db43d0103f08bc","flac",NULL
"731c2c8165bbbe6ee9a4174a58a3838e5e3229bf","flac",NULL
"0b5413f1621713809805d59d0e512b8d3430ffb3","flac",NULL
"676fb590a25724b81da7d5e1103b9e29896b5426","flac",NULL
"4a27d55af48458cde3a1bef7a2537dc2e73c5f77","flac",NULL
"76d6d20e5290d6cf790e3d5f28fed66e065e03b5","flac",NULL
"2083a213fea85575c828b91c1ac0905b4df8e3d5","flac",NULL
"bb838c2a924df5dc441cdfc49b99dba973731cbe","flac",NULL
"3ff699e37cbb4f38cb549d883075a2d24ce29825","flac",NULL
"76da5362652713f9dee2b064138742a5bcc83f84","flac",NULL
"dfe87137fd1413567b22dc1ab6b237f420538bd3","flac",NULL
"c400e1581403c9c91ca590375d4737ed9d2d7309","flac",NULL
"cf55db0c136c617768b223bee323f3ebbd2182f1","flac",NULL
"874518c9b10c6abbbae8fd4d7a3f911d39785a34","flac",NULL
"82c56fe4d9a773a9471c278527fdb641eaca32c3","flac",NULL
"acb2f98d39e992dcafa9d7f99f181e93a6675e03","flac",NULL
"10100d9bff9bcbefefee3b5a79e40d25a2d59f6a","flac",NULL
"d9d2f4334c641c0c30b44db2725aa785fa0f1710","flac",NULL
"ab615794d7197927bb9c19b067dfb352937b7c41","flac",NULL
"de6a0c5958f13a9265c5276361281f1fb7d6da10","flac",NULL
"f28d96c8fc46638b5c7e4f4e9cdd420df1f6e73e","flac",NULL
"d88a12d14e6adeffa96c1c17d1a349c755d40451","flac",NULL
"8163cb8c758a2e1e733b5b300339dda7cb177b32","flac",NULL
"ed84b15334544c89afde39cc8e8ffffb4c4b9475","flac",NULL
"4b1008878a0b10ab270b1186f852f9531e53acd2","flac",NULL
"b6ea0e571be443c5aca238389c05304b1146d43e","flac",NULL
"ed64d95eddc5cb1f5581681160f8a20c7f2d77ce","flac",NULL
"42cd9c44b29c6fceb695759f0e2ddcc1b27b9742","flac",NULL
"36a20f2336e13cac0238e9572537d5a627c504e9","flac",NULL
"ee8ad1cc129ae2f09c689ad99b63121fe0cd59e5","flac",NULL
"06b2a77b15017f3731e64906ad1b1fce5ddade2a","flac",NULL
"b7d2ad3b9d2682b1d8482f8b7a8de3caf84f8d9e","flac",NULL
"28b5700d9fd968b333f7204d08d8453b28192902","flac",NULL
"3e899573cdb467ce3be0d64a597014c261cb217f","flac",NULL
"1a0eb4278057c06f9dc03abd51b01389c9e6a85d","flac",NULL
"32a34e95015df77befb22db72918485d145bf8af","flac",NULL
"25141ee59e0e44d3ca0fe24073b24c7f4e47af79","flac",NULL
"58c1848d7efbb1eb8c9bc2673d1dbdb9b904412f","flac",NULL
"2466572e0f28a40e0f7e0742b4dea3efb5228800","flac",NULL
"026197c92092cbb72689fc88e26b7d41976e0683","flac",NULL
"c60279f1abfb34f92e3974d86c94a8f6d3176419","flac",NULL
"a1f76929f14b1747cceb338d908cae1c87f221a4","flac",NULL
"f3911d582a0b27732876dfe4311e873ed72a53f9","flac",NULL
"3dad9bbbe7a10a8ebd81739d4f35e3463cafe8df","flac",NULL
"4341d064d4eda2b42351dfe963d1c427e3bcbb08","flac",NULL
"830cd51edeb93e53fba85fa7e2bb33ee3017cff8","flac",NULL
"75566e8aa5569e4ccf98e29975688a3ab37f1793","flac",NULL
"c27ab6073c1a66c1538f1b38bf473acdb36b7664","flac",NULL
"a47b694d06f7f3296c4531c03bb85860a50ac1f3","flac",NULL
"b451e28cd476e757f0ae111d847fd9ed9f302cd2","flac",NULL
"985545d279d67ded956f63151c81ebc98756b13d","flac",NULL
"99fa91f0743a7c6b3ee450d1bfe0198b81cc980f","flac",NULL
"400b7f153f279e9d2c684d64874c68e53b9f07bf","flac",NULL
"721e63a9131041cc1a2555646d4886e0678eebaf","flac",NULL
"2818b80cc361712e4b669b68ec14ef650c89c801","flac",NULL
"1b22332de39643f5a8a7e19a4ebbbd1a2627d403","flac",NULL
"d61b72791d5523c5b27defdbfc88158dfcae8da8","flac",NULL
"0d9e73f852925cfbd7b8d6ec966ebb07fcd48aa2","flac",NULL
"311bab051fe7dbe857de4bc0bbe0c2138b778a59","flac",NULL
"28e248c60b8fe6987808b9d925cb95a9bbf55b97","flac",NULL
"e63339f52a1742ed9fa412403372d147c2c49cd8","flac",NULL
"6252eaa2b1380d524c490f3e0c877b6be7695c6d","flac",NULL
"ae8db8d2c2125fad379e34df96499f55be865b3b","flac",NULL
"db936e33f3c133ce83155c1992f1775aabbf126b","flac",NULL
"2bba86f9b0e340f1857d69bddbf3d39f23965c2c","flac",NULL
"db948cde50de8b55fdca347b9ddff60b2adfb3dc","flac",NULL
"145eeb4c656e72679ccd2bda67f7081996b2299e","flac",NULL
"7aa86b841752d0a5b4ff0ef9487b8c3a55a8d454","flac",NULL
"59829bbbe85b370f407363ddc2b7fe66f4009905","flac",NULL
"54ccd415b7db2e3eb5219ac411b9adeeeb036d8a","flac",NULL
"85566fa0e83619fba524dab24c28417ab780bf6a","flac",NULL
"c1ce7d9d2ca5621532f254bcbcb51d6a550599e8","flac",NULL
"7e3f240f7ad839ce11bedab091342f8813b873db","flac",NULL
"daa24b677dd74698383f3408012bf9076c99da3a","flac",NULL
"dfa4531834dc2fbbd34292073f2286835c137c9c","flac",NULL
"9a33f2e0dee4890db42a7bf6ac363888df570467","flac",NULL
"6b18427fece58bf6a83f68f1eeaa7431f8f3e005","flac",NULL
"7e79a51aea6f497efbdb53b8281c2b55b6616034","flac",NULL
"905170ce062423f73d5171a91c60c14b1ec2b845","flac",NULL
"5cd7b8014bca72ae6df240fa2653858dd04b7ad0","flac",NULL
"c2d062b204a8473653cb3f6140b26b3d81b10e6b","flac",NULL
"1f92ce4c530cc5297b5a6679f9ade3a096a181e7","flac",NULL
"405e52dd393072e469d5fd248b9def7f2207db94","flac",NULL
"df39d6b05946c2ef9440be45fe482e494c4ed13a","flac",NULL
"55a223b996112e85234d49720af496ddb30a4a85","flac",NULL
"15de8deaf224332cb23f0905be1a309e446f0147","flac",NULL
"b035c15ec6fff4901eac3c36befe181f1682dfc1","flac",NULL
"d2ee11f6ed59122439507a1821c16da9840e475f","flac",NULL
"c8480816df0b6e3617305013721971b91019e033","flac",NULL
"08f0936d559f79ac8245f6d7ca180280a6999c1e","flac",NULL
"388186146b43c9983ccb4b2abe5687505d77e434","flac",NULL
"9075d10e19ba735db03c73bf280dffe8c8025218","flac",NULL
"418fcfc31a4243fadc3a5cf426a03e9135781023","flac",NULL
"6c75e2a98894c0841f552647d1e633356eafe5b4","flac",NULL
"fa1228d6164a66592376161c8e0cba888b0dc70e","flac",NULL
"10893791444a974352c0edf92a558c06131f3e04","flac",NULL
"88acf0ede9ab0d75e31fb9151acef9b16c874b6d","flac",NULL
"7535ec00ee1a386f095c1ffd988197213cfd8082","flac",NULL
"005355b5a56941d8772d05957c8b2c012f4035e6","flac",NULL
"a31a3c2d9ccd3f64ad162df83256c2d18f557a05","flac",NULL
"225af046e4e02e8aca6b103eeeb0e565934f4979","flac",NULL
"81323891d7c17b3a0de2fd768a0c0602d649e481","flac",NULL
"14a3ce5c10fe70d5fda7791ccfaa5f3c72c5f263","flac",NULL
"c7a974d27219681d151a79decb42e35f0da15b6a","flac",NULL
"b99a43b5aea08c3c424f904864fad82cafc647c3","flac",NULL
"41735ba799252286d223c23d5a9784022c181afe","flac",NULL
"c705d4889b28b3f9a3dabdc95078ca36d35062be","flac",NULL
"0e220f3f8696c284be5cfa2516e432b8c68dce17","flac",NULL
"61cb39f3865239905ac501adb2be08b678a2fa0a","flac",NULL
"c150ef7f3dcc164eb7b4b21d42fe8ffefe07f8ae","flac",NULL
"4457f7a639b77054ac737e7df7055ac469d95f11","flac",NULL
"bfd57b79c1a28b20ea732475d1393e9e1ccb9ca2","flac",NULL
"f9925cd11a91005c34ea74434124f2b8dfa2e9a4","flac",NULL
"ea1bf2f4962ad65129a7f8500890a6aa5b8d0598","flac",NULL
"8c785d9488bad9097fbc4ee269f5a10b2027b8a5","flac",NULL
"581dc3c203531d50b24fa9755a6ae3477a8bac54","flac",NULL
"080cff1fcac8a1ec4f1b58687a730a1d0be0bfbd","flac",NULL
"fb19d892f331138f141d579291db165aea6ee508","flac",NULL
"f00cfb43b7645a47b12d3a77930c65d7dae48399","flac",NULL
"f73fc60e6e21b00c73097adcbe74da70e700a5ac","flac",NULL
"060f1ef02713b78383d8f30e4f97f76b57c48249","flac",NULL
"442ade938db3c117bd4579029d0c27d506fc9cac","flac",NULL
"9c3c83f441ab2f21f73c5bdc3a5333b6e1d4301b","flac",NULL
"d47faeb7eff08358fe98fa2b457c9fa02404f323","flac",NULL
"719024a517341616cc28aa7a97193f86bb657a12","flac",NULL
"073a91e6b16ccc0f0646a99be90305a3cb33c353","flac",NULL
"d93cab84f12b17f342c013a17ea49951d33044c7","flac",NULL
"494aa427d35174de5c7beb8d256a464100c8c8bc","flac",NULL
"19846104f245260a2bc0b208bfa9263408766d34","flac",NULL
"b7d58704cf39fe7e59cf9784a411cdf9ede7a8ed","flac",NULL
"930ae4de145ff111e70b6f39cd200d7d2e3d7c78","flac",NULL
"30fa679f7a28101f7fca936cbe7e646922efc2ab","flac",NULL
"f26761ba3878164d22b42d699e878fafee38d14b","flac",NULL
"328af933e1c2f111b372aa0b5d518f63a11dd6bd","flac",NULL
"dd0d4c2e6945f7dfcbe10bdf456cdc987446ea06","flac",NULL
"6cb1144551be2881ef612c59872bbe06d482d30f","flac",NULL
"a131d2d79cf0f2236ffcfcf86ccef501ac64da4e","flac",NULL
"210e01384bd478445be64dc9f20e1814ca2ef214","flac",NULL
"fe3dcbf3de5bc552790ffe6b762e714739226462","flac",NULL
"f83463b0e95184018e611e1e1c44a5885aa3683d","flac",NULL
"8ee23950e78d4971d2c6b2c07e17397538548eb7","flac",NULL
"5666a0aeece445297446888d40b037f0b004b3ac","flac",NULL
"7c0e6717f0f379f08a639f348e68cc99b521c0d7","flac",NULL
"33c8b8bf0e0a3ad2c97cf01c933d09fb401cd6c1","flac",NULL
"04a782f35517c62e983f4bbd0df3185271207aa8","flac",NULL
"b1249dfefd1adacac72b34a3d7a8c733a514bb03","flac",NULL
"eb9f34ed27c6e2957c6c9f7de3e8e7c16e158f84","flac",NULL
"dc9a7fa22356dec4298372f50913d14fbd1c949b","flac",NULL
"170ad731fef69800973e672ea7151b1f4aab7aae","flac",NULL
"f616ee2250a05c700368652926760a846485aa40","flac",NULL
"ca7e09ef7be6dfd86ed5f31a1fbb7f1d9832c0bc","flac",NULL
"e7d0aed0e66d5057ae24ebe251c721a220a9d86a","flac",NULL
"6905b429cdf0ea4ec31c04734cedf4c805a74d0d","flac",NULL
"46b91faaf3cb154e3ffe15f32b623b0d1ecdcbed","flac",NULL
"663309fad936f814c25846d4263e0506eac3f02e","flac",NULL
"c816e45a8b47beee489596c2502fb4537b9b8b7f","flac",NULL
"5540a6aac804e389cc8ecde8615d4a3d04d5e991","flac",NULL
"064a50e82e23858054da2df57427f5b2580296d3","flac",NULL
"65521920728bdfc2cdfde4e680e7a10c0ec43d5a","flac",NULL
"48469b6599ab7fdb10e546a5e1d3753a3309f596","flac",NULL
"2e94df2ff13e3e11f135f2562df7a09f98566b6c","flac",NULL
"2578f445dd6816d1306a0ca8578f1500dfc0b4c5","flac",NULL
"9acede543d18432316117bcdf205bc4d66d15f7f","flac",NULL
"51d92e6694274707ac4b97be2f3d42192d1b9195","flac",NULL
"caf944d0813e6f6e59c715a403dc268ee7039470","flac",NULL
"5e64b614c73b7af78dde9faad85d6dbec5e6c9da","flac",NULL
"f473894f77059ff2e91dc4f46cec76aabe12bc41","flac",NULL
"7a800d92c2b8e5ffaa2a7f1b4c34e5ff578a3f4d","flac",NULL
"ada763b036a4f9bbed9f6ffa467b1ba2ba3aa9e4","flac",NULL
"ec690f09ffbd91b7c98e8a186b6e0ef2afa5833d","flac",NULL
"4d36803caab607621c8817683b15629cb9873208","flac",NULL
"8b26506a70ad6c4b91de646ded94e2f5779a34f7","flac",NULL
"41e6d8e230eb3862382dc37ac4faa005b86b6905","flac",NULL
"4f78eff49233fa17ee86e0008662266b900f3b94","flac",NULL
"c4f19dfe6857bc3d90a8c6bfa7de995cbcb1c1c2","flac",NULL
"f9b0f44685a241fe9028677c12de1eada18616e9","flac",NULL
"da0ab8ef484417b9db7afbbef2080a0dee6ebe33","flac",NULL
"ace516ef888b9fcc5cd4b72de82c6ed0711dc531","flac",NULL
"dc0bbf3f59092b0ab07ebb5ffcbbda47e3f50011","flac",NULL
"5390dcf37ac7929ad01b3010687f4a6e0d21e14a","flac",NULL
"88c6643ba9564503154c24d984c208086e4dd84b","flac",NULL
"a02d8b0a58637d110e05a66280a89fb10b932630","flac",NULL
"9dd1cdefffe3e80dd4aaf18300ead3d86cb805a5","flac",NULL
"c3d17f541f08a0b637e8323758a6fd0e33b27825","flac",NULL
"1706559f795fe94e2a2c3e246751270a45a27773","flac",NULL
"3f6d8b636e948b32fc2b7db4c9c9d531f24357c0","flac",NULL
"ba9dce903c41c1244820094c6fe0b6eb365ed1bd","flac",NULL
"94db6df9d8745fc8f22637251c9dbb3031a8cf44","flac",NULL
"364b724aac56b83be5a70bde9c2fe234fc63298e","flac",NULL
"66f89d145b8e41e49c4f9b1a7cc8fbdd06e5074d","flac",NULL
"cc5f4af5decb5ce4ac3527766bd4b69f20610ae6","flac",NULL
"52b3272144fd9aedd62466953d32c0cd7396105f","flac",NULL
"ef8149f8aca28d0f0e15932d8f4dc91892d78532","flac",NULL
"143564e98280438285359b7680d5ca1ddbf21bdd","flac",NULL
"a0fafcc6d07eae6debe977ad33a8a2ee9ae0c73b","flac",NULL
"8f9fed7659323f2398d33f3ff3f20ec8ee76f6c1","flac",NULL
"18219232669d81c445425809cc5f08fa8a2e3049","flac",NULL
"bfbe200c233fee6a328917fe3ee9089ee1df5098","flac",NULL
"fe0f526d32ff7526c4ea253bbe18e0cde94c4bea","flac",NULL
"b5159cd3b79c5e88e0290ae603f634ab3837b541","flac",NULL
"e5f946a5d2047e710471ffd8545267434ba1f7c5","flac",NULL
"b3b45740f6235b4ac7886a4f9441b8daa053ecc9","flac",NULL
"c024b0f49e98347912adcbc1bfb18a5525ab3820","flac",NULL
"93b894ee9508ac43be97ef119a008c0560cc642a","flac",NULL
"c01791348afca82c2eb3b6ced9e077c01c32d813","flac",NULL
"c0c6d18caf7beb85d5267a1ba80d28887f443c7a","flac",NULL
"b8637827cfacd9e85d3b0d5731c7ffdab53f7ef4","flac",NULL
"2838d769ca83739590148e771338d08aaa3ea615","flac",NULL
"e03d25ca77ccd2afb05ce273b7e307d7ed77f4f6","flac",NULL
"2da68106052aebee536cbfa4d6834cf42db131c9","flac",NULL
"8e11b8eba993b342fe1f6b07fc140c72354d942b","flac",NULL
"20c9d8c3977ec71b04641d70e5273aa9260dfb6b","flac",NULL
"ec4ead6c7f766fcf81709685c0430b6dce2738c2","flac",NULL
"7efcbeb961ba3a90cff79feb3cd3338073f786da","flac",NULL
"3eb0e523286608c8c456c96b4c8ce56e3e4b84fc","flac",NULL
"6d0b9cf331a141b069efd1e8c9c5bfe41904894c","flac",NULL
"73678e2556206b89b2be9cc8e53c0ad917e968d9","flac",NULL
"59b1e6e472737ac00dbccec6bdac0e062dd1eca4","flac",NULL
"48f4ce9441f199e7ecfd309f3a8ea7ed690d9bb9","flac",NULL
"708128f03d210265963af2452566095d39c0d4d1","flac",NULL
"4b22f78e68d3393a4c808598c22133ddea91f49c","flac",NULL
"0c1e330066bafd4591e94ad18e86566196c6f115","flac",NULL
"fde2dc0b7177722bf8fc0863b7168fcfd60f0a40","flac",NULL
"5c2dab6370fc612b7793b8db117c0e3b7f1284c4","flac",NULL
"8c0dd8c6b71e88fad6a99f032c0ffba4c71bdac0","flac",NULL
"ffafc9e24ba91619a749001f303f88fad5e968de","flac",NULL
"86e354b034a9bb636f6ed8b9a0d7a59a6a8c468e","flac",NULL
"4af3c28e7e0350516001574c75a8422342e46204","flac",NULL
"816f4d006e075c646878bcdc562ce958c6faf0d6","flac",NULL
"cbe7c699ed41e0d2430535983b6387568c2ba3a5","flac",NULL
"8fbfa7bba2568539ae4ba8f3050852d180b4378c","flac",NULL
"53ecde70129f9e1eeeebb77ff59500d2bd4ecf81","flac",NULL
"3742e271570920b6488e75b987abcb61ae3f59ef","flac",NULL
"289a92bf9518963f348e3341dfb888001567e428","flac",NULL
"5216876760f14350614d678cc8087a077b57a40d","flac",NULL
"eeadf0081628b29b340a38c8638700f25c056b2f","flac",NULL
"26b96c8c77115a51750ee1c6a298dab9e0a10d21","flac",NULL
"12ef1bded262657365df5c26388ce546a34731a5","flac",NULL
"d958c8f9ec47420e69e71c1969309c4bf600b755","flac",NULL
"664aad8b7a8e269bfcdda1daf223693a8ca417e0","flac",NULL
"091a6919f6a672723284b2a81a0a41465aad3401","flac",NULL
"6ed2cb676a26f10795d5d73f9c655ad10e401eb8","flac",NULL
"ef73e3e399c4817823f34aa7fce9c1e8b6cde574","flac",NULL
"0c0f25d3894261120c22ac164cb559efab65718d","flac",NULL
"8870e4ffbe823c5195b6c3f760b00185b7b76903","flac",NULL
"3323f436b59cc468f3ec9d6d06bf8e14d87710a4","flac",NULL
"3e94fbdf1290867799dceabccf7344afa90cca4e","flac",NULL
"67d9890061447e24f92dcb0797d6deb985843458","flac",NULL
"186be7822da16d54e4d5796a0704a42b8cc4c1c7","flac",NULL
"cd236ba099cf121ea33c05a3a26fd833ff5456e2","flac",NULL
"d580e3a19db5239f6e13d41c58e18269823f12b2","flac",NULL
"0a746c40d00285331fffd88cced339689b05f282","flac",NULL
"e1c2e2e22436f96e5439cb4ac32d5a39aa7a4409","flac",NULL
"d6dbbb5270add032a8aa77fa8fe5925673419b6c","flac",NULL
"f7f4a380efd8f411a0cb4d8784cd127044daeb84","flac",NULL
"9e08ffbc09090b500ada11b27d1d5a6165234581","flac",NULL
"e314ef628588022ad8859f05104e7053da1bb06e","flac",NULL
"ddd20f23607bd9cba5409c05662a49f0fe4f4400","flac",NULL
"ade5dfb833107f087770d5841ec2a1944e51250f","flac",NULL
"5e1bbe8041c0cd7c48436f4e9e053e5229a45d5f","flac",NULL
"033f7b17cbe673c62e4116ed78665854907b327a","flac",NULL
"82f291293568204f100bbb3664975a9a9a791c95","flac",NULL
"1e4c9167c318843d844be57d9a8b740b63249086","flac",NULL
"44b96ba055e1cc403d1cd7c01d17d8d6886ec93e","flac",NULL
"fb75d448b47fbc3eee5923c94fc0ff32466858c8","flac",NULL
"603de57cd9f50e0c0003e9eceb69db24b56a7c65","flac",NULL
"9e851985811592c5cf719eeca1d2ea12a9abf6bc","flac",NULL
"13e20e43b76999ed1200f737bf49ae58b81d59e7","flac",NULL
"dda92e555f4feef44aec856bc12b51ef737223d5","flac",NULL
"530ae8a692125411f09f2055238bcab193eb74c8","flac",NULL
"f9d46c441c202685531d8fc749795212ad59a719","flac",NULL
"734725575244290b1a605f333dce855d7cef3971","flac",NULL
"5e744573be8395d5c4ff153fd6e9874f831c90a2","flac",NULL
"79eb80fcf662765608bab09cd0d0ce8edddd8034","flac",NULL
"6c8122f39d9b5147b75950e9fc8a4d231d67376c","flac",NULL
"f81fbee1a1b9ebc14c31bc65515a50daabe1e635","flac",NULL
"dbb7c151d49d42b5d55ae37cb9ff779bd0f363ab","flac",NULL
"66f416bf8d0fe556b1a79a4d04267a801363676a","flac",NULL
"bb7340692671df5ba7efbb58fdf14b6e8f021e43","flac",NULL
"407eb366c565d8ed0fc66b10887c00bd0621fdcd","flac",NULL
"f22cfd8f64f222e7e96192075a23076e775a0b8f","flac",NULL
"901840eeb851a4678cc1f3e2ecb79292268579e4","flac",NULL
"93de3b1d0404a83b216692e4b1a19e2fdd642723","flac",NULL
"e9bfece6c561d830e2f0292db0222d564812de75","flac",NULL
"ecaac42061ba0f1e7445f698ac991c59ebf79c80","flac",NULL
"105845e612fe56dc8f895aec9e42b453ce62a9c7","flac",NULL
"8845739db6ccc67713e98329bc07c68ae7736969","flac",NULL
"6effd0821d6cefbfd23bf569f740687fba41fe10","flac",NULL
"2cf713aa1d2f5a2ba0eda181019533328d6a78f8","flac",NULL
"033f2c592dd9c638a19bc1367e77693973287bb7","flac",NULL
"fb64fdd7d8ac8216fdb0cfb3bc11c08f8ec53e68","flac",NULL
"f936d0b5399efa12b593d84f621f16ed3247275e","flac",NULL
"988331779fabe03a060727d2c72f99951efa3af0","flac",NULL
"d7a8ae8812b26198b8bc7d28e89d0d49a3e70b28","flac",NULL
"d51750ec601010ca28fef338c8040f4ff72f689d","flac",NULL
"6f767bad2573da125b1fc4560e1e50d82857d124","flac",NULL
"5579e374b480e04ab4f7878714b1e113deb496c5","flac",NULL
"96d6b907ff05162a7eab3d8fa3f5ff4862b3a963","flac",NULL
"fe0d336ccd289d7a0c737235290041c4f4f7457b","flac",NULL
"44bc27703595876f8a63fa8e8ee5f96cb6c7fd3e","flac",NULL
"48bd125d06cca234aff42fbadadcf7590f5b8d20","flac",NULL
"ab079aef03de209478382c9c007e98eaef248e09","flac",NULL
"24c5d3eb657466ee7708e7fc3a1f37be61453521","flac",NULL
"4c1c93f1c529b93b315fa6a2b61b08c247c7eb43","flac",NULL
"737a6b337e8dcebaaf1b937303f1db73bacaa1cf","flac",NULL
"f8c99a5d1fcbafa48580aed91c861c7dfbe47374","flac",NULL
"d21fb6206fdc4b33c36e1408cc5ab62e6e580627","flac",NULL
"e45fae0f6817bc886df3da9396cdbefd02ccd70f","flac",NULL
"a224c3760594fe6f3188135c8646182ac84719e1","flac",NULL
"63b7a7bc123e1111dc202b9c595573f5733babd4","flac",NULL
"1f9317047d4daef5e4efeabe7403fe56648f9bf6","flac",NULL
"6178abeceb8fd4ea592499d86c426b71ba658063","flac",NULL
"55b5219af989961cb904cc7dbeb68ef785ab1f41","flac",NULL
"a1bc8b20871a831ca43aee45a6ddd760d95b9b5a","flac",NULL
"59ea39a5859e70befbf8c6dca10c1f4e024172db","flac",NULL
"f69f76047299633a1f1db9dcc0ec0512e50ceece","flac",NULL
"c273fc89d668a90a9af82a6c7c7f4d08383ab85a","flac",NULL
"684d2ade835f208c44f2453c30abbf6fa0c67426","flac",NULL
"00884632ec22113203ea117fe020b331e047e86a","flac",NULL
"4dfc9e825399ea27e9704cbb351167249ef1b21f","flac",NULL
"755537f0fb5f6134facabcfbf92b0a6ad0088412","flac",NULL
"963fb654a7a3209baace9e75b116ce90879e1660","flac",NULL
"7c0f1716a2d073108e375f7cecb0452f50c07fa8","flac",NULL
"ae98389bec81bd044f6d33337e2b169ce96cc2d6","flac",NULL
"eef39f4f6ef68b2b87300617521e8a4e1a2ea457","flac",NULL
"251ebeed7d87a9e2de1a0f208395423f642b875d","flac",NULL
"9d5996fbe120a6338b729c85c82ff755a751fc64","flac",NULL
"3f547ae22ed1ef84832811f16cea2ad391e72df2","flac",NULL
"530b014502a8b1d7bc0b4cba22d698e819f9ba34","flac",NULL
"a73ff71bda6c98eb7761a434ba43cdfebf66218a","flac",NULL
"4ed8685d3e5bf8523ca0c9029c46e5e23b950bd5","flac",NULL
"ca17fb5ce428be5fe9372511a1a7424e628de187","flac",NULL
"7f0d29ac63477568b8d2b8c096fd8894d0826432","flac",NULL
"1dc67f77aa1bd2a1b273038980289a44e322ad36","flac",NULL
"b9093bae54e3811d499431a0707f60323a828407","flac",NULL
"ba03ecbe143dd1d4133a47b30629950cdddc79aa","flac",NULL
"b2929ee02d6d33949594a9b4df46b4d90ad0e96b","flac",NULL
"eb5e3ac8ae81b29f944b44d346b3a141b347c1e4","flac",NULL
"c745889e12be8227aac75921ba7c646c0317a02e","flac",NULL
"2e5fec5e2be554b61451f6c84e18fd2fcc97b890","flac",NULL
"ca1ba8d80f26880182647a3035d60772c0503a2c","flac",NULL
"b0c15ae6e49b86aeaaaf946736da4c0b9d881415","flac",NULL
"6f7721609a9b196fb3426e937411958405cb74ca","flac",NULL
"be121107155f48d58fe55a82cff1d2c5c16ff732","flac",NULL
"54ac9ab45abed0332df07aeb2f26755cb876cb91","flac",NULL
"681e898eede2639324b2fb829748e3ef2ec66a8c","flac",NULL
"41e001b3a8dc12ec2788e627c6b3ede41bf913f3","flac",NULL
"6dcaf5cde96824854e4ce22df5913ba15a74486b","flac",NULL
"258f75c7f95e1cad50a03511c06b3b04a5d74a98","flac",NULL
"776a16318a3b4f6f2e6a350829cde06b5df60b5a","flac",NULL
"036e74c1e58a6028a647b68843d9da25e5f1a18c","flac",NULL
"15aafe03d8a3c5d5856a014e93c69c76c6b79bbc","flac",NULL
"fbf0a2c1036e66afc5e46e9e8f5e8978c8eae384","flac",NULL
"17884322f2f274c3d31c06f91fb3b23b99fd4b29","flac",NULL
"ab210a81920823896936cee0693e46f3bb08a8b6","flac",NULL
"568b031c45f799dce1a6597234b8dff2f72afb4c","flac",NULL
"8464d48f3986ba80f1f1395652dca8a3b3b2254a","flac",NULL
"d9057332111710d012b214a29b6a382cd73c6ebb","flac",NULL
"e659b6f5f2070d1e9d66bdde6931ca280bfeb76c","flac",NULL
"9943cc0685b197d40a9ac5bbf21794f3a8b933d6","flac",NULL
"1d2b7522e2077e7e4c558f63469d11e927113d22","flac",NULL
"d30630c3b996dfa3f9b733be29db02c8b10cbeb2","flac",NULL
"5218828300a7ca132227ee5ca3e9d5d67298807b","flac",NULL
"9c2444492354ef0fa26bd66f902dd0ad314264c0","flac",NULL
"6efce0d393590e32bf351a896b5ff863d151e515","flac",NULL
"f3127543a89c7ccf70d675d6728d0587cfdff775","flac",NULL
"266c4a2ecf4ab464d7e21126a9d39966a76067e3","flac",NULL
"0e7a9ecf637cef6c3626b51c31bc4cc5e94c830f","flac",NULL
"aaefc0c5c5cd5325d8f8ff80e2108987f032e793","flac",NULL
"cc47a5c16d7b3283ab86c9d99bb1a58576298ff5","flac",NULL
"b32a026c47d35d6668cd847ca2143984c5b65219","flac",NULL
"256a744f0cf1dfa6d786c216ced8ce70cf19c019","flac",NULL
"c762b389ef0d096db3b023e9adaff94b67de9255","flac",NULL
"9e297735b3d4e505ef8ec369c02e9a226b9ee042","flac",NULL
"45cc4a89a2210a63f1705f4ce951bc0e01b69e47","flac",NULL
"2b232b2280dfed4c89ed5198b4526aefc5ed4fa8","flac",NULL
"a9ff53b36696f9a9f7d1eca9b83c4316289c4f50","flac",NULL
"326cb5f63a8849944321e2c2dd77c58c9cbec725","flac",NULL
"337d17075e7fbab239753695f29bc9421d20fc51","flac",NULL
"12ae7e511712411709be460580bccfe2b065bcb1","flac",NULL
"b8847ec00db670c49806a6acd2a71a1bff43a030","flac",NULL
"b52671554b8cf3d2b1670a74d36c20c9f23a1f2d","flac",NULL
"5d86a199c82037dd430b21dd2b958720c79c2b67","flac",NULL
"4a477e0a3db14d089630686d940459e4cfb62c51","flac",NULL
"b3f6fadd52c00267cbbcbcdb06f35aca7560a9d9","flac",NULL
"c896e464ceb9a3ceb6177106460951ab4c86da5b","flac",NULL
"1cba1ff5a0b0888cf8fdf130a6dadda157806b91","flac",NULL
"c6523e7d086932b2a9cb58c8a76f916404ae7762","flac",NULL
"b2c396286950ff915868bcab31fb4764fc5459ad","flac",NULL
"8616b6761b91a61fc6ea0b6f44ff0c193e276531","flac",NULL
"5af1b33fb38b56b4807f081a3330404b7e4e9efd","flac",NULL
"e943d668cf25a36a8d5302653b104be28ca58159","flac",NULL
"151c1be82ff859304a4d8912a222f74665c7eda0","flac",NULL
"5b2c5c3b1604cefaca057860f175cb6736166fc0","flac",NULL
"66250458a92895a02777da0a85fe5609a04194e2","flac",NULL
"89fadc3246925569eecfefd61449c7fccb89f874","flac",NULL
"6ef3922a4a59a88c08af55949d4c5fbd6c080a52","flac",NULL
"e3694ca8581926ff84b46d541602a921fc2ff50e","flac",NULL
"86de2a83189f3709d5c72d2e3c207e697da420f4","flac",NULL
"eb364224a1ae7e376d9dc0be8034b045827d89b3","flac",NULL
"b8b0a16e982f62d1e5071225e58633b450aa0007","flac",NULL
"a56b666f626eb69e840f299ba48ef216a0d1591c","flac",NULL
"54cb98377f0cef71fd752c0a12455add505aa325","flac",NULL
"ecc0912d1edf47d9bc44fbc529e70ef5fbf25ca8","flac",NULL
"2dad074ca6380df66a86c31df5ca547254992f6c","flac",NULL
"cea44cd91580ce0ed210a397b13219e9d44fb3b2","flac",NULL
"f40acee23bf00d38b8ca1fbb0e2d8e13af9d9d87","flac",NULL
"f273b8f6fdfd12a10b8f766c97792bf2bb6816a6","flac",NULL
"be3af1215352b93dee3929353ba5d879aeca86ba","flac",NULL
"e592464fd60300f48b2bf72cc1a892e0efa518b2","flac",NULL
"2776697b4c96977a746c2fee3b203acfa77171c2","flac",NULL
"361bc747cdb62e50f16dcea3289f52a7cbbd714f","flac",NULL
"1868c4ddd11a245588ed16fa873f2274b1b455e2","flac",NULL
"f30dc24baa545b5df72c86ff2fcd6b48bfb8e7ed","flac",NULL
"bdad699e24e0fafc333c091a7007ea5f0d4bb615","flac",NULL
"c5e93c4e863fd19f86e8ec657a03018de6b5fbff","flac",NULL
"8b61182d704857af43691bca5884cba776b50e46","flac",NULL
"c5d35c4d5f9e18711c8d926615e56e94bb67377e","flac",NULL
"ea1b1bef98fe1354735e74b32e8ed075634e5dc7","flac",NULL
"1a7f26a9897bb3513dc2a7b27379a3d5fdde6e8f","flac",NULL
"26da5366fadc18dac51d1f88700c81d79fa247b6","flac",NULL
"c6ffa38888cbfc515fd092b1f358cd46cba69443","flac",NULL
"1f506227edd015b78908e0c8b88e44305f0f8e64","flac",NULL
"4bf4072bed32452eedd9c76fcbc9b71fe2665ffd","flac",NULL
"0860b3f4f924dbcfbb31fe4a6bb7f909315dd488","flac",NULL
"3b1ac111a6c7c8bfee47c3f20f60d05e2043c1f1","flac",NULL
"d49757dedc15a3495b1a67244c9a6ed4ae122549","flac",NULL
"b28d20b66224859aec78284efba1d8b5a538e38f","flac",NULL
"95120728e534edd4b69d9d56c7715994820d089a","flac",NULL
"ce528f193e9f1043da0c2c95ae143a34ee29ea69","flac",NULL
"4f395faec788c2bd68df6c279e4ae8ab442e3736","flac",NULL
"3e6cfd1a780f5b0a971167973ae511ffa136a834","flac",NULL
"8a7a12be07523b2ecaeba37b288808457401e788","flac",NULL
"81629836483b15544061d1deb4e198bd7c473294","flac",NULL
"3baa20702128a51e48551223c75b8c9518f5a246","flac",NULL
"d423ae3b1a79df6710d7e05ed51301c166026def","flac",NULL
"bdf6e7b7e3bd9ee1122c0fe7b7465a505bd380db","flac",NULL
"778a07c41c183967cf1b998c9653754548c8e97e","flac",NULL
"2947c9d2f1029c5e5da4c0f3a3c7929d9b3224ae","flac",NULL
"97760634e419bc3b025d23198215a44818612e25","flac",NULL
"95a6ece014b438612fb78e3da5a654cee9f4c0c8","flac",NULL
"c61d7ce5c24e08cbcee01f4e0da8dfed86e40949","flac",NULL
"e55c227a5f598ddb4542fbc39be61149fbafe10f","flac",NULL
"c3358713182a7326a6c84236e7d06caef01648f7","flac",NULL
"07b56a8eee5e54ff9a0d0ea24d1a65e0ebbb57db","flac",NULL
"bfb26e1652f37821f6896bc58c2065bb58224e27","flac",NULL
"1bfcd93a7e1d332232fb93f247e7a92dd57a03ca","flac",NULL
"ce7ecd58fb11b51fd3bae5a28bda841cb691d7ac","flac",NULL
"f055b8ca76cb96c1d7efc01835e3c951ce9b9f4e","flac",NULL
"0ea00ef49b919d35ec9d54e30122f6166a877e06","flac",NULL
"ac73686a0194f0ad7b2caf3bf43ca1376d1cf870","flac",NULL
"2aa7420ed462699adbeaa3bd07ef6c481aa31125","flac",NULL
"43244c932a4451d5df6c22ae23ed00a6f08e3a90","flac",NULL
"703062edcc00f5d06371bb3e1ad181d134a87b48","flac",NULL
"5ff1295eb79bd7568959f9df79938722350f5d6a","flac",NULL
"02eb7f2b2c0557983eb7cddeef25fed13e8baaa6","flac",NULL
"6b31698f76c16c58911f59cf366a31a5493c5e41","flac",NULL
"c808487a1a51b7e00122aaaa5b8789683219c723","flac",NULL
"b996126a657a80f06ccb1529642278524d82062a","flac",NULL
"e876fd5385fba81f6e4686a00fc7dc0eaa24939a","flac",NULL
"c3633f1ab28879a3d9a8df5288dc01f572d6a5e0","flac",NULL
"73c28f6d1e3f78acb949988db910656e6bcd604d","flac",NULL
"aa3fd602d7c49632d8207243d5adb6ac81cdd585","flac",NULL
"b2cdd05b0d4f3424478b84e5997388bc7c818732","flac",NULL
"d617d44cb08a3e0dccda588ae6c04f88844ff009","flac",NULL
"f931ccdf2b5d5df50f54218f22eb0cbc64f089d8","flac",NULL
"b94cced9e654e68fde89ed33cf8dc5124ee466e8","flac",NULL
"9744266e62e2d509a7f31905b6df003aae996b11","flac",NULL
"360fca6d35b1e5df250d9866cd16d1cd87ea11c3","flac",NULL
"15423d6508a4039957ece14a87584be97ef9f5ff","flac",NULL
"8da806562f98aae00e5ff2f04e9a9e87268ffc18","flac",NULL
"1fbdec50259b4ea3bbeb582c9d58a942835d5bae","flac",NULL
"ede1425358943f1fd50e8aacda5dd9085626c3b3","flac",NULL
"5f50e6af0ac0b21b8267ee827daf64f3053726af","flac",NULL
"c9754a9fa8eb8479c68e6d6cdae580a5aca919b7","flac",NULL
"d1229aa00586f9fffe061936f2428be0323e7763","flac",NULL
"dd1670da87ecd0060d4276a9122d812c54056903","flac",NULL
"c310a31061836295050afdcbcd72cd22213f1969","flac",NULL
"94ee9b59dd9d1a755bbcca9bda19f0e79e7f26a1","flac",NULL
"0572781e00e4cc2d392b33280bcc4d57fbf44d06","flac",NULL
"641d840eb91c7f925b590ff17f6bdf472d7eac95","flac",NULL
"c006136132ed23f61888a9d1b90352d808737777","flac",NULL
"e97ec6855b99b588f3b21407a5a88b98da687dc7","flac",NULL
"f1b1d852f6c784c4996008c9b75199065fe09083","flac",NULL
"e578625c7b2d727018759519672d44be2a2c2521","flac",NULL
"45fec61974e6fe3915dd030720642aa612b4af4a","flac",NULL
"8de576a0c4cfc48de66c8aae94615b5e6e317f44","flac",NULL
"3b4ed4ac816766829303de2a44b5bc0df5646e7f","flac",NULL
"9e5d3883ea369ebbaf018fcb44b0f1cb3fb46447","flac",NULL
"5994563ad46dd306ef7db440b349f24e23b5acbd","flac",NULL
"9014d12a9f52c288980c1f57a85dfe2757c85ba3","flac",NULL
"c4d51d803341fbb16181f0799661934b93b7c52c","flac",NULL
"f91899e27bf3ed83752752a61e79a7dab3480c54","flac",NULL
"24a6d93951c5dee840f7d9ec2c62d163e92d80c1","flac",NULL
"593ba3788b47bf5d3afbd3b7b3de630cffcaca9d","flac",NULL
"021f1944d22fd813bad0e67bdb6c7e0ec274aae9","flac",NULL
"dd657f695f299a66528af28f7d5e2a28c042256b","flac",NULL
"68862382aa635f70ade4e315cd5a194657c22969","flac",NULL
"74cefb16553b3db4c2fbcaa893b4c753c7a82166","flac",NULL
"04173c98b2112945b59fac0339d1eec69f089c4a","flac",NULL
"a491aa68fd7a5dcfa77267aa94d3169536b5f25d","flac",NULL
"9dfc5edd5903dd95abcdf7f09a16123b14b866ec","flac",NULL
"ad132c42ea7fb3c8dd0f739889090a060ee12187","flac",NULL
"2ed8b516dd31956a5d1ecbb365100424794acbdf","flac",NULL
"2c2b4b72337569b165aba5ad0f49cd3f89abf251","flac",NULL
"1a5a16395d9d4df7f3a5923354e0ebd93d2deb3b","flac",NULL
"2f21e0d2c0b42cd7b7ffc779c0ada08e29ec8ceb","flac",NULL
"216e7ffe6054d55f9839f9ec55ef5012dcfba20c","flac",NULL
"6e0e8a279e67fc559e17424da2a934c87fecbd7a","flac",NULL
"19f75b17f10faf95c52c1937d58528d7a9db831a","flac",NULL
"ec7fb3765f6fb303877da705c9c91d6062243e5a","flac",NULL
"e15c7b468ec75172d290e2708a3e2124ac5d8989","flac",NULL
"ad79c9dadeec873767c82c24e1ec6034ea50b746","flac",NULL
"14fc452d6210658e4f961a79ba9379de25d20189","flac",NULL
"ab3d1862d69ba53930aadff81650592327a92d97","flac",NULL
"39ff4c89063f9ced4019a10268e77762507f4db6","flac",NULL
"1b6a8c17fad0609338a2e96f2b3720d9d3605bfe","flac",NULL
"417d86ad5d5abcdb69d12f9f020d237875674e4c","flac",NULL
"506cc8001a5d98c2135f51d126157b491a397109","flac",NULL
"ea465f3484c70e5168f853caa4d81b71bf4cfd84","flac",NULL
"33d5ff5706bcbdddffdc2878be4e957939cc8f40","flac",NULL
"51b0433577c55b1c2d9c7b0403bf2c22acb5491c","flac",NULL
"fb6a3859c32d4e401353ccff414560c5c70f92e6","flac",NULL
"4fb829a813cb5efe06dc884fb570af1c9962b8cc","flac",NULL
"55263e2966c2e1051fe76a9a313cddecae5e30f7","flac",NULL
"a8d2e9fcbf9dd52af1ec26e38d05e72065bf4df4","flac",NULL
"c1794fb763b1baffb9c4dcc6259a771c07b13902","flac",NULL
"5038b035d7594f26e763c4202b0b6ae9b63b4246","flac",NULL
"ac8c70c2f2ff7c1deb96efabca0d58c71c02f1af","flac",NULL
"8808e846ec0a4df6f24d42ed4ad466bb3decf92e","flac",NULL
"fa0640d162b0cafc1d5559f4eacd228a8c33db82","flac",NULL
"faf4678bcb73cece7b4c389e0ff107ee69d313d9","flac",NULL
"b3476a5007e9195968b99a4219bdc20afd6af8ac","flac",NULL
"d9a8c2804b3ded84e1c5bb7a1194726e54ac637b","flac",NULL
"6369eba303fd15ed8c8fd0e2a8bc6ee72a526ac7","flac",NULL
"651f746b39c429dae86f0086e2d5b1e8c5adfe95","flac",NULL
"7087df9f51f841a6120e8221c54e09426e46f8c2","flac",NULL
"8ead5cd1ebcb04d20207ab5c34a0874b27d1d0d4","flac",NULL
"7475150ba59510df720d08cda0e75e4c800997a4","flac",NULL
"3a015f923780379dfac5719cd7502b3883416081","flac",NULL
"4268de5443f6133620ed44e2b390c6c6bf9c4355","flac",NULL
"733e312c11660a44dd1f3b718ee05871b848f039","flac",NULL
"77f2d03cd2757b9de81f8d0772dd26b7bd29a001","flac",NULL
"38fac110fab9c18c6605251f79a41bcae2fcd3b8","flac",NULL
"d611a58798754512b93e9e5f999a50207d99ffb0","flac",NULL
"c6fdf6a00763a5801fdc082d2d899b402018cd76","flac",NULL
"28a1d3bced078660e0ef3739d6329b544c70a513","flac",NULL
"59eb998af726d76b9215669b45cb8c99d831362a","flac",NULL
"287520fb6d1603cad402dcf63f5f0621481e0042","flac",NULL
"effb461827be2b262cd5a51e821d3af6ce64b8ac","flac",NULL
"249faf69880ba5033a88cbfe3c64181a4b391df6","flac",NULL
"ff12274bfbebcc63d87710023e7b0508eb2e5321","flac",NULL
"f3460b1ad5b41e0c73d3cb6692e08c85c6e817ae","flac",NULL
"079958da8feaa569a952ceb275ba2b8fa6a2b013","flac",NULL
"02c700adde2bb909f1bbcba6df7fdea0b7aa6a44","flac",NULL
"b8e7e75a5007c5644e016b0479d1d0be1983870c","flac",NULL
"30fc8070b0cfa7b5b7417041fa8189a9be0bd024","flac",NULL
"848790bc3fab396602c77dbcec182430f124f4c9","flac",NULL
"8d6d2705efda21d8681998124a273b4c6d9f1885","flac",NULL
"bec7c1748bcdb4f7b20ce92415bade1abdbea07e","flac",NULL
"a0423f28696b38a3fd6ac897bbf2c7a371b2554a","flac",NULL
"a19add623672da8946855f24a9c60802417ba761","flac",NULL
"bf51862c8cfe8fe04270ebeaf70abe6e156a9768","flac",NULL
"995248a778921503e5e8c4101cbfc6fdd41d31c9","flac",NULL
"aa03df8c7057e0b660a997081655df69d24ea5b7","flac",NULL
"c20427a05954860895db61db6f41a55133e95c1a","flac",NULL
"bb57f4781118212c0a4cf21e4438cf9ff02c1a80","flac",NULL
"6d2df18455a7a5ee11b10181ed6d261aae9660f3","flac",NULL
"8b1385fc8ecc1de88f3b4de7e56fcaad241ce321","flac",NULL
"cee1797fae2b1d8eec7039aff76f94038a2997ea","flac",NULL
"fc56509df31245ed80379dfb93081143ede8bb04","flac",NULL
"600bd13f4a1e7b9e6f8d4765885f3c3e901dc065","flac",NULL
"eb879d00a95447e5b57f6c7061591469dcc8037d","flac",NULL
"432fc1b38ca341d305bdc81f8593961f5e3af1aa","flac",NULL
"5831d772b5a8de2ff4dfd9fe59ea754f9fd97ddd","flac",NULL
"d71e759010701404eeedeeb04a1a81472e8cf3cd","flac",NULL
"7b146d9e15bf38ffb7d011c69b0fa052171aced8","flac",NULL
"ece1a59c2d0757c416bb956b72b4877ee1fcb453","flac",NULL
"16367cc3e92d83a34c82aac6317aaa6cc8b07164","flac",NULL
"f4d5b7d97606ce14203525a73ad2780c2ae71004","flac",NULL
"6f7a1a69f8d4fa64ed380b1b1f5b28908d61c731","flac",NULL
"3be84d654f2a8a69f68b91fc651569bbe4fce919","flac",NULL
"3e3f3269a3f15c1b00cd98cd09c9b4a016ea4b5b","flac",NULL
"0715a0b164a2ca3b27541559ad4c3e260dbf5fde","flac",NULL
"afcef3d66bc6ef7f75e868d85f91de70f3636535","flac",NULL
"cc260b42e17bc67a3f40fa73328b937e8ec903b6","flac",NULL
"eb0fddb78ababfdaf3c10198129a367f6c0ee2c7","flac",NULL
"1cfee95f3c54531392fa899c7a23ba7db552c11d","flac",NULL
"a40d8be6f74610aa748cdb40fcd61c1ccc2dc030","flac",NULL
"43871b8b6322329f939ce1b55c13aedec142102b","flac",NULL
"d77409cbdfd5db058a79be114e3769e2a3c021f7","flac",NULL
"3fa2993cd4c0b9c50f806d83a68b10e790b517d4","flac",NULL
"0d0a11cf7b5dd3e30cb2314f6f317e9ac739e1a7","flac",NULL
"0cab9ba273e0ab0b38b4d5ecf61445329af08a04","flac",NULL
"87803b96aa02701699b62f4c1b92b6f3f353d27b","flac",NULL
"3bb6291a24dbbcaba6bd3e3444c8fa3eb084f956","flac",NULL
"26096a277feb8e42f069733ea2100ac7254da02d","flac",NULL
"7bb2276fe605e9ae508aed0f36aff65ddd73652a","flac",NULL
"5e00938a6448331e71900db95711714a43cb3624","flac",NULL
"2a247f234a53b30e1e3f1bed55b82fa7fdfe868d","flac",NULL
"6503becb7f0acca421c61c3fa26307d8fe5c8cfa","flac",NULL
"df8ddbc6ce38e02e88b7685c862e006816efa719","flac",NULL
"330c48e7863cd91c80a57d4b49124afec19be591","flac",NULL
"50cc7e86f86b85fff7b5c38dc1b8753bb164661f","flac",NULL
"7632ad9f0fb2391148ad91a1240d96e944b2ec77","flac",NULL
"dda6a0d0781752c46f6b533cdccb61764c8f71bd","flac",NULL
"ab48d3e1dedfe7a47636d8da29324bc56d62374d","flac",NULL
"fbaac3622e0a2fe1e9c9b92a46150917a85a38b7","flac",NULL
"9ba17edc142884e2290d312c5ba987ea9dff2895","flac",NULL
"bcfddc6774e1cccaaf39ed44034b3c1df8d8a20a","flac",NULL
"74e9241c059abe495effb47dee10231aac6666e3","flac",NULL
"e517ec3cbbd5440305f665c37677139d8e6eda2c","flac",NULL
"abbba2e15d60ce7165355a930cc81b93367107c3","flac",NULL
"3af5be6bb5a5c5b99335440857e03042466f7b9e","flac",NULL
"7a0c3144fcd39d528517654792241306f2bf3551","flac",NULL
"c07c53b0b24549a0e949f336895b8115602f96ad","flac",NULL
"8e11ec37ac16c0e1de3b34909eaba0ab94c651bf","flac",NULL
"db28da1fb6ba508cbbd4634d3a08c04a5ac0548c","flac",NULL
"54a14942311cd9f03c15181ef97c364bba42b42b","flac",NULL
"5fb454ddcf23f71f7086a9a39501f4e7a99bd302","flac",NULL
"be70ddf2fedc46536a0a99f538c66bd1852cccf6","flac",NULL
"c4e2cb09f18a7957afe398785c22d0631463e141","flac",NULL
"a59fe29d7e0e35a66e98bb7aa1626f30f09e03e4","flac",NULL
"f58bfbae5dafe2d5477c2688bbe7bb30c659731e","flac",NULL
"f26270e84c9a14ea9701038e1e4f3b1e90bdf209","flac",NULL
"c1a683608278aabc0282a7693f847f3303e7fc57","flac",NULL
"a74907c97484c81889d5328d759edc684475a1c5","flac",NULL
"ca7a6957d7c500bfa1546eb9c044c85a2f19e91a","flac",NULL
"df2815e9fb09dcef2448a830e210e67f58e61009","flac",NULL
"638ed7a6a222496c1622b50b5dfd09f811ddc9ac","flac",NULL
"11d3ab9e226a488928f600389bb366583bbbfeef","flac",NULL
"f16dd87733a47c5abd444865a039a5cfc3695d23","flac",NULL
"7c82baa6c98a6dc5a5181266c31ec7703e30f455","flac",NULL
"fcce13b66a6390488674d482d5a46b08c0ddeec8","flac",NULL
"c3c53a8e8aabf74c0b57c4e9a05bc9a4a737e176","flac",NULL
"6f9b33771541af2be59f1a020a6c8f7b00d97e91","flac",NULL
"0d0b4721e81a5f558031dfb3e67c0f40e12fde1e","flac",NULL
"b66d95ae965ce9cd09c2046cfa523bd0f6a5446a","flac",NULL
"557023c5677edbfee8f39cf16b7938880ec170a8","flac",NULL
"1c68f40778e27e81ffe6c8e731981c756f0fe943","flac",NULL
"e41a67f90159f49f9317c13a25db073b548d55cf","flac",NULL
"d767d188dc2f8df0e63298f6d4e5d15e12390aba","flac",NULL
"bca8e13d61752d988c450881f9ecf0b4a7322db8","flac",NULL
"287eec852cc73a021b1baadb13ebad36ce069ff4","flac",NULL
"52118b478d4ce8281ecca4b885887d8a50085504","flac",NULL
"ccb5b14d47af69bfc685a245f1cd356890e8c634","flac",NULL
"0b94d085962de705ebf2870a6084ff3fd8577c4a","flac",NULL
"cc796589197e0c0e751b7ca49e483ddc10c51201","flac",NULL
"a379831e75642745a0592ab5fe7aaeb740ea2e79","flac",NULL
"1d41101cf100850e360f1b2e1bee4b1afdf7ea3e","flac",NULL
"c354e7edadcd61f62ce13cecb35bf79a6218acfb","flac",NULL
"93b6fbf8af297c732f9a84c25c40c1706c15b306","flac",NULL
"4dec29dddb178bfe721e5fec9b94dfd072d4cece","flac",NULL
"ca27acca30882464698ea9f7bf0daba5e08ade5b","flac",NULL
"bbe555f4289bf4ad2f50e032ca47a8a555923d3f","flac",NULL
"adaaba451d0dbe2956b56497382cbade0cf4c424","flac",NULL
"e43bf16e72ecabf5e886fb02a6c07bfe9a93e233","flac",NULL
"aad8e67b179b09ee65f729cb7d162ef3a06b92ed","flac",NULL
"860508c4af31133723ac0660e8bd7ac1677d108f","flac",NULL
"f0d588b03e192d689d79d6dad9d08c87ddcbeb02","flac",NULL
"0baef9ad20eb0407d9b74ca620ecaf12fdf68704","flac",NULL
"745802ddbc8a1ef00f1b779ba79153ae5afe9a28","flac",NULL
"03628ca7222e7891f382b77e3461a7a27e1c7393","flac",NULL
"118db6365dd576067254399f66480f0b5912364f","flac",NULL
"e26468065ffd016ab0b807a83f313e91cdbfcc0a","flac",NULL
"2413209575fad156dfdaff3f6aeb13aa5893db0a","flac",NULL
"f8ac2a7588f0bfb20d6a2edc06ffc55d46a48a76","flac",NULL
"c7cb63360d512625ce088a23d6b56e35453101f6","flac",NULL
"8c1725e68653ba5d6729e65430f242df2b88e231","flac",NULL
"d457c6f9ccb02ba4561881b455f48b04bc4b77c2","flac",NULL
"3e89f90d4f3d12af6f0644117fd15abfad320cbc","flac",NULL
"573e1df9fb8e8f246e11b4d660010edbd916eb9d","flac",NULL
"5c4466a201747043856be158ff2ba7bc0f49e6eb","flac",NULL
"3f17df9352558978898c890d7aa07d9d160443f5","flac",NULL
"6da9a6ead455c79e55231464c5103665c58e50cd","flac",NULL
"0b455b404d93d262d6cbe60a0edc3d20100f71b1","flac",NULL
"72e3fcd445e710cbcc0287b53ba61d6c9f5ddc2d","flac",NULL
"0c8b22f63362b62d622013fe03f9707719b4da92","flac",NULL
"d521cc77089e705453099e7abb263b65fe4b5683","flac",NULL
"67b52a28be3a97faf45d094b9e3a1556e29c4606","flac",NULL
"978acd46127492b4be937315837b8636001abf54","flac",NULL
"8cfee0360f7f253392c19dac881a8d06272f910e","flac",NULL
"b40617c4fcd7421e568f4e360f4a2298d0edba7f","flac",NULL
"7b8bec8f51c341c0ffd4ecf6cff673000c0ebfd0","flac",NULL
"00f48d490daa9a9afa0aaa83c113c9c8147bc9ec","flac",NULL
"e3be6f3908efe80943262fa2d36f714bdee64b1f","flac",NULL
"199e94c152d3d44cd5876842484e03f0b3657337","flac",NULL
"d5fdf0a1b7f8abd9843311d2ad0911cbeb5007aa","flac",NULL
"5995b0eab26ecadc030a4c3ef204df386bc695d7","flac",NULL
"dad5444574fb9a62cc412e5681c6b523c8bbe20c","flac",NULL
"c6e1d6548e76a93cd44ff558c214e5a206a63b4a","flac",NULL
"b676f9f73ffe800ab8f8ecd7143959057f157cda","flac",NULL
"0e4f64ed6f332bbbc78de6caa4bba67f8e3a1391","flac",NULL
"3c404912ad3cabb1cc00f3846d7d6e0a25e144a9","flac",NULL
"f48bdc56cf0ae1adb51a93ffcbc1680d476db753","flac",NULL
"dfa93fdd1a4f95f60e257a3c52cfd3020c7c84ba","flac",NULL
"deb42a937102d5923f77df20b1e2bc47cbf7e849","flac",NULL
"37f857f72157d129170e58d70672a6eeec374aa6","flac",NULL
"a1b8837204a4866c358116b51f87199f40a86ab4","flac",NULL
"b5b80d735eddf251053e38559f00a55f33a5e413","flac",NULL
"be0721efbc1422452ec6e4da58b4fd9b1d894088","flac",NULL
"30e3da7863adf6ab2e8322a8011f00186612d2a3","flac",NULL
"00c3841b1acb042d824cd0d20e7f51777e48d8b6","flac",NULL
"5b34afa1ddf356fa5c85647df61871827cd59268","flac",NULL
"b4ac76e21d463f615a72c87ee46baed50d815877","flac",NULL
"bd88c67f764090970c494334c8ebe1ae30760cc7","flac",NULL
"445e5ad1063787e137e3bf247b24c28e10ed44c0","flac",NULL
"f6bd65512a7f9a169fbc658cdc748303b6d968f3","flac",NULL
"23141cb1ab483342f7dc8315dc05389b7ed534e0","flac",NULL
"f3daf4795789e23848d2967e23916b82b60d1a4e","flac",NULL
"f7273ad11c795c540fd8ac66e214efb8ed6d43d1","flac",NULL
"1b79cc9299640d25f4b7369f2df2b2bc7ca7911a","flac",NULL
"7e1b88da0b4f0c24c91d6307c03eaebe72f4f33c","flac",NULL
"0cc4640725d10416b7cc475178bc798753df984e","flac",NULL
"01089aa5e5bc5bd01ce711756f512ef06a5f3d37","flac",NULL
"9839be319f8a6d89538a4616533cffffbe5ad7ae","flac",NULL
"b0e70a1fa14f84e588849de781c380eedb5d4b94","flac",NULL
"f4584c97efa0a5b93fa3eb6422746698b6d36929","flac",NULL
"b6869fe931d6fe9bf5a9eb4ad5a487b120adeecb","flac",NULL
"7cb0b3bb3c48c579c0b7a2f649191e69804050bd","flac",NULL
"8d56f62d95b7ca89e32c77f910f48238263a4c6e","flac",NULL
"e7b1b4ad6f0b308f89114f59407cd4f3a4ccaf27","flac",NULL
"312f8c9eb77481814b09d746b784a53176da1d2c","flac",NULL
"2ba2cf33cfcdbe9dc1e5ab98fcb2337334ecbec3","flac",NULL
"670a51a8d233345d97f8d0c46fd3d4b4c7433139","flac",NULL
"1b5456c243980186dc27f04f75b11be655d9edc9","flac",NULL
"b311a2f41e2a7070f40e5202f25d21717c7dffe3","flac",NULL
"a655fbb092aa84c7301854984538c0c4da763b76","flac",NULL
"26380730044479dc33e6d3afcc606d80f08b8cd1","flac",NULL
"28b1e1507385ee19c65adc6473fb234c11793790","flac",NULL
"1dbc6bf490462b3a08982deab7291e86ed85d817","flac",NULL
"6be1809e5cfc92ea83b7060e77b467ac154a6c8f","flac",NULL
"8016785cfdd636602ae72dac47ddbd091d1aaadf","flac",NULL
"66124385f1f93d04343889dd5d08bf7ca49a4f26","flac",NULL
"509318f7a0b24239486c0f34b55cdfe965f24909","flac",NULL
"fd2464a58f1e85cf47260032e0ccb1dfd5d08658","flac",NULL
"9c86904b92a1006301e012ab2a39d634ff6abd4d","flac",NULL
"158818708844f27600500e4222d1ef0a698bd19c","flac",NULL
"a8c0bebe1691acbb4186117e02934959df004def","flac",NULL
"b29f9de79eecc8a416da34747795842ac600d925","flac",NULL
"e09fc53cf171f45007184a77a31ea01c85d34c6e","flac",NULL
"49fd47600465c3b5fb4c627fcc14e57f090d070b","flac",NULL
"e1f6e0bf61f8fc0b21660488533fa978fcc87c3a","flac",NULL
"ea8b4ee9d56f6baa02c1a17fe0c329f3505b1031","flac",NULL
"3c853219bee374087b939c9088197c639b7fd9c3","flac",NULL
"46170304442d7d5a1ee3ad2980d513b38d4ff09c","flac",NULL
"a802aeb62f4047a585bf6fe924b3ca72c4d2788c","flac",NULL
"1cbdf2f910bd6af936fa13111ded0f9912fce2b3","flac",NULL
"8f33121811de9c083f9ba4d940795f2599fdc566","flac",NULL
"c88e7cb2730a2091aa1368c4149938b7f3c6dc44","flac",NULL
"e0ef1b374810580015f0228df51d3c9137c7fb72","flac",NULL
"e49f574d3d4f191c805b72b85dad138fd7f70535","flac",NULL
"f74ad4b0d4cb53a1496122ae111fdbce65fc0839","flac",NULL
"9a29bb65ce798b7c3acc6883c6f2eb68bf397b66","flac",NULL
"a80ebd650e4a5dc567f0532b83eb484493aab0ae","flac",NULL
"621db0b3908f69c17feb269227f287cf6c6b9cad","flac",NULL
"4562af6c570187260d0f67c354335b23d3e72594","flac",NULL
"a40346e5039a8918732172e43bd383a60bec7773","flac",NULL
"cd07cff329721859f8d3255e41e44f14366f10c7","flac",NULL
"f626f0bdf5d25dbe4d54fa9eb90c417501413809","flac",NULL
"073ad4d7fca7002d3e487b2aaf50bb6764842471","flac",NULL
"703bbee1d3e45dafd938fbe245faefe35549afbf","flac",NULL
"4c5c88b5fc2766355ecc7f38d7ee02baff2bccb0","flac",NULL
"c29da9ef14e760a85c16e2f518f179ca072afa7f","flac",NULL
"3f5c25c528cc62db32d70db4b2c5dc212bcea95d","flac",NULL
"2f877499ef97965b68aa41ee1abacc0917f134c4","flac",NULL
"05b1d96ae95a0264e9887a45535c5f1325193563","flac",NULL
"930b92216a2b7657e435880c4213a6833067c66e","flac",NULL
"e59bbf228ee3573fd0bfd380568bc7659ecaebaf","flac",NULL
"ae61e7bf6d2656186762ef2aaade5f69073a359d","flac",NULL
"ddf2f7f65d6670c8af36f66223c534036488359d","flac",NULL
"3e2693f1e7923b663113f03274777c8547c4b864","flac",NULL
"23313e047c994f91c4ac8adcd56e258e06b35464","flac",NULL
"24787fcb98d02c7d64d8b48ca910130cded53e04","flac",NULL
"89eee132eda3ec2a731c190d8bf95e507cfaee1b","flac",NULL
"40b085e8cff888d2a781de18af3f3321d76d5df5","flac",NULL
"c4f0431d200947684816a46b5787068af1403c31","flac",NULL
"f38872534a3f3c863c1f440fbec2da06e5e4ba76","flac",NULL
"666e96f02cd03f2c777d8051ab7f511b19523124","flac",NULL
"b827025d62e4c96e0e77f988ac1f0ee7db65edfe","flac",NULL
"3da956fb46286672148b401298f66a23c5b0150d","flac",NULL
"e70fa75daaf980f0b2bde612282d1d1aa709dcae","flac",NULL
"56cede8484e79a387500258bfb78f6a7a7a6b3a1","flac",NULL
"edc384139f1e2e41551311f6cdb9da16692a88cf","flac",NULL
"2b8859172d6b3168dc6ca93c47d9f3bf87a160bf","flac",NULL
"ee85aa12fd3d03548b87ca6f5f1469389b81cafe","flac",NULL
"109b93f2f3a27895e0cb26360770f5682363dbf8","flac",NULL
"f8a2e20fe490d2aca4cac51f6c075ab301106f09","flac",NULL
"656427180d8b152db9bbae4e9de5df7e9b68f354","flac",NULL
"b13e02dacc2eb9ec5b119a5f74c8b2008c367da9","flac",NULL
"1cf0c902f91195f984b4607b50d7887ecad78123","flac",NULL
"602a955b972d20c503f5382340f4afedae2c40e4","flac",NULL
"4fe5144cf23c471c57d94c345aa46906a5670383","flac",NULL
"78bd68204dacb3b96234adc05f0afd772fadf468","flac",NULL
"c168bdbc2a8e9a0ec4507e9a05795ce2e1cd4045","flac",NULL
"4ef309e26332ec62306ce8ebde1ea7fcd7e8f0b9","flac",NULL
"bae4b9bd9ee5d1e844a4cab09910f60eb3523a4e","flac",NULL
"6a636b0593525ee75112a960f36ff762342d8814","flac",NULL
"07781e4f7e2d293a74191b08d82636f9ac8ed31b","flac",NULL
"f85a2ff8f7436b03be5fedd0d0e0b4d6366003e8","flac",NULL
"060d3c1d7d1d468df5db1b66e4fee2987e05cd0a","flac",NULL
"8d5e5e9b7a9fdf3aefe7ba58f454d5e45f7fd600","flac",NULL
"73a334ac5edb0b213d3f6eeef23815d3c4d9b54e","flac",NULL
"1421537267426470421f945601fbd91e0b7ea922","flac",NULL
"5686762da2f973ccceb40b2679962202ef19ed3e","flac",NULL
"4774ee8cba0cf0c5f0b82c1e4dd5149cc9bbc7fa","flac",NULL
"d4cb4cdc0884661474f425562c3db8618005eaf9","flac",NULL
"cf744c6f93f0c1f8b6e907bf479d5dbf34ac8374","flac",NULL
"dbc7f3cd1d4cbbf23c440bb2af8bf102019c3a87","flac",NULL
"0d3c5089b7a6f5b97523797099896f34f748cd65","flac",NULL
"3bdbffc5cda2b47357bef5cdd8f4b9ff32e0dc1b","flac",NULL
"4e82e9f9cb42b19a2fc2daeff5552ca0ee7625b6","flac",NULL
"adf2a97404c049cc307673e4064dde601b4521e6","flac",NULL
"f53ed01a4e7088e4391e355b8314a16ea055d525","flac",NULL
"19c39f1f402bbcacef2e8d416d7c154b779d037e","flac",NULL
"37416e3cdb070d985d81ab3ee06135e9642a3840","flac",NULL
"91a47482b97e9d1104921816b74e0da2ea94b190","flac",NULL
"3f0ec9209c3a13de26dfb6bcdeaff6e20903522d","flac",NULL
"4a7003b88082fdb9ef02b177421399355bdbd6c3","flac",NULL
"714b649a6ded6fa1ff4bbeb66985b1cdbcb6d927","flac",NULL
"f5bd6dd706c20b693e5ba65e8e7327b45df41d3d","flac",NULL
"ef97407e0fbf20e61c11258774f3373bda035b3c","flac",NULL
"e291110ce38d9413119a6fa251af6cae9b43edc2","flac",NULL
"bddfa32e1c1e452faa0b7458e83b4c40ea5265f4","flac",NULL
"a2553269497b7ed7b889536cfcc6aba6bead0a38","flac",NULL
"f9261caf2c8bb308a5c58beacd0fadd42cb51010","flac",NULL
"edb6d8740d868990c2d595ec09782f924b062507","flac",NULL
"866117634505642cefd97762f1c4bdb1662e9594","flac",NULL
"177433d943a694a1983ea372057cd7d6a8e03420","flac",NULL
"f0e1d4e264724314fd7fcbe307163e51f7703c26","flac",NULL
"d192959bfaa7f49d716bdb95d03d2a1ea0b32f08","flac",NULL
"dd5619cae458c51b1958c6c03666a755f9cdadde","flac",NULL
"bfaf594469bedcf3b950c696fd9f8d2f51ee527b","flac",NULL
"827ca64b86f8666800eeb11b68ee02f233877a37","flac",NULL
"693ebd95e05580f82b5a1eb8e3843af2d4f26b1c","flac",NULL
"aa94d6cd726ac1c1d670d9820621a3b5b3570998","flac",NULL
"7ce19139299c065c49a9546c9f5de92c219b3186","flac",NULL
"698e5c198db399ff88b091f77689dbf071a4b83a","flac",NULL
"79e93ee52c035522cba3b24fcb3af3e61a80cecf","flac",NULL
"703d6230ced7577b66b6835eacea29b274ca633b","flac",NULL
"1e2366c7258361c6cf5511915ba5a79af91faef8","flac",NULL
"730889fee62aaf83780d2647cd1c97be01d6e42f","flac",NULL
"7866381e83546853d418eb4d193dd2f844b1bf1b","flac",NULL
"9b9e24d65c7b580d21e3a4f88fd1ed344631f3e1","flac",NULL
"88ada8c3b652d64b3d4513647b64c3f406cfb414","flac",NULL
"2d8bf55e2d6f784819eff3798142edb52c64b9b9","flac",NULL
"334c76cead1a2f1818f93ad419e53aa92f771063","flac",NULL
"5c44b3593749fafc1f1c5458b859e0a49c3aa3ec","flac",NULL
"43b98175c24e0f85c28f69a50957c171578f941a","flac",NULL
"9daa69b65b89e17980254c9ed050913fd1ca2cba","flac",NULL
"373f6d1042729dcfda67833b24dee056e3ab24c8","flac",NULL
"965e1bfa536a62d357f2ab731145c410b3be2e8e","flac",NULL
"e7cf830f41b3f36983d06f059dc9c8d405af5ec2","flac",NULL
"29aa2db24d725f195d8693481de170afeab3e439","flac",NULL
"b1c61fba8c0db660079ba8f9d44699855b709fbf","flac",NULL
"fefa9751d26437f5cb5f2e795fa65dc3d00e108a","flac",NULL
"7c8e418797f76c36a5bd05f8eb267aece95d8085","flac",NULL
"4691af2bc123e96b16a3199fd92659c842f07bba","flac",NULL
"55b2cb728787d970e1dd2701a3889a381e357861","flac",NULL
"e1659f9b17bdc53666c344977b117b341f941d6c","flac",NULL
"efe8c626e2d9cfdc0398098540c3c9822627392f","flac",NULL
"619cf603511ee1fe48c02cb883c20d7e39f6b596","flac",NULL
"f29f09d4b5b79790eeabb03666bdb7aa98d326da","flac",NULL
"e107cc3c9819d08b1739fd979a44863546c52473","flac",NULL
"83832b1575ae3a3785d32b0cbbdf3f2078dfb5fa","flac",NULL
"1af10c77a02d6738533c596bac7342d7866c553d","flac",NULL
"59b45507180a73ecd9d42377f29eb469591bbda1","flac",NULL
"d64d02baa1d4f5a5cc91b160398285a2181e6172","flac",NULL
"4bc9426d717c9af22e424947ce33177fc7a43297","flac",NULL
"5423a017aced7439f53e49ae52c0c4dc4c1cb4dd","flac",NULL
"d5225f7ee3d906e2cc1448c0ad87de253f434d0c","flac",NULL
"a4d1ab5ed4f1f84c4005a10109d4def7eea3b487","flac",NULL
"610d4651dcab43629970b73dbd1e588f7733f956","flac",NULL
"86c36cdced23b8a78f61685db20f6c8cdd2ef021","flac",NULL
"db067fdfc3eb3d0b7aa488972af11a1ec476140c","flac",NULL
"3f95b590706ae65d21049718ba0a581561f819c6","flac",NULL
"0688821f77744a468c03fe18b928e4be8f8cd0fc","flac",NULL
"6f5fd3c32859d9b355ffa7005204792ffb5faf82","flac",NULL
"226b189952866f1d955bb2a4375c1b2b5b0d7dab","flac",NULL
"4817302f3d8457cdc480a7deab662bd5d0ac770f","flac",NULL
"e24510b1e9f017e49501036ae016c047ba7553be","flac",NULL
"9bb7403f21f7de433dead90ba6947fa1a88418d8","flac",NULL
"ff37db676985e53c7261cd955f3c3247c592bdb7","flac",NULL
"3886f8bfdb16febf1a8250a11f0dc3020d6d3e7a","flac",NULL
"49c828e6c95fc3c8d7e51a0bb79215a15b139660","flac",NULL
"436c4cd1fbfb76a07e66c67cbc6eef8403b5539e","flac",NULL
"b6b1259df32bddf8079b326850b6dcf76fe04cbe","flac",NULL
"9d8225e338b32c9a1d0280e98562015e7eb4ffca","flac",NULL
"28e03694085398941820ba43168a76321c6e8d80","flac",NULL
"927ddfc5e8a355e86aebced646dde0c1735a2de6","flac",NULL
"3ea7f994b8380449be2a3ed7038c2ed6518b6a31","flac",NULL
"d75e1591fc2981e0de7b16266f21af4d6e4f647f","flac",NULL
"55761669c1ca6c7253ae1ed924a21c0fd243313b","flac",NULL
"5629d563c4ba98175518bb811957740409777786","flac",NULL
"a599aa49de1743ec70e81a3b83de1b199775e705","flac",NULL
"57cee6515ccf2ec95c4411bc3b839a04ec4bae02","flac",NULL
"8e1cfbd0240c6940790481f7b673cafe5811c199","flac",NULL
"dbcacbb652e9d4092daccfb6fe197debaefe9595","flac",NULL
"890afb3fdd604eb3ab72f43202441920ae835169","flac",NULL
"e869d5c00a233ded60c38ae9bf76777a908f9698","flac",NULL
"795f05832285d0e2dec94a8f3162bbe6547de92f","flac",NULL
"ec40f8c6dbd776abecc83a694bbdc4ef6b53c149","flac",NULL
"4718886a34ab2a3f3b9d08dc4df5c7503c0bed9b","flac",NULL
"073693815f175e3d68ad03d7a06c666e6cd86b37","flac",NULL
"541c10621abb218405e429d3cf0996a5e397b041","flac",NULL
"9b4e5a361a134d5cdecc9df4841f5741ffdb887d","flac",NULL
"d95190dee0034958353b566afee47181e2dc762b","flac",NULL
"5f2f1cd9036b4273555590e9325dda826ec26f61","flac",NULL
"7d586e13f3d14fff24f95a2ac0edf584ce20ebe7","flac",NULL
"10f6fb5fa685f150b68fc35c05b9b85669af08be","flac",NULL
"16560e704168a1fc118dc94448da0ec459875d44","flac",NULL
"f03b6866da8e36c958decee6f54806b918534d78","flac",NULL
"5567dc86e623f3f567af93c4b7aaf8bb0a19f70c","flac",NULL
"df45904ad14f85b8c6b5c67dede88ca638e059db","flac",NULL
"2b5a1a9b006145c8f38ec86a4988a50ca8648b55","flac",NULL
"e0f8701745cdc3a18f1d040b6461bd78fe8bbd94","flac",NULL
"cdfff33c9b5f41ce012838de8e6639b8f1741f3b","flac",NULL
"81ab05be262b3084979ed8fd91998fe4bb153fdb","flac",NULL
"67b357507cd1c3745c55c039b547afc295259e1a","flac",NULL
"5951f34c8f1d62c493e3c5a376be165f06d410ab","flac",NULL
"8f2643e8b5f8c7d7cb95c0670b8c9e62885b53b1","flac",NULL
"5d0d498143ccaaaaa012814c16adfb7360782e1c","flac",NULL
"9161ba3031a85630d225c4f32e82fe52802bc83c","flac",NULL
"bf88975304d12497aca9d9f49e33cddcc72f6251","flac",NULL
"9c90a45b9ac20ec9e2734b599522813a954997c2","flac",NULL
"f4a61effd7530c8506047f89fcd33d8296df9af6","flac",NULL
"e096da8d2b1ade69def6404e8913091901b961a1","flac",NULL
"c2ee3b473a10933c0b2f1b9f8c5701083576445a","flac",NULL
"0b05be4a1e33082b843b87cc4d801b99b936d6a8","flac",NULL
"ea0bcce6aa54be79dc07d77eca74d66b3257ca5f","flac",NULL
"0eaf47ee109aabefa5d3709ffcf04d3995b4b5bb","flac",NULL
"fc5953a5cc76ffb150f517e674f9752608789537","flac",NULL
"b985937ebb416049b5e75a4dd62a762a5ee23f76","flac",NULL
"6629d3112bbce5d1fe22736b83db5171784090f0","flac",NULL
"ff0df69df8662da6281fa15882ca97870e3a2379","flac",NULL
"9a9f3fecd910177f4c262d581ce9acd36f0f744f","flac",NULL
"1f2e6e2fd10533cdb421c5a9a55e2135e7ee0fd0","flac",NULL
"7daa60b0ad96c25a64312f45738ece2a69534d0f","flac",NULL
"e904632d8f3f4815900ae1148c9f2a8c2231a224","flac",NULL
"3c9b3c5f28e01160218df429eaee7cce9139b431","flac",NULL
"bd503dd6a17b539f7207ac9de70fb3364b738dc5","flac",NULL
"6d83e456c15391c02d4a6a6c53a1d7d68c6f7b07","flac",NULL
"adebc5b0c7531973df62fd4513ce3134c9c02f38","flac",NULL
"0529a6499c86c43b5d9d628460285a53c2ef712f","flac",NULL
"ee876a13454ea92e1818dc142c0648d0b2f992e1","flac",NULL
"7267aa7f1b13317ecfaa0df777d5eabdb2e675b5","flac",NULL
"f4d81608a4aee6c13476a3d59ef83f99b2141104","flac",NULL
"2e6467fe064fe0b3562f44da3d0cff8355158385","flac",NULL
"52422bb40b8cd63aab9b1ccaf538a05bddc9a4ec","flac",NULL
"cae1f2aad9e1934b983a1add91d8b5784c07ee28","flac",NULL
"3a4019455b837c0766e18bec43ca50a5ab52e99e","flac",NULL
"8fd1e0d43978bfd44cdd9b7dfabd80b0d7e50f7e","flac",NULL
"5f06641834104acda594e883c012eb13c35bfde4","flac",NULL
"2d7cdc4ef290c5ce43209188d09fbe28e3b1f354","flac",NULL
"a412ec95484f0903c743db5aab770e8323c9dd74","flac",NULL
"f3ee6b6b95e6605de341feae0426257f28cf9a2f","flac",NULL
"c90616eec241fc0eecf4cdf3ad8951bb0b8ba5bb","flac",NULL
"e144162349675a6535dd6a172d6d4a52c54cc71f","flac",NULL
"6950f9e24581cceef5ab6f578d7cfd9e1713a662","flac",NULL
"a7b78656fc510cdfeb0b358e300f2277ce84128b","flac",NULL
"61ae3f46a9d683543c6f066247bba2862ca2533f","flac",NULL
"26e41dc42bc00fdd351888f9cdef1c57ad138511","flac",NULL
"dc9775ed81d7c50d61a3d0289e6a81caef2a4b1b","flac",NULL
"0df5eb3c0e8c82690a889a6bfe731ff9a570d244","flac",NULL
"3226f70dbd0995c2b97d1263dd7efd573eeaf73e","flac",NULL
"92bdbc030fe0a93d43623b20394da5e4fba8cc70","flac",NULL
"172a73dab9a119782936d649e1ff549b84512fbb","flac",NULL
"e7fddc641ca1d85fedd7334cf0be6efe4a7c276c","flac",NULL
"ba7d34126d3d1108b5bf51c3f7f43bdb2bc17105","flac",NULL
"23113c96b9ebf60993a8f7d02801a3c5e537a99f","flac",NULL
"8a3555831f3e04bc69b6d984029535352d615815","flac",NULL
"c4ec36b245652ab81f1ed28a59898b11e47dce26","flac",NULL
"70b62be2d0249e2cd5edb8f1a13ba6fd7845941c","flac",NULL
"1afb0f36c88cf396ef6867cadbaa7aa8ca79a8c4","flac",NULL
"cd86588e65eaa1d2db89fe53be4fc5a9226b2ff1","flac",NULL
"d96b13f8392273895b752e1d5a20f37c0b7156af","flac",NULL
"8195ed829cab00860d93821a2674d90def083a08","flac",NULL
"2a4bf9cefb4e8b5e995463b62e50c5257d8b6dae","flac",NULL
"a2b8ee09de22ead52070798a028aa8890b211709","flac",NULL
"678383498684ecf13eac81c724502c78b440c0a4","flac",NULL
"84d85b03bbaa17bd689176f6c4b05686dd532873","flac",NULL
"585bcdbc71153a08a649bb8c5379e349d003cfa1","flac",NULL
"3ab3e49b882d54bdda203aa4dff1e60cdcad0066","flac",NULL
"7b8238875a9e768f89f75ccb5e5c658515f725c0","flac",NULL
"1bb71fcdf9172f178ffff665d144c98c248ca02a","flac",NULL
"60473993d7cce3bae885cf4143893b242f4f5a7a","flac",NULL
"4292015b479f981813553d1fa4df9e979d3db3f9","flac",NULL
"888eebd2d07e04c62fceb861b58b38431c2c270e","flac",NULL
"ce4991ca40a0b863f9f232e9d7c2495a322d2e92","flac",NULL
"b602b580145fad15cca6a0a35ce5e06ded2fc6d1","flac",NULL
"71332f6d4f7f818acfb43f9c41d32739376c83b2","flac",NULL
"6a907b06e32b0ac616329d033422a0234dc6adae","flac",NULL
"8a82f57493124cd38b8e1f3b6b1a3135c648a889","flac",NULL
"8e8f8ee3755507520b4a9e1da04333b70fe95a76","flac",NULL
"7088d038bf026c7504cf85fe056e40017358d0df","flac",NULL
"6a9c7476a1431bbe07d673a728c48d6a60f14760","flac",NULL
"c9c84cdd21fdb56b56dfe792f59cdfee0736b592","flac",NULL
"c02869b001955c236cf84a0b3f63a0f91dbbca80","flac",NULL
"5ae2bca63b7136ce02968731d9aed2926f424aa2","flac",NULL
"b737acdd7ca28878c675e333e1f78b6c147e8430","flac",NULL
"3f0f85b3a8d195e07de5d7a92810b3e22ea93060","flac",NULL
"17daa461257750ef123f323626babaf61afd526a","flac",NULL
"527bd8bbc486e639011cb07a656fb7c9a19103cd","flac",NULL
"874340a9f6f328d4c9835b08216360aedcb17995","flac",NULL
"9351a0c8c440d46f8c145b65c1b7c95c9708f11d","flac",NULL
"91aa947a8c6bea943b6107de4ec4f3ca3998efe1","flac",NULL
"8b8df43539ff0199a43c051c14139bd765a8a568","flac",NULL
"87b8dfe5b0eb0b718a6b438721238c21b7cf483a","flac",NULL
"c062ff80864dcbc4b26ba129a9e2c60c714e1db5","flac",NULL
"ee5f74787cd3e1b9b5e0c4e009cf831f40e07740","flac",NULL
"72c2cc11cc0fe387f05c2bf939b89ac451068a67","flac",NULL
"12c27864edc3bea7d4ca11bdbdc6514c0b164571","flac",NULL
"1d8b7f88b429bbea19ae847d2258b24a265d9898","flac",NULL
"ff2326555155fda656f726ed07c89a2801117387","flac",NULL
"f0f4f7b74d62f6360753ddef2e9aee30081f970f","flac",NULL
"f4e3f83719d0539606a1030b0520964d028bc1aa","flac",NULL
"7a4577921ed3ae1ba92a8673519f4f269b5116f7","flac",NULL
"d315310b8d297b5448ada26b503c0b4bab6cce2b","flac",NULL
"e1c77125f824ccb4629ff8fd8862a327db1b5e94","flac",NULL
"cb897df7e4284ff357b268ac3fd66cb62beeac51","flac",NULL
"b1ede33c71e9f8e224df0c36a0047333deab4cbf","flac",NULL
"e832879e2aa5c9d6b5b89f19736dba0ffd2d8022","flac",NULL
"e6f483ecd86125da4eff8d8432c038600e28e9f0","flac",NULL
"f3e29bee8ded5cf7bca3fac547899b0c48d92986","flac",NULL
"36abb9d67fe79f38f173586787ceb0d70851116a","flac",NULL
"bc790412001e860f8c7ba1d673b5e36ebe0f7ea3","flac",NULL
"9f105ae7d75554a02756cdb7a761f4ea2066084f","flac",NULL
"ff5ad8df1e0377ee2542ea4114886011c9834ddd","flac",NULL
"c2135465d4d4183c6d08aefeceae135f78511d0c","flac",NULL
"cf51d74b2fed1c48df0be636c316b4b7c1ddfbf4","flac",NULL
"5fac99e0264b790941bb9e484016da1776c9eaa5","flac",NULL
"9bf196d6d99eadbf7b974a3995ea3bc5f42f3ed8","flac",NULL
"d04aa735fb7d257e9d6418fc458d87afb5026b6f","flac",NULL
"37167c6394b321edd94d5a35c76be600ba791345","flac",NULL
"4d862c94e42fa916b65a67021ccbd76a59c8b877","flac",NULL
"3a47230d9413827016a62319f2a7bec4843c044c","flac",NULL
"ec411fd63b590fbc358e37cd03e1c5e0b2ae2ab7","flac",NULL
"32a4962b1776a660bd7fa809ecd9af51385dd843","flac",NULL
"d6b8393916fe82ca35e006367833c9cddd48f977","flac",NULL
"d517b283de7cf0d99dfcfade1de355b81fdb4bb4","flac",NULL
"4d1c979c63b45e50a9946db8605a7b1dfe80cf3e","flac",NULL
"8f1ec4f45705840ce74c5a8d23307d669e3f46e1","flac",NULL
"bcd75672a6aa9d52c41575c89f7bd175eaa5c26a","flac",NULL
"96a09eb211c1e366d591810d916a0b2b63f7694a","flac",NULL
"afedf2333c734424d4c0c403dd693911c2e41e11","flac",NULL
"839fd57c99c8cc5acaa767305a4ea4d9e2daeb18","flac",NULL
"d02bf81675a787c702c77422c7ea831f3b113085","flac",NULL
"81f8b4d1a306ffb2987bc80cc6ec63edcccfda3f","flac",NULL
"59f75eb31a9c73f241efd9479bbfa117cca5f4a6","flac",NULL
"9d5a7a6abfc0ed3f68305fa4a8144bdc10ce01fe","flac",NULL
"112e7acdfd5744630f0e2ba7738a93a7bcbb54bc","flac",NULL
"abb9dd3b7d5a22638e5ad470c70d43519217c61d","flac",NULL
"f81fc3d182f8ad14162b89d07e3e4acb2932d814","flac",NULL
"ca81f0b941cae4315edf905e910f0d9f19b3a8ea","flac",NULL
"8814198c9fcf8bceaaf446f1777430b2794a1303","flac",NULL
"9fb653263a7e4b3e8ab2623420bd28c6281f76df","flac",NULL
"301aa70e7db7f0531c8d8b930d5d113428dae96d","flac",NULL
"ce36fc2e1141231110af47809df46d8e19bac759","flac",NULL
"88bc8ecf13bcfb763f9e1f8a115e8e9a50a87d34","flac",NULL
"912031c3c89db5f0fd774650b4f18d72b0a97782","flac",NULL
"a445eef21bdb2953e5e92223c821ab309ddb06c4","flac",NULL
"729157d51bbca216830322f568e96b657fc6611b","flac",NULL
"9257f0533eb13705d8beece3caac12af7ed16f71","flac",NULL
"2cc893516905d023d22d6a6b9f9874fe12d990c5","flac",NULL
"7946152eaf8b99dccac939785e76cdc832fbd3ad","flac",NULL
"ffa4db74df2557a6225d1acf5750d3f7a52d7277","flac",NULL
"dff1f46f5751cc8a30b1b051e7533fcc9b062f50","flac",NULL
"359bff620052aa435780b5fc154691654ecd8f61","flac",NULL
"8fac7e49cd8b98cffed6d8e8b26507a2e955fd80","flac",NULL
"392178656491fe805fa78d3aa77dc08a5f4ad000","flac",NULL
"80150b4e51bdf6a99bfe1dcb87605d2d9afb0abb","flac",NULL
"0bd2cd4a5e7f6a7d738967c3d2d76f51e495146b","flac",NULL
"9405e82ba8cf4eb69b31d3de50de2b981050d2a9","flac",NULL
"1e3fc640cb8165396ebb84a629c1dc10600ab8a2","flac",NULL
"7932194f289b4e9495f4abe87af367f5237c6787","flac",NULL
"56f5dbdf67daf71ab2bc3d13a906980ec253d5d6","flac",NULL
"4ce61a75cccac94cba2d64407862296585531b4e","flac",NULL
"6c7919703042e5c83b420e2ede0f9f65ea8f8606","flac",NULL
"7a18a1819295ad1c400e626026a87f579bb4bf64","flac",NULL
"be68e0df3f452dfeae1b86571d231ddc6b0ccb23","flac",NULL
"6b28377472db462de7debfaf626744cdb1847151","flac",NULL
"64e491d8f63e79976777ed6c8aef8590d522f7a3","flac",NULL
"55d1b3bd175af0de7c9a1f6380b40c920d4fcdba","flac",NULL
"fc8c06f38e00b856e7d7d6c3217b1ee9c746e3d8","flac",NULL
"c61bc48c0d6af6c05a5c28d6b4fa18eea0e9d2a5","flac",NULL
"7849958a270bb8d6e1371d40a8daef947b6afdd5","flac",NULL
"3b0b06c5e7594ba6808b7606f710bf1a7606c5b1","flac",NULL
"520d21939b07cd57a95f84be354f4eb6b37ba3f9","flac",NULL
"81d47ae33735618339c0a97e2db453894cf8ca6f","flac",NULL
"ba60aa02963c6b5e0d11b27081996431b7549d3d","flac",NULL
"68adc07bc63474a4d5afeb27dd14a8abf75e4209","flac",NULL
"8cec579862d94afaca5f2c2d8fd9efbcd81c3615","flac",NULL
"4ed21a8f5e3e27c4ec3997b9fcebdc031a149464","flac",NULL
"d34f4827e01e33cbff6e2a3b010836e41b1d1e5f","flac",NULL
"e68816f12a6f77dd71478cf16e370e337d02c29c","flac",NULL
"0fa9130d9635b0954fb34eaf1f822121443bee3b","flac",NULL
"c8711adeb3ce3eac17b521d314630ad2385280f1","flac",NULL
"cf2dd53c00de5409dad169f4835e8e4fc7e5decb","flac",NULL
"1ea9715817a987e6d2050fe49fb6f7e3344a21c5","flac",NULL
"4c2aa4ae993b8a57d3ab6bcad32a0194ecfc2f79","flac",NULL
"44893546bec8a331da0c825c665f9f081281b3cb","flac",NULL
"6424e617f2b65cb619ed3dbb60207cff123e501f","flac",NULL
"25b179e7f54b253e25fa9bb97b8533d574635ffd","flac",NULL
"af7e6e66fb531201c260e0cb4c45b44f9de4e1e5","flac",NULL
"7ca66e638f7bf5c3596e1b1170180a5c6a4c8d10","flac",NULL
"55bea02cfc7e567488788d9c079de12a0f5fb47b","flac",NULL
"efc6740439bcb5f8f847fb9cf0bbf8d3f0da43eb","flac",NULL
"be27960a8dbb4a8a0a056a49bf4e66e57c7d413f","flac",NULL
"cc45b9a3c6860f217825f8c4519ae909acc55e22","flac",NULL
"2426a1e0c8c5e4a4ed0c9643a6a7de6d24d7956b","flac",NULL
"e70599e4787c98338806f70af20974d817481e35","flac",NULL
"75a2846cee9d06d43deebdde828554f6082e3837","flac",NULL
"b49af359ce0816a0a9cf249b78e68d5f9f5ff4bb","flac",NULL
"adcc8dd3a4ebcc9bef1d4552b4b4e8006ad465a9","flac",NULL
"a1bb4c4d8625eeded84e6dab0a886af7d5678e7e","flac",NULL
"50bd350851fcf961a5f52b6a3eb55888ba571fa9","flac",NULL
"35032f88458e8722fa9bc6e2e2333bbbe995d54c","flac",NULL
"28bfea8f330a6a20bcaaa7e8424a63d911441b98","flac",NULL
"f53dd5b5924f498cc594f8c3ffe200f61ae07b08","flac",NULL
"c7c2081bf7d13242e0c014af63546bb45d92e91f","flac",NULL
"756f89cb67187ea99dc43c34a8d8b0218b5e74aa","flac",NULL
"54427adb6bd5b2a452942bf3c1e916ae03324843","flac",NULL
"ae545e257cb8b2d88bb04a35fc25eb6bdc990b44","flac",NULL
"5011332cd648185253f68a8f85505607f6464a72","flac",NULL
"fb8eaf70e65fd4717fd823025619389942885a03","flac",NULL
"3712ddbfacaaa7f461a1bb33da245c806a1221b1","flac",NULL
"ef54008a822f83dfa4a66ceff2d1504a3dba0fde","flac",NULL
"f64db71dff620c0763031e30c1795888389f61f8","flac",NULL
"24e4da9665c3dbf2adcd6dd87937d86e38e65e7f","flac",NULL
"04de25fdd5b4fc1fe1613419830a77f64752038f","flac",NULL
"bf3cb489c708e19c3164312a5e4e70fede3b3439","flac",NULL
"28e4230fdb1379b5ea93b280088febc123002177","flac",NULL
"f5450246e4e78e55d8851920f9d19d646e9cc703","flac",NULL
"65f6cf12d03971ffd9f02b7aa91437e30ed65068","flac",NULL
"c68399a3e3d81fa2087775d3813a2588907155d8","flac",NULL
"f3b7f934686025a5a99145ce8c03075397027586","flac",NULL
"c82e92f712f6f630c95a4ecb6b2702412b1c2ba2","flac",NULL
"df780827bd94af34ce683868b65779aac6864121","flac",NULL
"5120223495da02895d9dde6174fe77a1b9d73710","flac",NULL
"b85aae82538166477526ff0579afe15a7511b292","flac",NULL
"7272426a5b0a2318342d189a05e0619ab298e462","flac",NULL
"4331382298034d5df744ac43146a55960d32296d","flac",NULL
"e7a8ee1bf5ce4f4d35683ea00c266624fe45ecd0","flac",NULL
"989b566bbd54fd342f9b5ec51c31cf1df38b2fad","flac",NULL
"7ecdfa5f9589f38c649d52aa32db5d3c846ab3e1","flac",NULL
"41e1da9a9a436aa9e833124c2794095a374c7a30","flac",NULL
"a5a141fc17b33145a7579a948d853c7048ca01bc","flac",NULL
"2c756b8cc3244c26695a3e38369252255887ebef","flac",NULL
"b6ce2393f4eb1e3294b6a1c54578694f046f9dfb","flac",NULL
"6528c00c9b1f7a9ad8dbf8d3cfc7ce8571e0bead","flac",NULL
"e8eee4c1cd9f2aec6e5b189a6b695605ea59a151","flac",NULL
"6e02f67da22699d5b40c8e44b23bb7359f4d0f94","flac",NULL
"1b5e87fcf00621891748a1facc0402afeb32bf0b","flac",NULL
"8adab0354e8b951b18d60b1fc0e9d871444854a4","flac",NULL
"ac630f68ab71a0ef62c5269ca7416d48bbdae2cd","flac",NULL
"582d70f3284f94071eb4da625f25322013d8e4fb","flac",NULL
"ff36c9ba0581e36ad191c4162c3a8d13b98aa2ae","flac",NULL
"1c5033122b8800783d625632a5c4d71b2f1f6832","flac",NULL
"64cf336d815771b0bdb599c324b68a69893daa80","flac",NULL
"0c6f29c36cb1e121220429621058966902a8841c","flac",NULL
"f71067200c6e75f8b0aee3c72c4a8181854c1068","flac",NULL
"9ca8413a09e155b8e8e59efabad15d497def9aef","flac",NULL
"874300ffa60a5fa4923037d95ea6765a7c6cf5eb","flac",NULL
"53454bfa8f961c08d8b44dee226fee534a18dbde","flac",NULL
"dc2ed55c52b3a6be44b31c80a0299becca1a9be9","flac",NULL
"927bf5e461f0963a9c73449e874d992ae03821e8","flac",NULL
"bde58ae2d50cdd6a8740fd55a65f44bfb24b068d","flac",NULL
"fdca461c3dece53da47be2d977068a8996983c85","flac",NULL
"262368a9e76eec5d7b9aad284c9e3f0ea4d3aeef","flac",NULL
"3379603ea1d485c01145af8703ae23b4e23dc9ec","flac",NULL
"ec033fe42726a4d79ea1b6c614c49125001dd10e","flac",NULL
"d8bba01aef418133880d9bf0992cb492dc13ab9a","flac",NULL
"a2c664d0fda2c84aa3b3d5c6179829090e907321","flac",NULL
"2eb9c7a4052134fb44268f3c853faea2e38a6226","flac",NULL
"15bd8a9c97abb4f7b77add13b5d1179b0b958cc2","flac",NULL
"514b9f2d76857c63f4fd4be5144acc5ad78d07d8","flac",NULL
"e28af0323c71d4bfb2ee9ed7c396a02e75a77850","flac",NULL
"e20c01298788bfc948172afc45d0c024bee97da7","flac",NULL
"0b4e06e570daeb5ed64f07133d527842b85f6192","flac",NULL
"177b0d81d90a00d7ffe3fccd8e502a7697b9f1c1","flac",NULL
"d75545df5ee134af006b6a631e3899c9b7499f65","flac",NULL
"2a6f75c0e6aae7bfea38b298f59658d504a1ffd0","flac",NULL
"74aa760f006eb79e967c8785d31142ca93a2fccf","flac",NULL
"ae9e15bd2443325a258941dadc9ed06e290b5489","flac",NULL
"f5852551fb32db1f0cd92ad3321d557d8f229a7d","flac",NULL
"03a08a1e61f52f8a03b3cb05fbaf98288fca2bad","flac",NULL
"28818997b772fe86a3e3c9d80200114b88bac1ac","flac",NULL
"3cb65a49cc5038c1ca853e2484cfc597e4af3653","flac",NULL
"8f4c94d71bde79a224a3707c3badbcfe8444a2ea","flac",NULL
"fc609af81d52679a28afb1ba8bbf6559abab6b52","flac",NULL
"5729e693f28c742130c1724ae2254bc9a571b62d","flac",NULL
"0e075a52080d7ac50442799910687bd7d3600e11","flac",NULL
"8d4858aa475d769cbd0c0fc847093d11ae681de2","flac",NULL
"ef4ad6e0d5bd01058b46cad1650bb609f5d3cefa","flac",NULL
"166c651815b411d9cf8359e8bd652c5546ffbf81","flac",NULL
"fe85ae639bfdf80e3aacd58705a5b8e5ba6366e1","flac",NULL
"2695f6fa0b2b9fdd28abfc2ddf550812c1e12001","flac",NULL
"c30fccc017efbdbc07205f0c04b8895808c9d359","flac",NULL
"3be1b099dc1b61167bce55223b17667c7b61f775","flac",NULL
"d97256d7dc4ab39b1b77abe25370e35053479d4f","flac",NULL
"46a25e0d5d6d95acac2b2dae5a392fde5de64461","flac",NULL
"7a8e7b91b119d7ff4fcda920e2954eb3fd12a2b7","flac",NULL
"53e3974acf2c147fd518e120beedd216062cde24","flac",NULL
"68ff4b355f594b46e1a1c8b872138dd209d6a3a1","flac",NULL
"0c71cdc03ff45aa2444e41b67945cd2c5c5df497","flac",NULL
"babcf160a2e8a12b594b567badee45da84105a3b","flac",NULL
"c202c4be2b81568f5fcbaaf7e9d563097196f98d","flac",NULL
"e3433c4582f4bf9f172d34fdd19aaf4af38e1c60","flac",NULL
"e57134a83e995b7db5242baf58866603b374facb","flac",NULL
"0c6572db8926269592382578279ff3ea06737b31","flac",NULL
"c48c7ba2ee05671596fc29d710e7a750e85b2aac","flac",NULL
"42684a0885214cf8991afb67e39a75cc7fe1f678","flac",NULL
"5023c7e1693b4bb432594d29e64f0f0c0c1faa25","flac",NULL
"818f938d10ea737fe33b9be1a7f5301b68607497","flac",NULL
"6086d4596d24a9d89909b35a8b712d5b3af617e9","flac",NULL
"4d47aa534cee465c6eecc2e0972d591a9969c8de","flac",NULL
"7839d7c59bdb805d1fc30f743410d7b30cb23a1f","flac",NULL
"5c644e2278048db4a81c1a8bf6b50c4b89a9d788","flac",NULL
"01960b23695bcf84c3c47d055aee939cf490402f","flac",NULL
"f13975e3fcdae69c72137fa09ec7331ccd3230c0","flac",NULL
"9ddc05d995c32b711b67f93e41d029b2f30db1ba","flac",NULL
"10e0bb4dc4e60126a99bf4db427689cbb8758cff","flac",NULL
"e0b670e7de62cb774d1ea50ff1592a66101a96af","flac",NULL
"38cb1a8b5ed8bbeba9f8932d50a77b451dfc7927","flac",NULL
"433ebeacd19a5ab26470b95025375c279350cfc6","flac",NULL
"f67f1bcd8dc46024e4ae63e696e8756716ecacb8","flac",NULL
"e1848f853476407e9ecc2f97f750748f2bc5b073","flac",NULL
"170d8d72f7fb399bf7a5a988b7de8a7a3a948ca1","flac",NULL
"a62ac89c071b84f2a0f091fda88e822bd121feef","flac",NULL
"a8195c56241d360a0f5c871fffe8510e2e2a8899","flac",NULL
"cff72d60560dcea10e8fd49cdc1686fa0c76e12b","flac",NULL
"e3bc9468f86cbdac1b9a4f57d01c58a18bd59ae4","flac",NULL
"352fa07e7d22372b37c49ef81ebc748a097e1a2f","flac",NULL
"db8403771c707c9494def441fc21dd2083e5bee7","flac",NULL
"6b60f33c85c7b9679da9b5a6e0667285f757a508","flac",NULL
"202a7dd81cfebf705ec0fe9c830d5aa503170919","flac",NULL
"5ccbaa7d11b7aa89681f78f67d35c94bd2446268","flac",NULL
"c5c890c3084ad10d797cf66578b478b4aefbdacd","flac",NULL
"2323a193a132ed6f257e6335d98a6725f20ce991","flac",NULL
"fdd442e4a9c0c0755d6598aa453a5ab7b3b501ec","flac",NULL
"a243652b89aaebba901c3a0ea8cf1688ab4038bf","flac",NULL
"f06337b4ba9bcd636feb5729408dc038b9844289","flac",NULL
"2cc0cf22b66cf2139c7a125284618928cfea0766","flac",NULL
"ec49df4930a48411f99a71d1040ffa365ae088a4","flac",NULL
"d81dd62a7078025192e381c8c751882df2765774","flac",NULL
"ec2facb36af5833c93736e55bf98cfe4954e9dce","flac",NULL
"98930334070c997eea0010b04478d63c01bb60fb","flac",NULL
"bd8325813bef728bd16b433b6213fc5336b98ce5","flac",NULL
"c2c0bb0ee5b0db0ec3219a9ed409b2cc391e3580","flac",NULL
"fcdb869210dd619f6ce418e23b25bd3013ebf2f7","flac",NULL
"1a048c36a4b3666ed89c20fa5ecdd74f079ae1d3","flac",NULL
"9d5ee1248acce3bae9f6b601750badc56fc49fd7","flac",NULL
"feb68b9d47c58477b7767270e67493e7dfc83fca","flac",NULL
"d6d2986b743374aa0dbb992f3c9489606bd3450d","flac",NULL
"032962067b378ea138d1d3c5be6492587c733abe","flac",NULL
"2545dd3846480b4d62e59403a799dc428872400d","flac",NULL
"24e8a0f1641af5a07c40c99cecab118938d6bf71","flac",NULL
"e9edd4d51959861dda6aabeeb7d4cedce22dd5b2","flac",NULL
"e7b70fda121ae9242296685f0aad389251548b34","flac",NULL
"48987d23849d7769425706f202e3d7c0cb11f96a","flac",NULL
"e9bcf4e15b336f9d706878936b049341364f88d5","flac",NULL
"ae81fc246f6ced68e43103f702b266e4fb5ece21","flac",NULL
"e051b30319147876254ee6f25b9b8723c90e4241","flac",NULL
"2ec481fe2cde7a388f8c8c426a83119f79269761","flac",NULL
"d8d778253bd506633372ccb928df92fa6abd2a8a","flac",NULL
"2c21573f867d61e0d5d6e3d8f3973fc4ac4b8d7a","flac",NULL
"7bccb15455ef0080d75f6fa4b8cae41378eb05b1","flac",NULL
"18c9eb40920db95dded567cdedbf776bd598793b","flac",NULL
"eebda4e36e4545b04a45b01f71ba9a1fc783a8bd","flac",NULL
"15705e034d6ecc772829b4aec0b0d4869187ed71","flac",NULL
"3eb0f30a2639ba31d0504275715e3958b500cf32","flac",NULL
"670b52debf064696e914d3e0573225dd990033c5","flac",NULL
"54f1e592398d74e211319d5c6ecc664f54215083","flac",NULL
"b374f9bf8e8e12d957503e0eeba40edb2b7dec26","flac",NULL
"6f17893faec1afa579626343c69678ffc657f68f","flac",NULL
"3d3064cff5696f769e6f297f89c5444beb40d387","flac",NULL
"86cae37814f28755216c6ce97c742952c566ba5b","flac",NULL
"2b88ae6bd75fbf79429747f609704f72c846399c","flac",NULL
"3aae618616b029858ed84dd6e25d7a13584cc3ee","flac",NULL
"ede66041436ab26b68872f2c703def71a78bd805","flac",NULL
"d3abe1aa2780d2d48a264a239b5ec18f60528cec","flac",NULL
"12e40ce1191b408398d23bde0ed06f0ec96e3f2f","flac",NULL
"8a6f75f6f3831431349637864409134e82933be0","flac",NULL
"b0d47bac2e05845723088e42d0766833860ab186","flac",NULL
"5c5e589809a952f03f8e154b582272a594957c4a","flac",NULL
"746ba64c6fbffbd1ed986b3b1d5569f2d2477ef4","flac",NULL
"4874b0be75d98db96ed933fb47fbf931db93413c","flac",NULL
"fccee36acaeb9a2069697c2fdc5230878889f0d4","flac",NULL
"b4caa2e8420005773c1aa80caabc3deb01e2a93a","flac",NULL
"1248c4190fbbfda341c83eef012abaf8c95e78de","flac",NULL
"c4b88b7f21acb983f93d42bf84a9e4ce998a39e3","flac",NULL
"00cc65793e6aa08c65cacc151f04e0cc069d1c16","flac",NULL
"558c2d1882660e0631dfd63e66991988a88ed0b7","flac",NULL
"eb14dc25e7cff58585bac730b8b12457115a10f2","flac",NULL
"6c6dbb934a112c885438e265d6e098260e0c8fed","flac",NULL
"6a38c978fe6e129781117b3b16f9aa36d02c847a","flac",NULL
"71ecdf61d296566bf6a3a03cf7a2b6836ffcc426","flac",NULL
"a1ab5c6e15ce198949fae663b590fb390b79fddc","flac",NULL
"aea2762b9f79274dd68426945369c0b128db682e","flac",NULL
"4e59efe3a3785b3d2ea0bf6a796c3053bcdf0e9d","flac",NULL
"02d035a274f558a6141d763d70ed811dd3fe77aa","flac",NULL
"218a5062607d37eb7754093816754d30526ee757","flac",NULL
"a8e1b610d066632fd7a282a4b4c7ecb5859b8887","flac",NULL
"200db7a64da83bd22803f58e9558be876dec89e6","flac",NULL
"c23063524df3aed9ecb9445d8278a41adcff01a4","flac",NULL
"1946e3be50c17a139c95a0ee21d518865db5610f","flac",NULL
"2ab137897a74d16f36f31dd9c97d63dc324cb337","flac",NULL
"820dbcabee31dc4bb9bffe474e1afd8ee4696b86","flac",NULL
"99341ffd21d8f518d0ad06ace8d49c65f4622d49","flac",NULL
"d485b648507a7eb9775c79b4a124cf01e3507d99","flac",NULL
"eb0ec1880f8f277ac9a46f0b64c1e368b2f776d9","flac",NULL
"2326f8d5f3e1bb923b964890a2a855dc118258a6","flac",NULL
"c91843f26446da892bd36274c69256fa6d845b38","flac",NULL
"380caae2ceb08951decb164022e9533d75f3910e","flac",NULL
"17453ea3bc2b777e2025c46310c2678deff8e3ad","flac",NULL
"ae775c26bd7fc56f7f8f7c354b0ea4ec644b1c43","flac",NULL
"291d7e32a3f94ddd373df0b436a821377035abb6","flac",NULL
"6d8af11e60e0c6cab7f1f5f751cfeb2f17b9af85","flac",NULL
"c2627727cb5ffaa7ee8baa36671146e1fa219ea7","flac",NULL
"175b0d5a1f5278b3387fd3a26b4fef3c64b776db","flac",NULL
"6bb9a11000622b6e79f699fdafcadf2dcf8bbd55","flac",NULL
"512042f925c546382d1a51f74d0415e4675743bd","flac",NULL
"3d7d958fee3d4ed5ed3852f0e5672fabaa98a978","flac",NULL
"f140225abdf676e505a9783c3dad0df665827933","flac",NULL
"2c8ca68e50bbd9f83c8a686214be9f260d148984","flac",NULL
"82569d6ba73316539a47497f22c2a6e6147ca2a7","flac",NULL
"aa81745e56e89b9097fd5d8ec539b59bf4669199","flac",NULL
"d02a412a2dd9f74147ed69023e75ef492303a88c","flac",NULL
"fc3ce2a48c1b452e0ef48981f20e005fa3d77d50","flac",NULL
"4c58ddaa2365a9dd37ec50f435aaa45d5258a263","flac",NULL
"19cbdae3d7d4a28a2379d92e7eb08b9d4f12912c","flac",NULL
"17d0fbdd72d6bfc32b67d2541fe8d6148cedab08","flac",NULL
"79c12dd04e24f964bf2387ea4fa87d2735fff7c3","flac",NULL
"ff234d215d948c736067ff4347e39cf4b8dbbbbc","flac",NULL
"68a831d89688dd8086fee06a5a95222e34743369","flac",NULL
"709f6d8b451aa93c45edd7c33fb06682e2e88d61","flac",NULL
"abc460dfec285ce1a94edf832acdbc47b627f98f","flac",NULL
"2ca11505bc0dd5f4cfe08c4fa7a12d7df215019a","flac",NULL
"55c69cef6fc6272100a83fa2de177d7ed80add81","flac",NULL
"b3ddb90425e311429a34bc788d4acb5e6fae4946","flac",NULL
"bc5159df654f49ec3b63308a798decaea43bc9b4","flac",NULL
"bc45851369d842beb15814a7656936c878617bec","flac",NULL
"146458362b727c737907594e9b0ac1efb13eba31","flac",NULL
"add87c5821003e7128b31084e5277c3f6a2c340b","flac",NULL
"99f096d31f069a985b5853e6734496331ecb95fd","flac",NULL
"52e37724474819465f02908f8f0a7f875d0373af","flac",NULL
"dc393033879c61dc22fd39fe963167cd09385d39","flac",NULL
"4c8ba531e90d24b6c1cdb19e200c8eddb13a6d44","flac",NULL
"a30c8287b130713900c1349c98cb163f98b20a44","flac",NULL
"8940fa6cbe84cb5d9c81a20284f30f0747f0b70d","flac",NULL
"fd29d9e8089f5a76eb22e5f6003f64b599c98167","flac",NULL
"3083e19d863add93c6466dd7bdc258f067f371aa","flac",NULL
"e848e0d9acb59fc6c9f0251900d7879d67d12bf9","flac",NULL
"4f1cca9d86a39afe788ffcd3911082801ff3c833","flac",NULL
"1e24d3d4ef8fd4caf4598d29778603c2c42e6e48","flac",NULL
"53883cd8eb220236d166d389320343e27dceeb65","flac",NULL
"436dccedfd25484f0384d1e04118718970d83d16","flac",NULL
"108d0fe0ee21ba394ce653890b6c26be712f0694","flac",NULL
"f562c530f475c736edd3444b742e493748a57e6c","flac",NULL
"5bc58376a90b99f482601fa6d22ffae22728bd12","flac",NULL
"ca14e7d481f3ff70a1da50c06de98d870b8ddc7d","flac",NULL
"a4be31e5d99ffbd0f888bfaba7f9546e9abe3527","flac",NULL
"5cb2f877bc02396d42639175f8aa8df16cea9892","flac",NULL
"242495c298916350f72cab4e356bd081e1b84396","flac",NULL
"dc15624c80c79d87b9dea99a21ae2125e0753db1","flac",NULL
"190e5bcee7f6ace1f4dbb8ed9531e41394716c2b","flac",NULL
"bb6344b2b768420802466dd0fb93890e5bb4e749","flac",NULL
"d27e9b796e7b6cfdc43cea0f009e41a0796713f3","flac",NULL
"b9cca3f486f3e16baa894e9bb4c01256799923de","flac",NULL
"eeee6c4d4beab143bcb249fe3864e011de5045e3","flac",NULL
"2c296e432d84d3b0a4da1a5eb8d83981f53a8c51","flac",NULL
"ebb762c3c66dd4f34d98fffa82ef1e22cab60e14","flac",NULL
"2356cf078bffe7543791f24cb928d4c42f97c784","flac",NULL
"fd41e6f0d705b63ebf850573f59b22c5d2ae2e85","flac",NULL
"4b3be4ea5fd34ffc801aee05e0871dd50015291a","flac",NULL
"13dc81fdbe1c9982e3061fb914d2a875ece8ddaf","flac",NULL
"6d21d093489f9daf770df0d1cb18e0f198a46aeb","flac",NULL
"8da0f5ce657209f3f2076e7560d651a8c1c959eb","flac",NULL
"e8948fe593d4e1931c50478bc030ac431723aa2d","flac",NULL
"00460f07ae101c2a936c07ab1b9b96a55b8287f9","flac",NULL
"c61fe29860068019095381f8f2bfb9f6cbe02ec0","flac",NULL
"dbb145ea26db308ebaa5720dba93923ba5cc3861","flac",NULL
"5f022869dcbaf87b4ba78fa24782da2815047264","flac",NULL
"2a26a900a65f7b8ab1c784a0ae0b333a92baf9b0","flac",NULL
"450a60a95c62844f981932069557b69d4fe11d2d","flac",NULL
"37c2f6d5b91e4bd2a1eb86abe6158470f677c9c5","flac",NULL
"2bcabb86f0df2d99a2b809bd915b71568491f5ca","flac",NULL
"1254713b339d1cfc0ca871bb03d0e26766e70ce4","flac",NULL
"e2a299c5f8f2ff364dcff253a30e3a6deccd83a1","flac",NULL
"2d7f425f9346cebfb9dd190d97880aeba8853717","flac",NULL
"66e34181ce4efb1c244d93222edd51bd6902932f","flac",NULL
"ef19cc6ee797c0ddd1ed9d2f3a8336f42953ec1e","flac",NULL
"36184815def323a4a632a6274714e9eb285f9fdf","flac",NULL
"2d75ca31898b3354258204fa8e597ca19b33eeb6","flac",NULL
"368621f793c6c7f331a494b86f9d2d81a5cabe45","flac",NULL
"d0bf7d59b89ca6a6bd0bbe2fc5b0c01b7cc9b36e","flac",NULL
"25ceea5e45e5ab3aa8f37de5d57b4ce1a0324898","flac",NULL
"d8c36934df14b736839b33acf1fb9b995431dad3","flac",NULL
"fccfd5c4efd00920844993b2e6a3146602878b00","flac",NULL
"58a1f1ccc72b3803204570bdfaac48b11c636bd1","flac",NULL
"b3b0b1f7cfc3a83cb8d2ed821742e0844ac71d3e","flac",NULL
"cb074b40e041151ac1d36165f334e5066b51f96c","flac",NULL
"713d354faedea5f0f9209b31db944f2eeacd24f2","flac",NULL
"baf21f185d4f1a411754cbb19562407f8ac5533d","flac",NULL
"6521286504af3ff39ccac88be48c810c352ec0e1","flac",NULL
"efa60c0d77b0e5bd3cba04adbcb293601f363504","flac",NULL
"aef1e3c4a18036d8d4fadf5a61679b8788f489e6","flac",NULL
"a3eb70d431f64f72efd7d351787fe4c3545423d0","flac",NULL
"bce54b805079aa840fbc9f11970f07a76eb9903f","flac",NULL
"fb8b1804c7ff959aaf08fdd890d193e956e7968f","flac",NULL
"3baf9a40eb8440b679507dc33cee68f7409e035d","flac",NULL
"27f71dfaf221f81aef597572918731015259dfb5","flac",NULL
"1fdd95f87acd9c8f2d32f1f63fae1e3a56ec04d6","flac",NULL
"5d41f097d94b443b63b325a73970d5bc19e6983a","flac",NULL
"779731473e46a272bc964aa6051255674a1ba820","flac",NULL
"ba9558cb9423ad7a432d9543e19e39fbdf555713","flac",NULL
"57eceb668b45c94f8c5deeb2b0e4c6d5e3d83782","flac",NULL
"6fb45e4e0254146d793d7607b9881000b82d3403","flac",NULL
"10100aa596615fb9315439e37d5900dd4b6f4c9f","flac",NULL
"2109f56a09023b47b4c8a9e9c58ac2e7ee360af8","flac",NULL
"74423752c12934901131e3a521af1326f71fcaed","flac",NULL
"54ee1515d46fed0392db2db017980d1e0a8abb95","flac",NULL
"4e07dc909cc52417c8f3843bf5e88aa09727de02","flac",NULL
"ea7dc0e26252b395096cdf8aca846d5365d8dfe3","flac",NULL
"38b3c2593c9a37c7b264b17940ec4d28480630d1","flac",NULL
"5d5a9b76fc0be6dedc1f98ec10680340142865c2","flac",NULL
"bf710bf8d744a55f61eefc585e9ed00599d0589f","flac",NULL
"6ae7d156b9f02bec88fc02ff9c303a389c0f6be0","flac",NULL
"e11e512233e07e9d60731b0350dfdc5945b3d9d4","flac",NULL
"0826ea699075ce85e15a2b5db9d614dbf8ead9d5","flac",NULL
"2c3593efa5e63373a793508711183f1bd6d9fdfc","flac",NULL
"d486728912d57fc52ac46dca7845d56c0bc3a776","flac",NULL
"e8524117bb7107abc7ed5b7a389a332d859a8c89","flac",NULL
"5b995b199ffc6f96fe7b84d21111a182111a3959","flac",NULL
"03fd1c8ee3a0447e255773701ae7cef16eab4708","flac",NULL
"48721343997fb4245c98e06667e1970b5ba0530b","flac",NULL
"520040d416a35c04921e32eb1ed0e2cc28cf2605","flac",NULL
"5bcb9301f5eb1dea90548ca1b6e4efdd8106334f","flac",NULL
"c9d7129e076ff9ac64691796e2af1ff95f8c765d","flac",NULL
"d21903e2e3bdd4327ecd15fc934d0efa0b37819e","flac",NULL
"9be762848408e690273cf531b870f977683ca87e","flac",NULL
"5f429813bed849ed49916a5dfc05c2cb5d04ca4f","flac",NULL
"527bf10027fd35cd8358e236b145c8b67b0f60a1","flac",NULL
"1d6798f29adc2a09063219d5188113703847b92e","flac",NULL
"bc440ca329e9c1ab012ae9936aa88bf548b30f06","flac",NULL
"a9b9661ed4febbecdc7597af28529e171902e8cf","flac",NULL
"a26e34d05a7999dec148e520fbde1f7e68e7af5d","flac",NULL
"6625d4567f62a5140faa38f761d188bfeedc3e56","flac",NULL
"435d95cc5307cb9ac86d428a4b30eec48e399338","flac",NULL
"6e8fa80204cde8388fa988f1c076e6a7b692c7a6","flac",NULL
"5b655014569100f6c2bcaf5507cc17b4e516a8b7","flac",NULL
"d0e4e1c800a1956a13ec61949efc6e07e1f39b01","flac",NULL
"fd2bc9b13a1295d054e1a6a2d71f553746d0c0d0","flac",NULL
"ee03a4c28cd5f03e1bddaa4170328f76ec72d21f","flac",NULL
"09fd41950c3c53d38e359e5989fb7bdbd30fe3e8","flac",NULL
"ba98759b4b970c7d1d16ed83dd07dfadc592c5f1","flac",NULL
"7ea0c7fd7ffa70fddf312233aa61966d612a37d3","flac",NULL
"2e6687dafa440682b89d342fc4d54fd95b93a6af","flac",NULL
